{"type": "FeatureCollection", "crs": {"type": "name", "properties": {"name": "urn:ogc:def:crs:OGC:1.3:CRS84"}}, "features": [{"type": "Feature", "properties": {"Symb_class": "D", "Crop2016": "Walnuts", "County": "Calaveras", "Acres": 82.47844053, "SUBCLASS2": "13"}, "geometry": {"type": "MultiPolygon", "coordinates": [[[[-120.59842211936525, 38.392954847318144, 0.0], [-120.59754408983689, 38.39328126300238, 0.0], [-120.5969678726844, 38.39315245834907, 0.0], [-120.59657016425359, 38.39272598469676, 0.0], [-120.59638628540317, 38.39248887308994, 0.0], [-120.59623025612315, 38.39194219610558, 0.0], [-120.59550123643915, 38.39180297919123, 0.0], [-120.59528912892921, 38.39182782700242, 0.0], [-120.59538201832287, 38.392065389276546, 0.0], [-120.59580928312313, 38.39239651221621, 0.0], [-120.59532612334924, 38.39266071624365, 0.0], [-120.59532917043468, 38.393041534070214, 0.0], [-120.59551285614735, 38.39325484702381, 0.0], [-120.59612153032934, 38.39351366813946, 0.0], [-120.59639468015948, 38.39353612223993, 0.0], [-120.59703196837823, 38.393580577705336, 0.0], [-120.59757150282607, 38.39357791070202, 0.0], [-120.59763911901751, 38.39364898194067, 0.0], [-120.59803358632676, 38.39367083191097, 0.0], [-120.59842881900065, 38.393787884808525, 0.0], [-120.59885457373291, 38.39392858769854, 0.0], [-120.59891638231602, 38.39407109412041, 0.0], [-120.59910046508408, 38.39433200407366, 0.0], [-120.59910218984942, 38.39454621370899, 0.0], [-120.59874034485969, 38.39480982974085, 0.0], [-120.59798402267928, 38.39505159667321, 0.0], [-120.59749856142165, 38.395030196305484, 0.0], [-120.59688948838765, 38.39472378016656, 0.0], [-120.59594128875749, 38.394122739832675, 0.0], [-120.59532076939014, 38.394107767973054, 0.0], [-120.59510544411486, 38.394102571297175, 0.0], [-120.594669929187, 38.39404446721189, 0.0], [-120.59439620713007, 38.39395060585535, 0.0], [-120.59381919496856, 38.39385823487965, 0.0], [-120.59342320860816, 38.39364596290705, 0.0], [-120.59345144984405, 38.393384000712516, 0.0], [-120.5930571756726, 38.39338593690018, 0.0], [-120.59266328059019, 38.393435473714895, 0.0], [-120.59239032030459, 38.393436812851725, 0.0], [-120.59262953896979, 38.393007202828116, 0.0], [-120.59193178964085, 38.39298682205578, 0.0], [-120.59144653230078, 38.39298919900317, 0.0], [-120.59158947043215, 38.39189360525913, 0.0], [-120.59161279608682, 38.39101281490591, 0.0], [-120.5914844834266, 38.39013276791526, 0.0], [-120.59184443836094, 38.38963116189033, 0.0], [-120.59223926140305, 38.38970063376312, 0.0], [-120.59263029265632, 38.3892940807996, 0.0], [-120.59369041338772, 38.38912226133018, 0.0], [-120.59420179193964, 38.3885961028564, 0.0], [-120.59444440713494, 38.388594908677575, 0.0], [-120.59478542198983, 38.38952151016185, 0.0], [-120.59532845627403, 38.38916180412201, 0.0], [-120.59520467202115, 38.38885298814362, 0.0], [-120.59520181627686, 38.388495971317525, 0.0], [-120.59531950635888, 38.38804315300903, 0.0], [-120.59531779237331, 38.38782894312011, 0.0], [-120.59610609098458, 38.38780125420852, 0.0], [-120.59834987235851, 38.38774255570869, 0.0], [-120.60022953870006, 38.387661825126166, 0.0], [-120.60035487703838, 38.38816104517287, 0.0], [-120.59974987786418, 38.388354467132864, 0.0], [-120.59896234102429, 38.388477384065396, 0.0], [-120.59887251039419, 38.388620641959086, 0.0], [-120.59736686840101, 38.38996101099122, 0.0], [-120.5974931463771, 38.3905792398005, 0.0], [-120.5974668320275, 38.39107921279969, 0.0], [-120.59737584885889, 38.39107966200959, 0.0], [-120.59805492311139, 38.39255203017325, 0.0], [-120.5982975508831, 38.39255082831488, 0.0], [-120.59842211936525, 38.392954847318144, 0.0]]]]}}, {"type": "Feature", "properties": {"Symb_class": "D", "Crop2016": "Walnuts", "County": "Calaveras", "Acres": 2.90500175, "SUBCLASS2": "13"}, "geometry": {"type": "MultiPolygon", "coordinates": [[[[-120.53953631371442, 38.40589219331856, 0.0], [-120.5393065336479, 38.405997947816495, 0.0], [-120.53917697232941, 38.40602080914355, 0.0], [-120.53906989674081, 38.40602437673756, 0.0], [-120.5389735290704, 38.40603151614881, 0.0], [-120.5388307607206, 38.40606363785906, 0.0], [-120.53869992109948, 38.406010175346985, 0.0], [-120.53859876361196, 38.405960131859985, 0.0], [-120.53868222428838, 38.405846155207726, 0.0], [-120.53851667196804, 38.40578167294139, 0.0], [-120.53855593283753, 38.405699580649056, 0.0], [-120.538645163393, 38.40573170391471, 0.0], [-120.53866689633469, 38.405704114075924, 0.0], [-120.53886614985123, 38.405451158274644, 0.0], [-120.53897471933814, 38.405418658974426, 0.0], [-120.53907102682143, 38.40531350128415, 0.0], [-120.53923986068752, 38.40516993504636, 0.0], [-120.5393111527851, 38.405102026736074, 0.0], [-120.53936613956198, 38.40509638806334, 0.0], [-120.53948035406214, 38.40504998831685, 0.0], [-120.5395093516795, 38.40501374027607, 0.0], [-120.53952318393823, 38.40499645113967, 0.0], [-120.53953389185644, 38.4048822357344, 0.0], [-120.53953746086304, 38.40481799124951, 0.0], [-120.53961955160867, 38.40477873015531, 0.0], [-120.53972305908896, 38.40475374529958, 0.0], [-120.53979801092302, 38.404771591324284, 0.0], [-120.53988367157353, 38.404825128668016, 0.0], [-120.53993721026617, 38.40487866667606, 0.0], [-120.53996219421086, 38.40494291321892, 0.0], [-120.53999788697202, 38.40498217422388, 0.0], [-120.54006926979946, 38.40505712571249, 0.0], [-120.54013351641025, 38.40519632484879, 0.0], [-120.54019062321119, 38.40538192328025, 0.0], [-120.54019776122443, 38.40545687576219, 0.0], [-120.5401620702599, 38.40553182887035, 0.0], [-120.54012637839702, 38.405585367058826, 0.0], [-120.54009596503477, 38.40558790198063, 0.0], [-120.54008354672428, 38.40558893608225, 0.0], [-120.54001573290346, 38.40561035092316, 0.0], [-120.53999788607372, 38.40563533618673, 0.0], [-120.53998717905387, 38.405681734853445, 0.0], [-120.5400335779366, 38.405767396180714, 0.0], [-120.54001930191009, 38.4058137947627, 0.0], [-120.53995505619761, 38.40585662571272, 0.0], [-120.53989876327034, 38.40588380227667, 0.0], [-120.53953631371442, 38.40589219331856, 0.0]]]]}}, {"type": "Feature", "properties": {"Symb_class": "V", "Crop2016": "Grapes", "County": "Calaveras", "Acres": 1.19213187, "SUBCLASS2": "**"}, "geometry": {"type": "MultiPolygon", "coordinates": [[[[-120.5345383704429, 38.20023018897403, 0.0], [-120.5345250457323, 38.20008551669226, 0.0], [-120.53437275973207, 38.200087421335695, 0.0], [-120.53435562796129, 38.200007470742946, 0.0], [-120.53435562796129, 38.199950363122944, 0.0], [-120.5344945892509, 38.19994274877025, 0.0], [-120.53451362365345, 38.19993894229954, 0.0], [-120.5344926857208, 38.1996724429686, 0.0], [-120.53449268482251, 38.1996515030638, 0.0], [-120.5345060086348, 38.19964008219351, 0.0], [-120.53451933604035, 38.19962295017876, 0.0], [-120.53469065644313, 38.199609624648055, 0.0], [-120.53479725592463, 38.19961533579177, 0.0], [-120.53480677357507, 38.19963056527086, 0.0], [-120.53487910861669, 38.19963056385893, 0.0], [-120.53489243512394, 38.19964959911491, 0.0], [-120.5349381189477, 38.19965911674103, 0.0], [-120.53502187606819, 38.199723838965866, 0.0], [-120.53506375642503, 38.19978094605759, 0.0], [-120.5350789837674, 38.19982663226344, 0.0], [-120.5350827908276, 38.19999224204866, 0.0], [-120.53507708113565, 38.200016988322304, 0.0], [-120.5350180699063, 38.20002270013997, 0.0], [-120.53502949108685, 38.200060769735956, 0.0], [-120.5350789837674, 38.20007409589, 0.0], [-120.53509230937634, 38.200087421335695, 0.0], [-120.53502568402666, 38.20008741992378, 0.0], [-120.53501045578598, 38.200119781206006, 0.0], [-120.53516654794805, 38.200123587667264, 0.0], [-120.53519890885782, 38.20014262420621, 0.0], [-120.53521223267012, 38.200155948933414, 0.0], [-120.53521413799687, 38.20023018897403, 0.0], [-120.53523126976766, 38.20026254878089, 0.0], [-120.53523507682782, 38.20035391985365, 0.0], [-120.53523698125623, 38.200380569934175, 0.0], [-120.53514370558702, 38.20038247386399, 0.0], [-120.53514370558702, 38.20041293179205, 0.0], [-120.53500664872578, 38.20041483501507, 0.0], [-120.53498380636475, 38.20044338829552, 0.0], [-120.53491147042482, 38.200451003301815, 0.0], [-120.53461261081125, 38.20044909866788, 0.0], [-120.53459738167223, 38.200433870065964, 0.0], [-120.534591671082, 38.200405316781776, 0.0], [-120.53457073135272, 38.200376762780444, 0.0], [-120.53456121280395, 38.20036153486935, 0.0], [-120.5345383704429, 38.20023018897403, 0.0]]]]}}, {"type": "Feature", "properties": {"Symb_class": "V", "Crop2016": "Grapes", "County": "Calaveras", "Acres": 5.27719162, "SUBCLASS2": "**"}, "geometry": {"type": "MultiPolygon", "coordinates": [[[[-120.47343510764924, 38.02531248265711, 0.0], [-120.47366829502562, 38.02516495703113, 0.0], [-120.47384913397717, 38.02503646592881, 0.0], [-120.4739205177029, 38.02485562679446, 0.0], [-120.47417749875623, 38.02490797601645, 0.0], [-120.47410135575613, 38.0251697159041, 0.0], [-120.47428219560597, 38.02525537697998, 0.0], [-120.47440592775655, 38.02529820677269, 0.0], [-120.47448206985837, 38.025307725208656, 0.0], [-120.47457724905766, 38.02506977879915, 0.0], [-120.47517687361147, 38.02539338400029, 0.0], [-120.47546240941276, 38.02555518783398, 0.0], [-120.47548144471361, 38.025593259313936, 0.0], [-120.47539578316477, 38.02594542009661, 0.0], [-120.47548144381531, 38.02599300901308, 0.0], [-120.47555758681541, 38.02604535671478, 0.0], [-120.47558138139067, 38.026083428647674, 0.0], [-120.47558614066506, 38.026150052713575, 0.0], [-120.47553855061624, 38.02624047286201, 0.0], [-120.47548144471361, 38.02626426828975, 0.0], [-120.47544337321357, 38.02631661579759, 0.0], [-120.47542433701439, 38.02637848227258, 0.0], [-120.47304487589655, 38.02592162527296, 0.0], [-120.47300204602044, 38.02585975911984, 0.0], [-120.47310198269747, 38.02560277771157, 0.0], [-120.47343510764924, 38.02531248265711, 0.0]]]]}}, {"type": "Feature", "properties": {"Symb_class": "C", "Crop2016": "Olives", "County": "Calaveras", "Acres": 4.36202414, "SUBCLASS2": "6"}, "geometry": {"type": "MultiPolygon", "coordinates": [[[[-120.5961400113697, 37.92170454878236, 0.0], [-120.59672892800535, 37.92141603933427, 0.0], [-120.5968151842389, 37.921466602905646, 0.0], [-120.59709476959975, 37.9217372658462, 0.0], [-120.59672297936153, 37.921951417019514, 0.0], [-120.59729999870957, 37.92246300210547, 0.0], [-120.59641067466313, 37.92297756127466, 0.0], [-120.59625006217851, 37.92307571284927, 0.0], [-120.59512576490489, 37.92214177522034, 0.0], [-120.5961400113697, 37.92170454878236, 0.0]]]]}}, {"type": "Feature", "properties": {"Symb_class": "V", "Crop2016": "Grapes", "County": "Calaveras", "Acres": 1.31480342, "SUBCLASS2": "**"}, "geometry": {"type": "MultiPolygon", "coordinates": [[[[-120.47014388526411, 38.13927827808065, 0.0], [-120.47026511919988, 38.139322026045626, 0.0], [-120.47020098577681, 38.1395126249663, 0.0], [-120.47019530572929, 38.13958930004314, 0.0], [-120.47014295820274, 38.13965116613038, 0.0], [-120.46998115455207, 38.13968923689043, 0.0], [-120.4691102720201, 38.13920858608188, 0.0], [-120.4691864150202, 38.13896112203694, 0.0], [-120.46918641412188, 38.138799318848584, 0.0], [-120.4691388249714, 38.138651791683834, 0.0], [-120.4691864150202, 38.13864227597994, 0.0], [-120.46928635079894, 38.13871365785931, 0.0], [-120.4694481553479, 38.13882311370696, 0.0], [-120.46952429834802, 38.13885166710285, 0.0], [-120.46953857527282, 38.138904016026174, 0.0], [-120.469619476649, 38.138970639818794, 0.0], [-120.4697574839278, 38.13906105974451, 0.0], [-120.46995735997683, 38.13915623808361, 0.0], [-120.47006205592822, 38.13922762299289, 0.0], [-120.47014388526411, 38.13927827808065, 0.0]]]]}}, {"type": "Feature", "properties": {"Symb_class": "YP", "Crop2016": "Young Perennials", "County": "Calaveras", "Acres": 2.51479026, "SUBCLASS2": "**"}, "geometry": {"type": "MultiPolygon", "coordinates": [[[[-120.47640746404113, 38.178494387865506, 0.0], [-120.47610644397929, 38.17871454923297, 0.0], [-120.47591332326121, 38.17878195509256, 0.0], [-120.47550179065651, 38.178745499232015, 0.0], [-120.47510187326841, 38.17863283097553, 0.0], [-120.47481161232876, 38.178643496024314, 0.0], [-120.4744125429503, 38.17866410866473, 0.0], [-120.47427947910053, 38.17866463333725, 0.0], [-120.47400071030832, 38.178580045210325, 0.0], [-120.4738793811511, 38.17852340026753, 0.0], [-120.47427687668117, 38.178255261961084, 0.0], [-120.47465162956317, 38.17821570368318, 0.0], [-120.4750750118448, 38.17821403503082, 0.0], [-120.47569230356532, 38.178268722038254, 0.0], [-120.47612668931085, 38.178095636879995, 0.0], [-120.47640746404113, 38.178494387865506, 0.0]]]]}}, {"type": "Feature", "properties": {"Symb_class": "V", "Crop2016": "Grapes", "County": "Calaveras", "Acres": 1.30185342, "SUBCLASS2": "**"}, "geometry": {"type": "MultiPolygon", "coordinates": [[[[-120.53422328456037, 38.41171955983978, 0.0], [-120.53407337909563, 38.411715989711304, 0.0], [-120.53401984130137, 38.41171955983978, 0.0], [-120.53402341120629, 38.41137691680179, 0.0], [-120.53404839515095, 38.411284118304586, 0.0], [-120.53406981008905, 38.41126270373715, 0.0], [-120.5346373108883, 38.411259134290006, 0.0], [-120.53467300364949, 38.41132694882817, 0.0], [-120.53475152628678, 38.41134479534147, 0.0], [-120.53486217088202, 38.4113519328193, 0.0], [-120.53538327279854, 38.41137691680179, 0.0], [-120.53538327279854, 38.411630329803785, 0.0], [-120.53537613388697, 38.41166245324884, 0.0], [-120.53510487590884, 38.41170528284432, 0.0], [-120.53499066140868, 38.41172669798449, 0.0], [-120.53422328456037, 38.41171955983978, 0.0]]]]}}, {"type": "Feature", "properties": {"Symb_class": "V", "Crop2016": "Grapes", "County": "Calaveras", "Acres": 2.48247664, "SUBCLASS2": "**"}, "geometry": {"type": "MultiPolygon", "coordinates": [[[[-120.4792152877005, 38.15775121134289, 0.0], [-120.47914803802168, 38.15768636423719, 0.0], [-120.4791327747467, 38.157631853915426, 0.0], [-120.47917364719379, 38.157611416860675, 0.0], [-120.47916472422808, 38.15756977774789, 0.0], [-120.47915151540015, 38.15754936327924, 0.0], [-120.47915541678346, 38.1575363578025, 0.0], [-120.4792351961638, 38.157412699703976, 0.0], [-120.47932171201052, 38.15731045331893, 0.0], [-120.47936102857555, 38.15728424167137, 0.0], [-120.47942051591198, 38.157245574741374, 0.0], [-120.47947107938438, 38.15716229395504, 0.0], [-120.47953056492418, 38.157120653879424, 0.0], [-120.47958707793872, 38.15706711720983, 0.0], [-120.4796267259821, 38.15701991587796, 0.0], [-120.4797434476802, 38.15696155466607, 0.0], [-120.4798690842592, 38.156921580790204, 0.0], [-120.48000614022212, 38.15681307602231, 0.0], [-120.48015461916218, 38.15674454791325, 0.0], [-120.48024599040299, 38.156533252210565, 0.0], [-120.48062860803532, 38.15631434192721, 0.0], [-120.48063061936324, 38.15631145710955, 0.0], [-120.48065657079347, 38.15631916220012, 0.0], [-120.48100880560627, 38.15676670803818, 0.0], [-120.48100538122843, 38.156788404073936, 0.0], [-120.4809712497392, 38.15680736576108, 0.0], [-120.4799147689813, 38.15734988167124, 0.0], [-120.4799147689813, 38.15746980676683, 0.0], [-120.48004190484852, 38.15761107003889, 0.0], [-120.48001835641166, 38.157623314754815, 0.0], [-120.47980717865805, 38.15772741700718, 0.0], [-120.4797387692542, 38.15772741630081, 0.0], [-120.47959302568421, 38.15778392907152, 0.0], [-120.47949487395962, 38.15778690424455, 0.0], [-120.47941456816649, 38.15778690283181, 0.0], [-120.47930154303576, 38.1577779801378, 0.0], [-120.4792152877005, 38.15775121134289, 0.0]]]]}}, {"type": "Feature", "properties": {"Symb_class": "D", "Crop2016": "Walnuts", "County": "Calaveras", "Acres": 2.16093253, "SUBCLASS2": "13"}, "geometry": {"type": "MultiPolygon", "coordinates": [[[[-120.55029639078148, 38.411081386017294, 0.0], [-120.54976854341548, 38.41108378911777, 0.0], [-120.54969890242141, 38.41151254277784, 0.0], [-120.54997192828401, 38.41151129970511, 0.0], [-120.5499547821402, 38.41165419098498, 0.0], [-120.54977276459901, 38.41165501875997, 0.0], [-120.54966397592315, 38.411712639196246, 0.0], [-120.54940841241134, 38.411613832015604, 0.0], [-120.54929624786665, 38.41121446796914, 0.0], [-120.54916736028463, 38.41101511630155, 0.0], [-120.54923879611266, 38.41082913533802, 0.0], [-120.54971224869158, 38.4108555448949, 0.0], [-120.54971161627762, 38.41076986073868, 0.0], [-120.5491466289645, 38.41067246077257, 0.0], [-120.54940039494741, 38.41052849480584, 0.0], [-120.54943637606782, 38.410471205666944, 0.0], [-120.54989099187354, 38.41041201383453, 0.0], [-120.55031026076946, 38.410495792249534, 0.0], [-120.55038306742664, 38.41049546000803, 0.0], [-120.55029639078148, 38.411081386017294, 0.0]]]]}}, {"type": "Feature", "properties": {"Symb_class": "P", "Crop2016": "Mixed Pasture", "County": "Calaveras", "Acres": 27.04372308, "SUBCLASS2": "3"}, "geometry": {"type": "MultiPolygon", "coordinates": [[[[-120.52344044328571, 38.32463290985818, 0.0], [-120.52362128223726, 38.32471856990695, 0.0], [-120.5238306750384, 38.32465194621637, 0.0], [-120.52407813844128, 38.32452821332249, 0.0], [-120.52429704889289, 38.32439496271116, 0.0], [-120.5245540299462, 38.32426171396913, 0.0], [-120.5248966734467, 38.324042804236015, 0.0], [-120.52524883369934, 38.3238714817353, 0.0], [-120.52541063735, 38.32386196486384, 0.0], [-120.52556292155357, 38.32384292900294, 0.0], [-120.52597218860713, 38.32386196486384, 0.0], [-120.52625772440842, 38.32376678621405, 0.0], [-120.52660036701059, 38.323671608144046, 0.0], [-120.52678120596211, 38.32364305392348, 0.0], [-120.52689541956399, 38.32356691233416, 0.0], [-120.52713336621476, 38.323519322126415, 0.0], [-120.52734275901592, 38.32350980379924, 0.0], [-120.52769491926854, 38.3235383580723, 0.0], [-120.52798045417148, 38.32356691233416, 0.0], [-120.528227919371, 38.3235383580723, 0.0], [-120.5283040605745, 38.32364305392348, 0.0], [-120.52839923887547, 38.32375726932884, 0.0], [-120.52847538187557, 38.32381437625932, 0.0], [-120.52856104162782, 38.32389051829347, 0.0], [-120.52872284617679, 38.32392858998527, 0.0], [-120.52889416657955, 38.32387148314482, 0.0], [-120.5290464525798, 38.32402376771785, 0.0], [-120.52910356027903, 38.32413798181862, 0.0], [-120.52922729063302, 38.32416653513953, 0.0], [-120.52937957842987, 38.32417605408522, 0.0], [-120.52955089883265, 38.324242678917955, 0.0], [-120.52965559478407, 38.32422364315704, 0.0], [-120.53000775503669, 38.32416653584422, 0.0], [-120.53031232703715, 38.32422364174753, 0.0], [-120.53075966469243, 38.32422364174753, 0.0], [-120.53137832544546, 38.32423315998102, 0.0], [-120.5327964841064, 38.32425219573944, 0.0], [-120.53274889405759, 38.32485181992334, 0.0], [-120.53273937640715, 38.32487085622403, 0.0], [-120.53267275195581, 38.3249469992626, 0.0], [-120.53246335915465, 38.324985069694826, 0.0], [-120.53213023420288, 38.32490892810569, 0.0], [-120.53183518075119, 38.32489940996099, 0.0], [-120.53110230819294, 38.32484230318058, 0.0], [-120.53094050274564, 38.32497555226482, 0.0], [-120.53080725384291, 38.32508024885911, 0.0], [-120.53066448728977, 38.32512783804199, 0.0], [-120.52975077398337, 38.325099283690335, 0.0], [-120.52965559478407, 38.324766160032034, 0.0], [-120.52970318483288, 38.324537732220676, 0.0], [-120.52955089883265, 38.32444255304876, 0.0], [-120.529389095182, 38.32437592769498, 0.0], [-120.52921777388087, 38.324337856238124, 0.0], [-120.52894175662838, 38.32426171396913, 0.0], [-120.52868477467673, 38.32411894603021, 0.0], [-120.52851345337567, 38.324042804236015, 0.0], [-120.52839923887547, 38.324071356889654, 0.0], [-120.5283802035746, 38.32411894673497, 0.0], [-120.52857056107489, 38.324242678917955, 0.0], [-120.52869429322547, 38.32429026724129, 0.0], [-120.52875140002644, 38.32438544590842, 0.0], [-120.52864670407502, 38.32446158875219, 0.0], [-120.52777106226864, 38.324575802867805, 0.0], [-120.52771395367108, 38.32467098116007, 0.0], [-120.52743793731689, 38.32478519494579, 0.0], [-120.5270191517146, 38.32485181992334, 0.0], [-120.5267145824091, 38.3249184448397, 0.0], [-120.52634338595726, 38.32496603483356, 0.0], [-120.52598170715589, 38.32507073003217, 0.0], [-120.52541063555337, 38.32520398010591, 0.0], [-120.52494426169888, 38.325203980810656, 0.0], [-120.52446836929568, 38.325251569912304, 0.0], [-120.52414476289263, 38.32529915898275, 0.0], [-120.5239068180385, 38.32529915898275, 0.0], [-120.52364983608685, 38.325289640889245, 0.0], [-120.52338333558649, 38.32531819516596, 0.0], [-120.52310731833396, 38.32529915898275, 0.0], [-120.52276467573176, 38.32526108730606, 0.0], [-120.52258383678024, 38.325223016314126, 0.0], [-120.52242203402788, 38.325223016314126, 0.0], [-120.52226023037723, 38.32516590908398, 0.0], [-120.52150831982318, 38.32500410596053, 0.0], [-120.52083255406585, 38.3249184448397, 0.0], [-120.52008064441011, 38.324766160032034, 0.0], [-120.52063267891513, 38.32403328527283, 0.0], [-120.52079448166747, 38.32371919684234, 0.0], [-120.5208706246676, 38.323585946858024, 0.0], [-120.52098483916775, 38.32355739330848, 0.0], [-120.5212418211194, 38.32356691233416, 0.0], [-120.52138458767257, 38.32370016094389, 0.0], [-120.52150831982318, 38.32386196486384, 0.0], [-120.52167012257551, 38.32397617921956, 0.0], [-120.52182241037238, 38.324042804236015, 0.0], [-120.52244106932878, 38.3242426782132, 0.0], [-120.52264094268284, 38.32429978476127, 0.0], [-120.52271708658125, 38.32438544590842, 0.0], [-120.52289792463449, 38.32447110624964, 0.0], [-120.52301214003299, 38.32447110624964, 0.0], [-120.523240568135, 38.32453773081119, 0.0], [-120.52344044328571, 38.32463290985818, 0.0]]]]}}, {"type": "Feature", "properties": {"Symb_class": "D", "Crop2016": "Walnuts", "County": "Calaveras", "Acres": 48.07644442, "SUBCLASS2": "13"}, "geometry": {"type": "MultiPolygon", "coordinates": [[[[-120.92510944735108, 38.079129553663336, 0.0], [-120.92499104310842, 38.079049973896396, 0.0], [-120.92472572928253, 38.07909893404993, 0.0], [-120.924357422711, 38.07905666323598, 0.0], [-120.92363436784049, 38.0790260032863, 0.0], [-120.92311414178135, 38.07902276821852, 0.0], [-120.92285924571782, 38.07901295199679, 0.0], [-120.92278581562984, 38.07900474588331, 0.0], [-120.92268679792936, 38.0789863063434, 0.0], [-120.92263059483359, 38.07894716305347, 0.0], [-120.92257198694782, 38.07888652117743, 0.0], [-120.92254894605911, 38.07883050028371, 0.0], [-120.922532477245, 38.07879045108852, 0.0], [-120.92250574068719, 38.07845618296329, 0.0], [-120.92249531214506, 38.07726882493738, 0.0], [-120.92248573790076, 38.076178862737265, 0.0], [-120.92245105394764, 38.07408732505486, 0.0], [-120.92245592820639, 38.07403488723532, 0.0], [-120.92248132627442, 38.073990035869514, 0.0], [-120.92251509484424, 38.073969175138004, 0.0], [-120.92254334057175, 38.073962616159065, 0.0], [-120.92258188907721, 38.073953666952825, 0.0], [-120.92410165887487, 38.073966784911775, 0.0], [-120.92642394671644, 38.073972959898434, 0.0], [-120.92641680421163, 38.078496967043115, 0.0], [-120.92616841913726, 38.078480660060904, 0.0], [-120.92600243472725, 38.07848369079384, 0.0], [-120.92586491703031, 38.07854682985618, 0.0], [-120.92583994925529, 38.07862983900753, 0.0], [-120.92586824528843, 38.078695904720945, 0.0], [-120.9260791149199, 38.078705588753515, 0.0], [-120.92633554261103, 38.07870415471067, 0.0], [-120.92639176277476, 38.07911643168059, 0.0], [-120.9263748376165, 38.079181700033416, 0.0], [-120.92598960319177, 38.07920470184232, 0.0], [-120.92558361139571, 38.07916177134911, 0.0], [-120.92510944735108, 38.079129553663336, 0.0]]]]}}, {"type": "Feature", "properties": {"Symb_class": "V", "Crop2016": "Grapes", "County": "Calaveras", "Acres": 2.86818837, "SUBCLASS2": "**"}, "geometry": {"type": "MultiPolygon", "coordinates": [[[[-120.55966133390663, 38.09466716715926, 0.0], [-120.55971329605592, 38.09531632007443, 0.0], [-120.55969738779056, 38.09536006681214, 0.0], [-120.55827351764104, 38.0953981380468, 0.0], [-120.5575730059926, 38.094773767859756, 0.0], [-120.55961362977179, 38.09466716715926, 0.0], [-120.55966133390663, 38.09466716715926, 0.0]]]]}}, {"type": "Feature", "properties": {"Symb_class": "P", "Crop2016": "Mixed Pasture", "County": "Calaveras", "Acres": 27.89910185, "SUBCLASS2": "3"}, "geometry": {"type": "MultiPolygon", "coordinates": [[[[-120.53869312534437, 38.091051148292536, 0.0], [-120.54013222193794, 38.08642547601077, 0.0], [-120.54167411274948, 38.08733918933898, 0.0], [-120.54249645481508, 38.08828716590282, 0.0], [-120.54258782605588, 38.08875544388719, 0.0], [-120.54285051769948, 38.08936077881202, 0.0], [-120.5408517715822, 38.09089124823038, 0.0], [-120.53960683685415, 38.091393789802055, 0.0], [-120.53869312534437, 38.091051148292536, 0.0]]]]}}, {"type": "Feature", "properties": {"Symb_class": "V", "Crop2016": "Grapes", "County": "Calaveras", "Acres": 2.5635604, "SUBCLASS2": "**"}, "geometry": {"type": "MultiPolygon", "coordinates": [[[[-120.69493758510657, 38.301789175687176, 0.0], [-120.69491338539113, 38.301834453793944, 0.0], [-120.69491697685564, 38.30188831403485, 0.0], [-120.69489422702105, 38.301933812731534, 0.0], [-120.69487716621718, 38.30195940481064, 0.0], [-120.69484872825024, 38.30196793620665, 0.0], [-120.69476910607504, 38.30196224931436, 0.0], [-120.69471792096846, 38.30192528133156, 0.0], [-120.69460417359224, 38.30184565911294, 0.0], [-120.69453594385148, 38.30178792579448, 0.0], [-120.69453023775277, 38.30178309893841, 0.0], [-120.69445345964377, 38.30170916277134, 0.0], [-120.6944136490053, 38.30168925822302, 0.0], [-120.69437605810396, 38.30164696764873, 0.0], [-120.69441080583742, 38.30108355883134, 0.0], [-120.69436947524954, 38.30107637099682, 0.0], [-120.69416773968787, 38.30104128623308, 0.0], [-120.69386490862243, 38.30098862028239, 0.0], [-120.69387343632943, 38.30079541112894, 0.0], [-120.69399278829471, 38.30073378906809, 0.0], [-120.69398879797821, 38.30041864869782, 0.0], [-120.69470603625723, 38.300322541137724, 0.0], [-120.69484710858781, 38.3003069337283, 0.0], [-120.69488593287605, 38.30034037132466, 0.0], [-120.69483561105046, 38.30059966779599, 0.0], [-120.69483738701979, 38.300790073104416, 0.0], [-120.69490118806618, 38.30113483311104, 0.0], [-120.69497791497125, 38.30124149996471, 0.0], [-120.69493758510657, 38.301789175687176, 0.0]]]]}}, {"type": "Feature", "properties": {"Symb_class": "D", "Crop2016": "Walnuts", "County": "Calaveras", "Acres": 7.05291677, "SUBCLASS2": "13"}, "geometry": {"type": "MultiPolygon", "coordinates": [[[[-120.59369675010376, 38.38459508483373, 0.0], [-120.59384561621768, 38.385008509253296, 0.0], [-120.59406395983234, 38.38500743472068, 0.0], [-120.59424693767255, 38.38513506598329, 0.0], [-120.5946148382056, 38.385633097977404, 0.0], [-120.59463394627001, 38.385747253664526, 0.0], [-120.59461700584035, 38.38590443009076, 0.0], [-120.59423809465689, 38.38630616891243, 0.0], [-120.59402020289485, 38.38636436512037, 0.0], [-120.59374829633309, 38.38649423313882, 0.0], [-120.59371361417656, 38.386708622310174, 0.0], [-120.593659824854, 38.386808854902235, 0.0], [-120.59346115164912, 38.386995487028486, 0.0], [-120.59311623091938, 38.38709715001407, 0.0], [-120.59284352126376, 38.38712705086498, 0.0], [-120.59248097199486, 38.38730020376328, 0.0], [-120.59220780689337, 38.38727298078179, 0.0], [-120.5920616716579, 38.38720229125122, 0.0], [-120.59198798105851, 38.38708840331749, 0.0], [-120.59303969176223, 38.38662624501223, 0.0], [-120.59297941480668, 38.38591247983094, 0.0], [-120.5930264892225, 38.384969688761075, 0.0], [-120.59369675010376, 38.38459508483373, 0.0]]]]}}, {"type": "Feature", "properties": {"Symb_class": "V", "Crop2016": "Grapes", "County": "Calaveras", "Acres": 11.06964855, "SUBCLASS2": "**"}, "geometry": {"type": "MultiPolygon", "coordinates": [[[[-120.48318873383151, 38.18630376208733, 0.0], [-120.48352404797762, 38.18651085506675, 0.0], [-120.48384013907497, 38.186747599113815, 0.0], [-120.48388939639695, 38.18688068791293, 0.0], [-120.48378335387092, 38.187319057147235, 0.0], [-120.48354835998245, 38.187818268950736, 0.0], [-120.48348417086382, 38.187824843830995, 0.0], [-120.48300283197507, 38.18822663623659, 0.0], [-120.4826050678487, 38.188456722218184, 0.0], [-120.48240852544768, 38.18868388722142, 0.0], [-120.4817847299245, 38.188612751947666, 0.0], [-120.48180186079698, 38.18852709227686, 0.0], [-120.48163625188278, 38.18854422407791, 0.0], [-120.48119652655119, 38.188138763312665, 0.0], [-120.4810423379192, 38.18800170591069, 0.0], [-120.48099665319711, 38.18773901377777, 0.0], [-120.48109944472013, 38.18767048579203, 0.0], [-120.48123650158135, 38.187225050901205, 0.0], [-120.48138498231802, 38.187093705317885, 0.0], [-120.48165338455186, 38.18706515103929, 0.0], [-120.48177330964229, 38.18705373031324, 0.0], [-120.48176759815371, 38.18698520097677, 0.0], [-120.48148206325077, 38.186922383008884, 0.0], [-120.48162482980393, 38.18675106170913, 0.0], [-120.48175617607488, 38.186739640227735, 0.0], [-120.48188752324417, 38.186693954990396, 0.0], [-120.48191607709377, 38.18663684681471, 0.0], [-120.48192178678572, 38.18655118835069, 0.0], [-120.48204171187614, 38.18641413007982, 0.0], [-120.48231582559856, 38.18620854501432, 0.0], [-120.48252712103148, 38.186185701879666, 0.0], [-120.48266417879103, 38.18631133832568, 0.0], [-120.48280123565223, 38.18637415399615, 0.0], [-120.48265846820077, 38.186511212342225, 0.0], [-120.48255567488113, 38.18654547688849, 0.0], [-120.48263562494141, 38.18664255826975, 0.0], [-120.48277268180262, 38.186602583017525, 0.0], [-120.48297826844193, 38.186482657835306, 0.0], [-120.48318873383151, 38.18630376208733, 0.0]]]]}}, {"type": "Feature", "properties": {"Symb_class": "D", "Crop2016": "Walnuts", "County": "Calaveras", "Acres": 0.38921701, "SUBCLASS2": "13"}, "geometry": {"type": "MultiPolygon", "coordinates": [[[[-120.5532253917828, 38.40506163524522, 0.0], [-120.55321059024187, 38.405518702314694, 0.0], [-120.553083187575, 38.40551928518535, 0.0], [-120.55302784416699, 38.40541956988706, 0.0], [-120.55282764113119, 38.405420485727376, 0.0], [-120.55269896555158, 38.405249699968834, 0.0], [-120.55287990601275, 38.405106059689096, 0.0], [-120.5532253917828, 38.40506163524522, 0.0]]]]}}, {"type": "Feature", "properties": {"Symb_class": "V", "Crop2016": "Grapes", "County": "Calaveras", "Acres": 1.34988831, "SUBCLASS2": "**"}, "geometry": {"type": "MultiPolygon", "coordinates": [[[[-120.47867349129477, 38.031308725184736, 0.0], [-120.47861995439877, 38.03130515615221, 0.0], [-120.47851287701353, 38.03133014008381, 0.0], [-120.47812740543355, 38.0312873102794, 0.0], [-120.47808100475417, 38.03126946369469, 0.0], [-120.47803817397974, 38.03122663314721, 0.0], [-120.47801319003506, 38.031183803989876, 0.0], [-120.4782416190354, 38.030798329833345, 0.0], [-120.47827017198668, 38.030737655126465, 0.0], [-120.47830229484296, 38.030666271056155, 0.0], [-120.47838081658192, 38.03065556315657, 0.0], [-120.47871275306257, 38.030666271056155, 0.0], [-120.47878056688336, 38.030705530746744, 0.0], [-120.47880198182143, 38.03076263925161, 0.0], [-120.4787448750205, 38.030798331248484, 0.0], [-120.47871275306257, 38.03084116133879, 0.0], [-120.4787448750205, 38.030951804797276, 0.0], [-120.47884124358923, 38.031044604987024, 0.0], [-120.47892690423977, 38.0311266958134, 0.0], [-120.47900899498538, 38.03119808014257, 0.0], [-120.47915533234179, 38.03128374124583, 0.0], [-120.47925170091054, 38.03134798594619, 0.0], [-120.47944800525798, 38.031551430309605, 0.0], [-120.47938376134213, 38.03157998388405, 0.0], [-120.47933379165613, 38.03157284513768, 0.0], [-120.47873059899399, 38.03136583321935, 0.0], [-120.47867349129477, 38.031308725184736, 0.0]]]]}}, {"type": "Feature", "properties": {"Symb_class": "V", "Crop2016": "Grapes", "County": "Calaveras", "Acres": 6.81144226, "SUBCLASS2": "**"}, "geometry": {"type": "MultiPolygon", "coordinates": [[[[-120.47851644691849, 38.028392694766254, 0.0], [-120.47865921436994, 38.028381987949565, 0.0], [-120.47969784919638, 38.028421248864355, 0.0], [-120.47982990962798, 38.028449802951286, 0.0], [-120.47994769223646, 38.02849977133838, 0.0], [-120.48005833773001, 38.02858186289368, 0.0], [-120.48014399658393, 38.02868536932159, 0.0], [-120.48019396716825, 38.02880672279236, 0.0], [-120.48025107396916, 38.029035149728884, 0.0], [-120.4802546429758, 38.02947416081151, 0.0], [-120.48028319682541, 38.02955268286464, 0.0], [-120.48032959660648, 38.02962049678272, 0.0], [-120.48048307197614, 38.029745419228284, 0.0], [-120.48049734890094, 38.02981680278071, 0.0], [-120.48046522604469, 38.02992387868656, 0.0], [-120.48041168825038, 38.030016678055794, 0.0], [-120.48034744074128, 38.03009520023496, 0.0], [-120.48022252011957, 38.03015230709289, 0.0], [-120.48011187462599, 38.03015230709289, 0.0], [-120.4798977243471, 38.03012732205197, 0.0], [-120.47952652789527, 38.03002381624622, 0.0], [-120.47900542597876, 38.02990246408398, 0.0], [-120.47889835039014, 38.02987034004561, 0.0], [-120.47868419831464, 38.02977397279909, 0.0], [-120.47843078626794, 38.0296276357193, 0.0], [-120.47838795729011, 38.02955268286464, 0.0], [-120.47839152539844, 38.02952056008806, 0.0], [-120.47838081658192, 38.02945988432285, 0.0], [-120.47833084869256, 38.029413484300306, 0.0], [-120.47833084869256, 38.029206471232925, 0.0], [-120.47851287701353, 38.028817430254584, 0.0], [-120.47858069173263, 38.02867466184007, 0.0], [-120.47856284669953, 38.02852118705861, 0.0], [-120.47851644691849, 38.028392694766254, 0.0]]]]}}, {"type": "Feature", "properties": {"Symb_class": "P", "Crop2016": "Mixed Pasture", "County": "Calaveras", "Acres": 12.32886298, "SUBCLASS2": "3"}, "geometry": {"type": "MultiPolygon", "coordinates": [[[[-120.51981107975628, 38.32489083686423, 0.0], [-120.51937258421832, 38.32632082666, 0.0], [-120.518949222598, 38.32644641624874, 0.0], [-120.51866752978948, 38.32602871790359, 0.0], [-120.51864262489656, 38.325933618209184, 0.0], [-120.51864229431654, 38.32588601475608, 0.0], [-120.51849651571223, 38.325839039182114, 0.0], [-120.51835206302127, 38.32598246899264, 0.0], [-120.51772185891684, 38.32599469383979, 0.0], [-120.51746593607893, 38.325795857821866, 0.0], [-120.51577979200242, 38.32560313970506, 0.0], [-120.51530656400234, 38.325528995965676, 0.0], [-120.51495513408004, 38.32554001721335, 0.0], [-120.51466364873664, 38.32545557520262, 0.0], [-120.51362062833496, 38.325364810255685, 0.0], [-120.51361911826699, 38.325145841132816, 0.0], [-120.5136057486406, 38.32496500521727, 0.0], [-120.5136522616094, 38.324679187819726, 0.0], [-120.51429392013199, 38.32457172807413, 0.0], [-120.51433028123974, 38.32457157303182, 0.0], [-120.51465753031124, 38.32457017765101, 0.0], [-120.51480304031928, 38.32457907778403, 0.0], [-120.51505980667524, 38.32490168484418, 0.0], [-120.51577550614022, 38.324984314924954, 0.0], [-120.51660009219738, 38.325037912022, 0.0], [-120.5175336313221, 38.325071995732486, 0.0], [-120.51824847289596, 38.32503084566143, 0.0], [-120.51863566295309, 38.32493397577481, 0.0], [-120.51899934320093, 38.32494193433827, 0.0], [-120.51966530294861, 38.32484386205473, 0.0], [-120.51981107975628, 38.32489083686423, 0.0]]]]}}, {"type": "Feature", "properties": {"Symb_class": "V", "Crop2016": "Grapes", "County": "Calaveras", "Acres": 3.3606067, "SUBCLASS2": "**"}, "geometry": {"type": "MultiPolygon", "coordinates": [[[[-120.48847906794825, 38.09092672072691, 0.0], [-120.48834201108703, 38.09075920665455, 0.0], [-120.48818972598512, 38.09060692112241, 0.0], [-120.4880678973646, 38.09043940702419, 0.0], [-120.48832678374464, 38.09015006474357, 0.0], [-120.48859328244842, 38.090298543980865, 0.0], [-120.4885704409857, 38.09035564983106, 0.0], [-120.48847906794825, 38.09044131170436, 0.0], [-120.48840482757991, 38.09049841815005, 0.0], [-120.48845622468887, 38.09058407773498, 0.0], [-120.48859328334673, 38.09057836794752, 0.0], [-120.48863325658023, 38.09051555106491, 0.0], [-120.48857615067763, 38.090475574728714, 0.0], [-120.48859328424504, 38.09040704795688, 0.0], [-120.48874747108042, 38.09042988927862, 0.0], [-120.48891308179124, 38.09029283205004, 0.0], [-120.48912437722414, 38.090309964306066, 0.0], [-120.48935280712281, 38.090424178772096, 0.0], [-120.48952983811586, 38.090515549650874, 0.0], [-120.48958123522482, 38.09054410426434, 0.0], [-120.48960978817615, 38.09090958932246, 0.0], [-120.48958123432654, 38.09100667076289, 0.0], [-120.48934138504399, 38.09092101096621, 0.0], [-120.48923859172432, 38.09092672072691, 0.0], [-120.48927856675446, 38.09104664610162, 0.0], [-120.4892728561642, 38.09115514896721, 0.0], [-120.48926714467564, 38.09128078511421, 0.0], [-120.48950128516454, 38.09137786676865, 0.0], [-120.48943846687503, 38.09150540577126, 0.0], [-120.48847906704991, 38.091566319980444, 0.0], [-120.48815927040204, 38.09136834914528, 0.0], [-120.48847906794825, 38.09092672072691, 0.0]]]]}}, {"type": "Feature", "properties": {"Symb_class": "D", "Crop2016": "Pistachios", "County": "Calaveras", "Acres": 5.80727843, "SUBCLASS2": "14"}, "geometry": {"type": "MultiPolygon", "coordinates": [[[[-120.89286413995325, 38.174289431228964, 0.0], [-120.89361604960901, 38.1742799131123, 0.0], [-120.89359701520645, 38.174337019675, 0.0], [-120.89358749575939, 38.17443219788622, 0.0], [-120.89359701430813, 38.174641590784454, 0.0], [-120.89368267495868, 38.174841465743945, 0.0], [-120.89368267495868, 38.174946161327235, 0.0], [-120.89383496095891, 38.17502230482327, 0.0], [-120.8937873709101, 38.17523169673218, 0.0], [-120.8936350858082, 38.17530783992995, 0.0], [-120.89345424685668, 38.17539350102056, 0.0], [-120.89299738975431, 38.17549819722311, 0.0], [-120.89125562379205, 38.17578373328988, 0.0], [-120.89089394768561, 38.17583132076013, 0.0], [-120.89087491238473, 38.175745660184106, 0.0], [-120.89087491058811, 38.175602893275304, 0.0], [-120.89090346443774, 38.17550771376831, 0.0], [-120.89157923199167, 38.17546012608675, 0.0], [-120.8916077858413, 38.17523169673218, 0.0], [-120.8915887487438, 38.17508892881648, 0.0], [-120.8915316428412, 38.17503182284298, 0.0], [-120.89119851699111, 38.175012786802334, 0.0], [-120.89090346533604, 38.1749842327321, 0.0], [-120.89091298298648, 38.17485098308106, 0.0], [-120.8909986427387, 38.174784358870376, 0.0], [-120.89278799785144, 38.1747653227651, 0.0], [-120.89279751640021, 38.174317984159075, 0.0], [-120.89286413995325, 38.174289431228964, 0.0]]]]}}, {"type": "Feature", "properties": {"Symb_class": "C", "Crop2016": "Olives", "County": "Calaveras", "Acres": 12.39738193, "SUBCLASS2": "6"}, "geometry": {"type": "MultiPolygon", "coordinates": [[[[-120.94030268429414, 38.12643456898563, 0.0], [-120.9402146916171, 38.12634361614031, 0.0], [-120.93995792795609, 38.12635103325202, 0.0], [-120.93983775942219, 38.12633104322979, 0.0], [-120.93972412613203, 38.126346931792845, 0.0], [-120.93962071566979, 38.12626762886185, 0.0], [-120.93960194267697, 38.126130205671394, 0.0], [-120.93956640981592, 38.1260520939399, 0.0], [-120.93949266621591, 38.12599119434775, 0.0], [-120.9393101474148, 38.125773409290694, 0.0], [-120.93916249222987, 38.12565756609099, 0.0], [-120.93909662595662, 38.12558488318553, 0.0], [-120.939101650234, 38.12513792479781, 0.0], [-120.93918276630751, 38.124936686806066, 0.0], [-120.93923773601638, 38.124860163816706, 0.0], [-120.93924192575886, 38.12471122197541, 0.0], [-120.93930678322407, 38.12455142384091, 0.0], [-120.93937281388902, 38.12434992134754, 0.0], [-120.93937515939025, 38.124266513964486, 0.0], [-120.9393572254239, 38.12409930175704, 0.0], [-120.93943498808648, 38.12401721699893, 0.0], [-120.93944454077119, 38.12394585678628, 0.0], [-120.93937783726808, 38.12390296317264, 0.0], [-120.93938705488121, 38.12384351826555, 0.0], [-120.94113087439221, 38.12381449894578, 0.0], [-120.94139819325784, 38.123968200012115, 0.0], [-120.94150512870927, 38.12419061780604, 0.0], [-120.94145153072783, 38.125024165983525, 0.0], [-120.94145723233495, 38.125089832185004, 0.0], [-120.94138684394254, 38.12517800725097, 0.0], [-120.94122378804038, 38.1256102737686, 0.0], [-120.94118675678942, 38.12585401019656, 0.0], [-120.94106089563158, 38.12603658267112, 0.0], [-120.94083263641285, 38.12637233624411, 0.0], [-120.94069973156488, 38.12653690175437, 0.0], [-120.94046492542432, 38.12656854805561, 0.0], [-120.94031341377188, 38.126589732972256, 0.0], [-120.94030268429414, 38.12643456898563, 0.0]]]]}}, {"type": "Feature", "properties": {"Symb_class": "V", "Crop2016": "Grapes", "County": "Calaveras", "Acres": 1.32274198, "SUBCLASS2": "**"}, "geometry": {"type": "MultiPolygon", "coordinates": [[[[-120.52694475144612, 38.02008711512169, 0.0], [-120.52697572535713, 38.02020003375845, 0.0], [-120.52693129827642, 38.02031923434943, 0.0], [-120.52687899027576, 38.02039086628369, 0.0], [-120.5268037141499, 38.020414996930725, 0.0], [-120.5267590337443, 38.02049849734397, 0.0], [-120.52671452132364, 38.020605796342785, 0.0], [-120.52667747030974, 38.0207011622476, 0.0], [-120.52658693629878, 38.02070155925731, 0.0], [-120.52623217991497, 38.02067931184762, 0.0], [-120.52597525096392, 38.02062093368395, 0.0], [-120.52586154041866, 38.02054407785328, 0.0], [-120.5258962486263, 38.02011550685772, 0.0], [-120.52694475144612, 38.02008711512169, 0.0]]]]}}, {"type": "Feature", "properties": {"Symb_class": "C", "Crop2016": "Olives", "County": "Calaveras", "Acres": 2.49318174, "SUBCLASS2": "6"}, "geometry": {"type": "MultiPolygon", "coordinates": [[[[-120.91928320798029, 38.1483694888291, 0.0], [-120.91925879626243, 38.145722557674326, 0.0], [-120.91948521483314, 38.14572299498127, 0.0], [-120.91952422507268, 38.14578448426307, 0.0], [-120.91964623335626, 38.145793799103714, 0.0], [-120.91975929082636, 38.14579937811695, 0.0], [-120.91974973095509, 38.14693291072764, 0.0], [-120.91959089893139, 38.14694440202922, 0.0], [-120.9195985274248, 38.14811042698135, 0.0], [-120.91960189161551, 38.148310761819154, 0.0], [-120.91962722320821, 38.14837558476494, 0.0], [-120.91928320798029, 38.1483694888291, 0.0]]]]}}, {"type": "Feature", "properties": {"Symb_class": "V", "Crop2016": "Grapes", "County": "Calaveras", "Acres": 0.29635032, "SUBCLASS2": "**"}, "geometry": {"type": "MultiPolygon", "coordinates": [[[[-120.47984138560574, 38.0254064172559, 0.0], [-120.47972487680836, 38.02559252974224, 0.0], [-120.47946373206366, 38.02581492068571, 0.0], [-120.47932801369224, 38.02582974276186, 0.0], [-120.4793982942868, 38.02549386766642, 0.0], [-120.47940689026576, 38.025422431074844, 0.0], [-120.47984138560574, 38.0254064172559, 0.0]]]]}}, {"type": "Feature", "properties": {"Symb_class": "D", "Crop2016": "Walnuts", "County": "Calaveras", "Acres": 2.61864997, "SUBCLASS2": "13"}, "geometry": {"type": "MultiPolygon", "coordinates": [[[[-120.550438990248, 38.40575384025973, 0.0], [-120.55029613386333, 38.40612580178572, 0.0], [-120.54985837314726, 38.4059992627865, 0.0], [-120.54976842573618, 38.406142485260126, 0.0], [-120.54929489769877, 38.4061017951744, 0.0], [-120.54911415935855, 38.406273991028506, 0.0], [-120.54876866460532, 38.4063184041681, 0.0], [-120.54849565760735, 38.40631964381043, 0.0], [-120.54843958297067, 38.40611996186484, 0.0], [-120.54869375589043, 38.406033119735625, 0.0], [-120.54903671919118, 38.40564596933447, 0.0], [-120.54939924869711, 38.40544438486049, 0.0], [-120.54965373692552, 38.40540038369928, 0.0], [-120.54990853956431, 38.405399224291614, 0.0], [-120.55016323889681, 38.405383783823744, 0.0], [-120.550438990248, 38.40575384025973, 0.0]]]]}}, {"type": "Feature", "properties": {"Symb_class": "V", "Crop2016": "Grapes", "County": "Calaveras", "Acres": 3.42597215, "SUBCLASS2": "**"}, "geometry": {"type": "MultiPolygon", "coordinates": [[[[-120.68667556474118, 38.04042462574425, 0.0], [-120.68488171266212, 38.04067287001878, 0.0], [-120.68474555142122, 38.04063794267751, 0.0], [-120.68468147369371, 38.04023368621448, 0.0], [-120.68464856391324, 38.03993635719461, 0.0], [-120.6847651616439, 38.03948346822117, 0.0], [-120.68479491204944, 38.039435696335595, 0.0], [-120.68500598919178, 38.03941069323622, 0.0], [-120.68519222611985, 38.03996896216077, 0.0], [-120.68555455709813, 38.039978797771205, 0.0], [-120.68559983488339, 38.03997853882765, 0.0], [-120.6857810547206, 38.039989406673385, 0.0], [-120.68608247093947, 38.039940084285746, 0.0], [-120.68650451832455, 38.03987817195685, 0.0], [-120.68670083075686, 38.03988895208791, 0.0], [-120.68667556474118, 38.04042462574425, 0.0]]]]}}, {"type": "Feature", "properties": {"Symb_class": "V", "Crop2016": "Grapes", "County": "Calaveras", "Acres": 0.92137591, "SUBCLASS2": "**"}, "geometry": {"type": "MultiPolygon", "coordinates": [[[[-120.48667969572175, 38.15905390582066, 0.0], [-120.48670602534273, 38.15902538293477, 0.0], [-120.48674394323088, 38.15903249229037, 0.0], [-120.48679153058472, 38.159046768213386, 0.0], [-120.48702052642201, 38.15923023310587, 0.0], [-120.48705803108513, 38.15928709435107, 0.0], [-120.48726505143564, 38.159712197167856, 0.0], [-120.48730190032857, 38.15979037599573, 0.0], [-120.48728883792602, 38.15980343687106, 0.0], [-120.48719737056548, 38.15985185977569, 0.0], [-120.48715558812498, 38.15984864665158, 0.0], [-120.48708420439924, 38.15978440109126, 0.0], [-120.48697714587863, 38.15977752490021, 0.0], [-120.48691706116253, 38.15975108881781, 0.0], [-120.48685577629723, 38.15975108811147, 0.0], [-120.48679024599386, 38.1597234427696, 0.0], [-120.48670349119533, 38.15968684317154, 0.0], [-120.48661545090758, 38.15959404513901, 0.0], [-120.48654168664633, 38.15947031212613, 0.0], [-120.48644218744886, 38.1592852430291, 0.0], [-120.48644412870819, 38.15925854118364, 0.0], [-120.48649409839416, 38.15922760833755, 0.0], [-120.48660593325712, 38.15911815202462, 0.0], [-120.48667969572175, 38.15905390582066, 0.0]]]]}}, {"type": "Feature", "properties": {"Symb_class": "V", "Crop2016": "Grapes", "County": "Calaveras", "Acres": 1.07720716, "SUBCLASS2": "**"}, "geometry": {"type": "MultiPolygon", "coordinates": [[[[-120.56041312857803, 38.09523062432462, 0.0], [-120.55976346696454, 38.09527393491838, 0.0], [-120.5596923994458, 38.09466716786624, 0.0], [-120.5597354592906, 38.09466716786624, 0.0], [-120.55970500370755, 38.09453772485848, 0.0], [-120.55988774529085, 38.094575795814535, 0.0], [-120.55994865915194, 38.09449203911946, 0.0], [-120.56035221741188, 38.0946900099776, 0.0], [-120.56038267299496, 38.09473569629986, 0.0], [-120.56041312857803, 38.09523062432462, 0.0]]]]}}, {"type": "Feature", "properties": {"Symb_class": "V", "Crop2016": "Grapes", "County": "Calaveras", "Acres": 2.47965662, "SUBCLASS2": "**"}, "geometry": {"type": "MultiPolygon", "coordinates": [[[[-120.53209310862883, 38.173206275275824, 0.0], [-120.53211524760898, 38.173277117687036, 0.0], [-120.53218377828539, 38.173414175248155, 0.0], [-120.53220661974814, 38.173482703932045, 0.0], [-120.53199341898849, 38.173627373974064, 0.0], [-120.53192489100704, 38.17373397380929, 0.0], [-120.53116346370085, 38.17384057419487, 0.0], [-120.5311558495805, 38.17393956017798, 0.0], [-120.53096549297852, 38.1739700171592, 0.0], [-120.53088934997842, 38.17378727366843, 0.0], [-120.5310340218583, 38.173368490129306, 0.0], [-120.53110254983976, 38.17307153227453, 0.0], [-120.5312319916823, 38.172827875889176, 0.0], [-120.53154417690477, 38.17276696166555, 0.0], [-120.53170686359938, 38.17276256479437, 0.0], [-120.53189745196667, 38.17279629696769, 0.0], [-120.53209310862883, 38.173206275275824, 0.0]]]]}}, {"type": "Feature", "properties": {"Symb_class": "P", "Crop2016": "Mixed Pasture", "County": "Calaveras", "Acres": 4.5458858, "SUBCLASS2": "3"}, "geometry": {"type": "MultiPolygon", "coordinates": [[[[-120.51433089838235, 38.1152544558336, 0.0], [-120.51427141194425, 38.11517712334113, 0.0], [-120.5141464904242, 38.1152425588042, 0.0], [-120.51419407777807, 38.115290148323595, 0.0], [-120.51419407867637, 38.11535558227185, 0.0], [-120.51409890037539, 38.11546860697813, 0.0], [-120.51389069784199, 38.11562327197062, 0.0], [-120.5136349061581, 38.11546265812773, 0.0], [-120.51371223762935, 38.115385325855776, 0.0], [-120.51380741682864, 38.115343685258985, 0.0], [-120.51392044106105, 38.11532583867586, 0.0], [-120.51396208156774, 38.11527824988651, 0.0], [-120.51394423383968, 38.11521281516218, 0.0], [-120.51387285191056, 38.11516522488563, 0.0], [-120.51386690326675, 38.115129533041355, 0.0], [-120.51381931321794, 38.115075995948985, 0.0], [-120.51380146728651, 38.11504625294585, 0.0], [-120.51383121140388, 38.1149927150857, 0.0], [-120.51382526276007, 38.114933228292706, 0.0], [-120.5139918247868, 38.11486779325925, 0.0], [-120.51452720272982, 38.11465364176652, 0.0], [-120.51468781701104, 38.11457035971485, 0.0], [-120.5148127394294, 38.11448113075814, 0.0], [-120.51489602044275, 38.11440974709025, 0.0], [-120.51499714738753, 38.11439190098569, 0.0], [-120.51505663292735, 38.11433836335259, 0.0], [-120.51509232479022, 38.114266978838366, 0.0], [-120.51521724720857, 38.11425508164817, 0.0], [-120.51565744685061, 38.114701230962886, 0.0], [-120.51572288283087, 38.114760717238, 0.0], [-120.51586565118065, 38.114814255975006, 0.0], [-120.51588349621377, 38.11486779325925, 0.0], [-120.51590729078902, 38.11490943271388, 0.0], [-120.51596677812546, 38.114897536335064, 0.0], [-120.51604410869837, 38.11496892023297, 0.0], [-120.51605600688431, 38.11505220112339, 0.0], [-120.51599057180236, 38.11513548191889, 0.0], [-120.51587754667165, 38.115200918126014, 0.0], [-120.51577047108304, 38.11526040399418, 0.0], [-120.51572883057635, 38.11535558297863, 0.0], [-120.51573478011848, 38.115444812280465, 0.0], [-120.51572883057635, 38.11552214519621, 0.0], [-120.51566339459612, 38.115605426162546, 0.0], [-120.51553847397437, 38.11568870703396, 0.0], [-120.51535406601624, 38.11565896286682, 0.0], [-120.51517560670189, 38.11562922080788, 0.0], [-120.51495550598254, 38.11558163080272, 0.0], [-120.51475919983848, 38.11550429865669, 0.0], [-120.51453910091577, 38.115450761132315, 0.0], [-120.51439633166767, 38.11535558297863, 0.0], [-120.51433684612785, 38.11530204393167, 0.0], [-120.51433089838235, 38.1152544558336, 0.0]]]]}}, {"type": "Feature", "properties": {"Symb_class": "C", "Crop2016": "Olives", "County": "Calaveras", "Acres": 1.81820719, "SUBCLASS2": "6"}, "geometry": {"type": "MultiPolygon", "coordinates": [[[[-120.92975885776713, 38.103712067941714, 0.0], [-120.92976256601258, 38.104456395903135, 0.0], [-120.92951372908564, 38.104467117039725, 0.0], [-120.92926089824893, 38.10444477703654, 0.0], [-120.9290437547835, 38.10444094790674, 0.0], [-120.92892633689102, 38.10443172604369, 0.0], [-120.92879987206531, 38.10442234301246, 0.0], [-120.92873322695272, 38.10437825109061, 0.0], [-120.92872756936306, 38.10377731999111, 0.0], [-120.92886368658651, 38.1037654147304, 0.0], [-120.9289273223429, 38.103755808239704, 0.0], [-120.92892481783987, 38.10368423595631, 0.0], [-120.92975885776713, 38.103712067941714, 0.0]]]]}}, {"type": "Feature", "properties": {"Symb_class": "V", "Crop2016": "Grapes", "County": "Calaveras", "Acres": 1.53355151, "SUBCLASS2": "**"}, "geometry": {"type": "MultiPolygon", "coordinates": [[[[-120.47875082456262, 38.02455581520083, 0.0], [-120.47881268973961, 38.024541539169036, 0.0], [-120.47882220828838, 38.024603404312266, 0.0], [-120.47879365443875, 38.024727135857326, 0.0], [-120.4785652263367, 38.025355313831724, 0.0], [-120.47858426073927, 38.02538862514186, 0.0], [-120.47839390503563, 38.02598349066614, 0.0], [-120.47835583263725, 38.02601204499565, 0.0], [-120.47824637741147, 38.026330892898784, 0.0], [-120.47825113758415, 38.02638799986057, 0.0], [-120.47823210138496, 38.026535525854406, 0.0], [-120.47822258283622, 38.026702088769724, 0.0], [-120.47822258283622, 38.026782989993784, 0.0], [-120.47817023530965, 38.02689720529083, 0.0], [-120.47798463708376, 38.02686865130635, 0.0], [-120.47799891400855, 38.02678299070142, 0.0], [-120.47797511943331, 38.026744919132, 0.0], [-120.47802746695984, 38.026559319771096, 0.0], [-120.47801795020774, 38.02651173193005, 0.0], [-120.47801794930943, 38.026445106777764, 0.0], [-120.47800367328294, 38.02639275794645, 0.0], [-120.47799415473418, 38.026297579894205, 0.0], [-120.47796084340683, 38.02623571476618, 0.0], [-120.47795608323415, 38.02619288410622, 0.0], [-120.47797512033162, 38.02609770508673, 0.0], [-120.47806553935825, 38.02585975911984, 0.0], [-120.47810837013266, 38.02581217011682, 0.0], [-120.47813216380962, 38.025674161762396, 0.0], [-120.47810360995997, 38.02559801815909, 0.0], [-120.47813216380962, 38.02550759934073, 0.0], [-120.47817023530965, 38.02544573283801, 0.0], [-120.47826541271233, 38.02534103724807, 0.0], [-120.47828920908421, 38.02533151881643, 0.0], [-120.47833203896033, 38.025188750685224, 0.0], [-120.47839390413729, 38.02515543928421, 0.0], [-120.4784272172613, 38.0250697780915, 0.0], [-120.47846528786305, 38.02501742969282, 0.0], [-120.4785176362879, 38.024941286822305, 0.0], [-120.47856522723505, 38.024865145287926, 0.0], [-120.47862709241201, 38.024769965958875, 0.0], [-120.47869371596508, 38.024636715964235, 0.0], [-120.47875082456262, 38.02455581520083, 0.0]]]]}}, {"type": "Feature", "properties": {"Symb_class": "V", "Crop2016": "Grapes", "County": "Calaveras", "Acres": 2.41226375, "SUBCLASS2": "**"}, "geometry": {"type": "MultiPolygon", "coordinates": [[[[-120.48172424096654, 38.237806128730895, 0.0], [-120.48172146966388, 38.23735909480712, 0.0], [-120.4817209531326, 38.23727557467648, 0.0], [-120.48171831028905, 38.23684931711428, 0.0], [-120.48171767787507, 38.236747218899744, 0.0], [-120.48171485716507, 38.23629226521562, 0.0], [-120.48171223588106, 38.23586934713567, 0.0], [-120.482159575333, 38.2359026598841, 0.0], [-120.482159575333, 38.2376967742478, 0.0], [-120.48216909208512, 38.238063208665004, 0.0], [-120.4821405382355, 38.23815838896509, 0.0], [-120.4817265137042, 38.238172664905704, 0.0], [-120.48172424096654, 38.237806128730895, 0.0]]]]}}, {"type": "Feature", "properties": {"Symb_class": "V", "Crop2016": "Grapes", "County": "Calaveras", "Acres": 2.66340541, "SUBCLASS2": "**"}, "geometry": {"type": "MultiPolygon", "coordinates": [[[[-120.66213317975064, 38.09204286291376, 0.0], [-120.66227356666658, 38.092114247934894, 0.0], [-120.66235209110054, 38.0921927692566, 0.0], [-120.6623663662287, 38.092221323921805, 0.0], [-120.6623687458659, 38.09224987574795, 0.0], [-120.66236691959092, 38.09230901974035, 0.0], [-120.6623535948803, 38.09236803006389, 0.0], [-120.66231552427858, 38.09244227029552, 0.0], [-120.66222986362803, 38.09251079798725, 0.0], [-120.662170853297, 38.09252412329972, 0.0], [-120.66211564912784, 38.09249937588495, 0.0], [-120.66208138558629, 38.09245369099275, 0.0], [-120.66205663879684, 38.09241942677467, 0.0], [-120.66199762756752, 38.092428944968134, 0.0], [-120.66196336402597, 38.092470822742314, 0.0], [-120.66192909958606, 38.09248224484907, 0.0], [-120.661875798947, 38.09248414806208, 0.0], [-120.6616911538336, 38.09246130526125, 0.0], [-120.6615826499237, 38.092459402047716, 0.0], [-120.66147795397228, 38.092447981351334, 0.0], [-120.66106956187781, 38.09239978308019, 0.0], [-120.66102479074239, 38.09240072478993, 0.0], [-120.66101728980975, 38.09240800465805, 0.0], [-120.66097160418934, 38.092423233910786, 0.0], [-120.6608707152981, 38.092457498127125, 0.0], [-120.6607888608094, 38.092476533795946, 0.0], [-120.66073365843688, 38.09246892023597, 0.0], [-120.6606555346516, 38.09245450968573, 0.0], [-120.66060756731034, 38.09244458497704, 0.0], [-120.66061373424478, 38.09231663402392, 0.0], [-120.66041005113556, 38.092185287874486, 0.0], [-120.66029583843202, 38.092120567029454, 0.0], [-120.66021208131157, 38.09208439801785, 0.0], [-120.66025205544341, 38.09189594472783, 0.0], [-120.66015116565383, 38.09188071677918, 0.0], [-120.6601454559619, 38.091855969853576, 0.0], [-120.66015344827296, 38.091797026281185, 0.0], [-120.66052942286379, 38.0918168150716, 0.0], [-120.66066267266481, 38.091812056288646, 0.0], [-120.66070074416488, 38.09182395289192, 0.0], [-120.66072453874013, 38.09184298801873, 0.0], [-120.66078164643937, 38.09186678333423, 0.0], [-120.66080781975347, 38.091881061085445, 0.0], [-120.66086730708993, 38.09188819819248, 0.0], [-120.66093155100577, 38.091869163077455, 0.0], [-120.66100531526699, 38.09185964481109, 0.0], [-120.6610695609795, 38.09185964481109, 0.0], [-120.66111952886887, 38.09184060968862, 0.0], [-120.66117425693092, 38.09182157385425, 0.0], [-120.66138658273147, 38.091821706769274, 0.0], [-120.66167782822467, 38.09186739205642, 0.0], [-120.66180100970801, 38.09191035680215, 0.0], [-120.66183387097942, 38.091921820002156, 0.0], [-120.66213317975064, 38.09204286291376, 0.0]]]]}}, {"type": "Feature", "properties": {"Symb_class": "V", "Crop2016": "Grapes", "County": "Calaveras", "Acres": 1.20594933, "SUBCLASS2": "**"}, "geometry": {"type": "MultiPolygon", "coordinates": [[[[-120.48868521872951, 38.15543417622129, 0.0], [-120.4889983903022, 38.15519003705293, 0.0], [-120.48902212469032, 38.15520190426132, 0.0], [-120.48908161112843, 38.15524235518064, 0.0], [-120.48918091898476, 38.15533044931492, 0.0], [-120.4892291387526, 38.15537322485867, 0.0], [-120.48938856186774, 38.15549457797053, 0.0], [-120.48957653883254, 38.15559213584802, 0.0], [-120.4896764773062, 38.15563734612044, 0.0], [-120.48985255788166, 38.15573252473174, 0.0], [-120.48986930786846, 38.15576788874397, 0.0], [-120.48985017734618, 38.155792010770966, 0.0], [-120.48981210584611, 38.15582532273393, 0.0], [-120.48979544928413, 38.15585149676168, 0.0], [-120.48970740989469, 38.15591336389234, 0.0], [-120.48970027008481, 38.15594429673157, 0.0], [-120.48963364563345, 38.15600378330445, 0.0], [-120.48963364743008, 38.156020438886294, 0.0], [-120.48957177955815, 38.15607992610338, 0.0], [-120.48958129810691, 38.15609896073116, 0.0], [-120.48951334055567, 38.15613045435138, 0.0], [-120.48943853065542, 38.15608706400107, 0.0], [-120.48914347810204, 38.155896706873264, 0.0], [-120.48901022740267, 38.15577535372423, 0.0], [-120.48872945087581, 38.15551123366862, 0.0], [-120.48868424226082, 38.15546840381468, 0.0], [-120.48868521872951, 38.15543417622129, 0.0]]]]}}, {"type": "Feature", "properties": {"Symb_class": "V", "Crop2016": "Grapes", "County": "Calaveras", "Acres": 1.04666806, "SUBCLASS2": "**"}, "geometry": {"type": "MultiPolygon", "coordinates": [[[[-120.52659447855392, 38.02177257328983, 0.0], [-120.52648612915424, 38.02245732685609, 0.0], [-120.52644861460966, 38.02248724269185, 0.0], [-120.52642652683346, 38.02256469304543, 0.0], [-120.52628284310038, 38.02251771969351, 0.0], [-120.52621435644143, 38.02243471623935, 0.0], [-120.52619880570556, 38.02236933074918, 0.0], [-120.52616825040947, 38.0223159132598, 0.0], [-120.52584953533321, 38.0220554957189, 0.0], [-120.52583394417312, 38.02198416121782, 0.0], [-120.52585590888015, 38.02188886067304, 0.0], [-120.52587032773877, 38.02179359397259, 0.0], [-120.52589258529656, 38.02173994394712, 0.0], [-120.52598278513422, 38.02169194677178, 0.0], [-120.5264357094123, 38.02172566595134, 0.0], [-120.52659447855392, 38.02177257328983, 0.0]]]]}}, {"type": "Feature", "properties": {"Symb_class": "V", "Crop2016": "Grapes", "County": "Calaveras", "Acres": 8.75552533, "SUBCLASS2": "**"}, "geometry": {"type": "MultiPolygon", "coordinates": [[[[-120.93106338942606, 38.1599830489209, 0.0], [-120.93112525460307, 38.15997829034127, 0.0], [-120.93139651437784, 38.15999256607917, 0.0], [-120.93132512885548, 38.16037803890408, 0.0], [-120.93115856682874, 38.161334581730564, 0.0], [-120.93110622020052, 38.16148210822965, 0.0], [-120.93107766635087, 38.16158680534455, 0.0], [-120.9310443532269, 38.16170577771157, 0.0], [-120.93099676407641, 38.161800956878025, 0.0], [-120.93095869167803, 38.16187234011184, 0.0], [-120.93040189879696, 38.16215787587984, 0.0], [-120.9296044966586, 38.16264201297415, 0.0], [-120.92928623702815, 38.162619279698795, 0.0], [-120.92920188971456, 38.1625511087888, 0.0], [-120.92922168588845, 38.1624481696546, 0.0], [-120.92923596281328, 38.162324437953615, 0.0], [-120.92924548136202, 38.1622578121809, 0.0], [-120.92924548136202, 38.16217691174626, 0.0], [-120.92924548136202, 38.162062697179316, 0.0], [-120.92928355196376, 38.16175336731033, 0.0], [-120.9294168017648, 38.16083965528967, 0.0], [-120.92945487416318, 38.160658814925654, 0.0], [-120.92952149771622, 38.1606302608827, 0.0], [-120.92961667691551, 38.160601708241295, 0.0], [-120.92994980186728, 38.16049701183081, 0.0], [-120.93098724642596, 38.16002587894858, 0.0], [-120.93106338942606, 38.1599830489209, 0.0]]]]}}, {"type": "Feature", "properties": {"Symb_class": "V", "Crop2016": "Grapes", "County": "Calaveras", "Acres": 2.50087968, "SUBCLASS2": "**"}, "geometry": {"type": "MultiPolygon", "coordinates": [[[[-120.48966770435915, 38.15324674009148, 0.0], [-120.48965807262266, 38.15324903306695, 0.0], [-120.48962695318458, 38.15322478375309, 0.0], [-120.48920971268458, 38.15321934023031, 0.0], [-120.4891213229522, 38.15326833686563, 0.0], [-120.48878858786928, 38.153452784061855, 0.0], [-120.48846955478939, 38.15362963278995, 0.0], [-120.48829822630175, 38.15372460422204, 0.0], [-120.4883885060895, 38.15386349702568, 0.0], [-120.48831236219108, 38.15391679587325, 0.0], [-120.48834281957078, 38.15396248188063, 0.0], [-120.48811439236708, 38.15400816715299, 0.0], [-120.4879240348668, 38.15406908292411, 0.0], [-120.48787073512604, 38.15391679728601, 0.0], [-120.4878250486073, 38.15377212627104, 0.0], [-120.48780982126495, 38.15365791125408, 0.0], [-120.48794687722786, 38.15355131102237, 0.0], [-120.48830474896904, 38.15334572507716, 0.0], [-120.48880729079349, 38.15308683984363, 0.0], [-120.48972100409989, 38.15254622706847, 0.0], [-120.48987329010012, 38.15265282806283, 0.0], [-120.48991897572053, 38.15288125470833, 0.0], [-120.48999511782232, 38.152942170007925, 0.0], [-120.49008648996144, 38.1531249106566, 0.0], [-120.4901550179429, 38.153170597160035, 0.0], [-120.49000273284099, 38.15329242581219, 0.0], [-120.48978953387798, 38.15331526866182, 0.0], [-120.48966770435915, 38.15324674009148, 0.0]]]]}}, {"type": "Feature", "properties": {"Symb_class": "V", "Crop2016": "Grapes", "County": "Calaveras", "Acres": 2.02164272, "SUBCLASS2": "**"}, "geometry": {"type": "MultiPolygon", "coordinates": [[[[-120.47919102420468, 38.02604059789869, 0.0], [-120.47925170001223, 38.02594779986161, 0.0], [-120.47930523780653, 38.02589069184913, 0.0], [-120.47940160637525, 38.025901399029905, 0.0], [-120.47954794283335, 38.02597278420502, 0.0], [-120.4797121261212, 38.02594066127403, 0.0], [-120.47984775466112, 38.02591210691675, 0.0], [-120.47997624518779, 38.02586927819049, 0.0], [-120.48003692279197, 38.025890693264365, 0.0], [-120.48005119881844, 38.02591924479947, 0.0], [-120.47999766102414, 38.02608699722696, 0.0], [-120.47999409201753, 38.026290442048335, 0.0], [-120.48001907686053, 38.026554561695974, 0.0], [-120.47997981599103, 38.02659739214455, 0.0], [-120.47997267707946, 38.026650930346904, 0.0], [-120.47997981509273, 38.02674015965376, 0.0], [-120.4800012309291, 38.02681154401165, 0.0], [-120.47998338499767, 38.02701498682105, 0.0], [-120.47991557027855, 38.02702212530396, 0.0], [-120.47980849379161, 38.02703640297531, 0.0], [-120.4796086186409, 38.02701855677023, 0.0], [-120.47949797494401, 38.026979295811365, 0.0], [-120.47944086814307, 38.026925757848964, 0.0], [-120.47931594572471, 38.026772282941856, 0.0], [-120.47915890134843, 38.02645105508813, 0.0], [-120.47910893256073, 38.02631899484294, 0.0], [-120.47910179364918, 38.0261869350673, 0.0], [-120.47913391740374, 38.02610841294489, 0.0], [-120.47919102420468, 38.02604059789869, 0.0]]]]}}, {"type": "Feature", "properties": {"Symb_class": "V", "Crop2016": "Grapes", "County": "Calaveras", "Acres": 0.77434836, "SUBCLASS2": "**"}, "geometry": {"type": "MultiPolygon", "coordinates": [[[[-120.48917679032775, 38.15850023591063, 0.0], [-120.48918003414423, 38.158499174973734, 0.0], [-120.4893822871355, 38.15850393294353, 0.0], [-120.4895512287994, 38.15856818033842, 0.0], [-120.48967496094998, 38.15865621889165, 0.0], [-120.48969720233815, 38.158675988154926, 0.0], [-120.4897392075608, 38.15871332709967, 0.0], [-120.48980821164936, 38.15875615716687, 0.0], [-120.48985806096111, 38.15880217212541, 0.0], [-120.48985806096111, 38.15889360579968, 0.0], [-120.48982724784855, 38.15892985827398, 0.0], [-120.48977251888819, 38.15895365221731, 0.0], [-120.48954885006052, 38.1589369958927, 0.0], [-120.48918833457743, 38.158934784325844, 0.0], [-120.48914313225065, 38.15889882710639, 0.0], [-120.48910626988298, 38.15884895485309, 0.0], [-120.48887139816543, 38.15865439722031, 0.0], [-120.48883551136814, 38.15860861102538, 0.0], [-120.48881896440061, 38.158562862238185, 0.0], [-120.48882787299328, 38.158537245786746, 0.0], [-120.48917396602445, 38.15850116122843, 0.0], [-120.48917679032775, 38.15850023591063, 0.0]]]]}}, {"type": "Feature", "properties": {"Symb_class": "P", "Crop2016": "Mixed Pasture", "County": "Calaveras", "Acres": 7.62394242, "SUBCLASS2": "3"}, "geometry": {"type": "MultiPolygon", "coordinates": [[[[-120.45216923692767, 38.3431214749247, 0.0], [-120.45189363379852, 38.34365566484287, 0.0], [-120.45177170456667, 38.34354187323368, 0.0], [-120.45145632134177, 38.34351449076458, 0.0], [-120.45112921689905, 38.3435537956836, 0.0], [-120.45053591378986, 38.343679780955796, 0.0], [-120.45014859527367, 38.34378595333505, 0.0], [-120.44956764220301, 38.34394996908165, 0.0], [-120.4492398460575, 38.34387502401717, 0.0], [-120.44869296608557, 38.343658082161376, 0.0], [-120.44885758685297, 38.34281013034632, 0.0], [-120.44899060039708, 38.34275251207721, 0.0], [-120.4493298824018, 38.34272268800501, 0.0], [-120.44970610941922, 38.342787931757954, 0.0], [-120.44994851890031, 38.34277750778265, 0.0], [-120.45015421423577, 38.34271009678953, 0.0], [-120.45038404011636, 38.342623554053446, 0.0], [-120.4507598637902, 38.342622151270014, 0.0], [-120.45177949565512, 38.34282779367377, 0.0], [-120.45216923692767, 38.3431214749247, 0.0]]]]}}, {"type": "Feature", "properties": {"Symb_class": "V", "Crop2016": "Grapes", "County": "Calaveras", "Acres": 4.56259089, "SUBCLASS2": "**"}, "geometry": {"type": "MultiPolygon", "coordinates": [[[[-120.44884738917787, 38.12341121019278, 0.0], [-120.44895398955771, 38.123357910259486, 0.0], [-120.44915957440035, 38.123357910966185, 0.0], [-120.44994384496589, 38.12353303765802, 0.0], [-120.44992861672522, 38.12407365200257, 0.0], [-120.44995145908622, 38.12434015290745, 0.0], [-120.45000475882699, 38.1247208652841, 0.0], [-120.45010374508648, 38.12520056492794, 0.0], [-120.44969257270618, 38.125269092989306, 0.0], [-120.4495098320212, 38.12531477927005, 0.0], [-120.44948698786354, 38.12545183582066, 0.0], [-120.44915196117832, 38.125459450890396, 0.0], [-120.44884738917787, 38.12341121019278, 0.0]]]]}}, {"type": "Feature", "properties": {"Symb_class": "V", "Crop2016": "Grapes", "County": "Calaveras", "Acres": 1.15278922, "SUBCLASS2": "**"}, "geometry": {"type": "MultiPolygon", "coordinates": [[[[-120.48551792432774, 38.15381019601994, 0.0], [-120.48560782772138, 38.15378522283768, 0.0], [-120.48567001180031, 38.1537926011343, 0.0], [-120.48581778556284, 38.153821545665465, 0.0], [-120.48597478143009, 38.15402339627715, 0.0], [-120.48598803068222, 38.15405351191551, 0.0], [-120.48599599784046, 38.15411382792206, 0.0], [-120.48600313585374, 38.15416141823742, 0.0], [-120.48604596572986, 38.1542185250208, 0.0], [-120.48607927885384, 38.15425659594943, 0.0], [-120.48609788206505, 38.1542688348711, 0.0], [-120.48613468244899, 38.15432035190704, 0.0], [-120.48619634460673, 38.15433577027847, 0.0], [-120.48622605099484, 38.154367331767176, 0.0], [-120.48623156395574, 38.15437318985488, 0.0], [-120.48624346214169, 38.154413639821065, 0.0], [-120.4862438457223, 38.15441509922075, 0.0], [-120.48625535942931, 38.15442315770618, 0.0], [-120.48626538732283, 38.154459928773, 0.0], [-120.48619690874872, 38.15450532411465, 0.0], [-120.48615669566502, 38.154521811211985, 0.0], [-120.4860571479585, 38.154562627004495, 0.0], [-120.48556540568039, 38.15461180074693, 0.0], [-120.48555341766291, 38.15460637569373, 0.0], [-120.48548679321156, 38.15458496227014, 0.0], [-120.48545579684269, 38.154462913971095, 0.0], [-120.4854344447867, 38.154228042931436, 0.0], [-120.48542730587513, 38.15413286376936, 0.0], [-120.48542137160437, 38.154078265317914, 0.0], [-120.48540313939735, 38.153840402871246, 0.0], [-120.48551792432774, 38.15381019601994, 0.0]]]]}}, {"type": "Feature", "properties": {"Symb_class": "P", "Crop2016": "Mixed Pasture", "County": "Calaveras", "Acres": 14.38761007, "SUBCLASS2": "3"}, "geometry": {"type": "MultiPolygon", "coordinates": [[[[-120.55238909528758, 38.05396360019338, 0.0], [-120.55255016321802, 38.053876536040406, 0.0], [-120.55255178737205, 38.0537862292337, 0.0], [-120.552388278719, 38.05372271794677, 0.0], [-120.55226121292037, 38.053687598768974, 0.0], [-120.55217058728124, 38.053680875985336, 0.0], [-120.55210581425769, 38.05349552384428, 0.0], [-120.55226826559367, 38.05341623521141, 0.0], [-120.55239549039409, 38.053472772846725, 0.0], [-120.55242287194227, 38.05350120893994, 0.0], [-120.55252255619271, 38.053507890712886, 0.0], [-120.55258553528066, 38.05345047880047, 0.0], [-120.5526936942375, 38.05337857785541, 0.0], [-120.55274840702819, 38.05342830995123, 0.0], [-120.55281244163656, 38.05351369888912, 0.0], [-120.5529037553852, 38.05361324421019, 0.0], [-120.552974971126, 38.053690032099574, 0.0], [-120.5530678946556, 38.05376243567368, 0.0], [-120.55318690885433, 38.05393325723408, 0.0], [-120.55325120756744, 38.05405434675919, 0.0], [-120.55325247688694, 38.05422570806013, 0.0], [-120.5532263619633, 38.05436863604411, 0.0], [-120.5533892903047, 38.05435360612138, 0.0], [-120.5536292896059, 38.05422785984419, 0.0], [-120.55363022295546, 38.05423010004806, 0.0], [-120.55384342102019, 38.054252941352004, 0.0], [-120.5540109352611, 38.05416157114184, 0.0], [-120.55412515065957, 38.054085428859224, 0.0], [-120.5543078931412, 38.05410827091569, 0.0], [-120.55439164936335, 38.054237714052604, 0.0], [-120.55442210584475, 38.05429862818274, 0.0], [-120.55438403614131, 38.054397615039214, 0.0], [-120.55427743486317, 38.05443568496702, 0.0], [-120.55424697928012, 38.05451944227522, 0.0], [-120.55432312228022, 38.05458035617089, 0.0], [-120.55446779236345, 38.05459558481375, 0.0], [-120.5550084065863, 38.05511335607736, 0.0], [-120.55510739284576, 38.055212341124594, 0.0], [-120.55499317834558, 38.05560066894223, 0.0], [-120.55501125065247, 38.05561714725123, 0.0], [-120.55519225309737, 38.05563769632551, 0.0], [-120.55529284195131, 38.055765758145135, 0.0], [-120.55523244282487, 38.0558188223264, 0.0], [-120.55496681369031, 38.05640017529893, 0.0], [-120.55487896294711, 38.056514381190716, 0.0], [-120.55469621956718, 38.056529610138455, 0.0], [-120.55461246424333, 38.056225039069375, 0.0], [-120.55447540558549, 38.05604991090874, 0.0], [-120.55418606541899, 38.055988996821476, 0.0], [-120.55417083717828, 38.05587478303646, 0.0], [-120.55447540558549, 38.05577579676307, 0.0], [-120.55437642112265, 38.055669197915684, 0.0], [-120.5541479921223, 38.055684424917274, 0.0], [-120.55405662177984, 38.055638741073636, 0.0], [-120.55378250805741, 38.0552732551509, 0.0], [-120.55352362167734, 38.05501437018889, 0.0], [-120.55338656481612, 38.05484685590196, 0.0], [-120.55321905057521, 38.054747869653056, 0.0], [-120.55302107985288, 38.05480878406598, 0.0], [-120.55279265264919, 38.05477071291752, 0.0], [-120.55273935290845, 38.05497629914736, 0.0], [-120.55272412376942, 38.05526564125408, 0.0], [-120.55264036664896, 38.05550168371283, 0.0], [-120.55235863790787, 38.05543315528983, 0.0], [-120.5521682813059, 38.05528848364958, 0.0], [-120.55187132522245, 38.05504482729076, 0.0], [-120.55152868262026, 38.054648884685015, 0.0], [-120.55149100458229, 38.054372585218005, 0.0], [-120.55134274033959, 38.05442012807751, 0.0], [-120.5508610663792, 38.05420098517374, 0.0], [-120.550764653793, 38.054081814958295, 0.0], [-120.55053882721204, 38.05394837071172, 0.0], [-120.55003628359096, 38.053712328902364, 0.0], [-120.54990781462386, 38.05370674285396, 0.0], [-120.54986945206967, 38.05361287496605, 0.0], [-120.54977336197868, 38.053565705070774, 0.0], [-120.54976978488719, 38.05356004332319, 0.0], [-120.54933577104418, 38.053301158667615, 0.0], [-120.54903119994205, 38.05331638686924, 0.0], [-120.54881800008076, 38.05340775671979, 0.0], [-120.54897028608097, 38.05316410188105, 0.0], [-120.54916825680328, 38.05302704413041, 0.0], [-120.54928247130344, 38.05295090208227, 0.0], [-120.54940429992396, 38.05305750205932, 0.0], [-120.54962511390566, 38.053072730311584, 0.0], [-120.54968602776674, 38.05299658689626, 0.0], [-120.54976978488719, 38.052928058957235, 0.0], [-120.5498306987483, 38.052859530246714, 0.0], [-120.55007435598932, 38.05292044481645, 0.0], [-120.55012004071143, 38.05303465896754, 0.0], [-120.55012004071143, 38.053209787269296, 0.0], [-120.55027232671164, 38.05328592904812, 0.0], [-120.55047029923061, 38.05324785922967, 0.0], [-120.55055405455441, 38.0531260298771, 0.0], [-120.55053121129505, 38.0533240009689, 0.0], [-120.55046268421194, 38.053377301058774, 0.0], [-120.55051598395269, 38.05348389970743, 0.0], [-120.55056928279512, 38.05360572917168, 0.0], [-120.55065304081388, 38.053712328902364, 0.0], [-120.55085862655488, 38.05370471413578, 0.0], [-120.55095761101771, 38.053697100783104, 0.0], [-120.55104898405514, 38.05384177132481, 0.0], [-120.55121649560114, 38.053811313722306, 0.0], [-120.55118604001807, 38.05367425789095, 0.0], [-120.55107182641622, 38.05359811510133, 0.0], [-120.55108705465689, 38.05348389970743, 0.0], [-120.55119365503673, 38.05342298702132, 0.0], [-120.55137639841664, 38.05340014333623, 0.0], [-120.551581982361, 38.05352197223256, 0.0], [-120.55177233986129, 38.05364380092611, 0.0], [-120.55190939582418, 38.05370471413578, 0.0], [-120.55195508234289, 38.053750399186605, 0.0], [-120.55191081875559, 38.053892040700696, 0.0], [-120.55187931304192, 38.053993907064736, 0.0], [-120.55186527417068, 38.05403929272169, 0.0], [-120.55187464898897, 38.054082092950686, 0.0], [-120.55188428521703, 38.054160592156975, 0.0], [-120.55198481298554, 38.05428151578425, 0.0], [-120.55206717412403, 38.05439538332879, 0.0], [-120.55214163727459, 38.05466637401731, 0.0], [-120.55223279202143, 38.0547444998218, 0.0], [-120.55226733314241, 38.054515850323796, 0.0], [-120.55220261311943, 38.05433763894723, 0.0], [-120.55218354817416, 38.0542092011435, 0.0], [-120.55216474733358, 38.05411646213823, 0.0], [-120.55219091795276, 38.05398067588346, 0.0], [-120.5522278782368, 38.05395119803376, 0.0], [-120.55238909528758, 38.05396360019338, 0.0]]]]}}, {"type": "Feature", "properties": {"Symb_class": "P", "Crop2016": "Mixed Pasture", "County": "Calaveras", "Acres": 3.75337252, "SUBCLASS2": "3"}, "geometry": {"type": "MultiPolygon", "coordinates": [[[[-120.51583440418182, 38.40094349172818, 0.0], [-120.51456134679545, 38.4010774512208, 0.0], [-120.51434053730534, 38.40072850201078, 0.0], [-120.51436709509841, 38.4006212811194, 0.0], [-120.51464839174986, 38.40050583313854, 0.0], [-120.51671240406577, 38.400268525284964, 0.0], [-120.51677952438718, 38.400760938652205, 0.0], [-120.5166435751487, 38.400840065692265, 0.0], [-120.51643671290172, 38.40119083911158, 0.0], [-120.51637470040102, 38.40143388497471, 0.0], [-120.51606516341198, 38.40141378465382, 0.0], [-120.5159807397416, 38.401049975764366, 0.0], [-120.51583440418182, 38.40094349172818, 0.0]]]]}}, {"type": "Feature", "properties": {"Symb_class": "C", "Crop2016": "Olives", "County": "Calaveras", "Acres": 2.98157329, "SUBCLASS2": "6"}, "geometry": {"type": "MultiPolygon", "coordinates": [[[[-120.90177419059158, 38.13085619080692, 0.0], [-120.90148452523496, 38.130896443241525, 0.0], [-120.90144975324694, 38.131020474162035, 0.0], [-120.90151307010143, 38.13125801884642, 0.0], [-120.90156222860871, 38.13132429489999, 0.0], [-120.90129570475213, 38.13127868798786, 0.0], [-120.90121051032719, 38.131231722229415, 0.0], [-120.90113797765623, 38.13123226490856, 0.0], [-120.90079961193311, 38.13124431690751, 0.0], [-120.9006684740713, 38.131397630653254, 0.0], [-120.90043901919489, 38.13141838878821, 0.0], [-120.90022257192383, 38.13151521501901, 0.0], [-120.90011377426482, 38.13151602903459, 0.0], [-120.90005218307401, 38.13142128165648, 0.0], [-120.90020772906037, 38.13128682816976, 0.0], [-120.90042360140968, 38.13114240198742, 0.0], [-120.90065317037211, 38.13113116399152, 0.0], [-120.90072397917606, 38.13098782286314, 0.0], [-120.90047011797172, 38.13098972224662, 0.0], [-120.90025229537996, 38.13097230981666, 0.0], [-120.89994698226938, 38.130717531899386, 0.0], [-120.89954714303474, 38.13064435374555, 0.0], [-120.89952158865984, 38.130530296132136, 0.0], [-120.90176970709999, 38.13048491484246, 0.0], [-120.90177419059158, 38.13085619080692, 0.0]]]]}}, {"type": "Feature", "properties": {"Symb_class": "V", "Crop2016": "Grapes", "County": "Calaveras", "Acres": 0.73087298, "SUBCLASS2": "**"}, "geometry": {"type": "MultiPolygon", "coordinates": [[[[-120.52671798432905, 38.025167249781816, 0.0], [-120.5268097391505, 38.0253394061438, 0.0], [-120.52681019998624, 38.025404856209164, 0.0], [-120.52663551808766, 38.02535063917966, 0.0], [-120.52655844892449, 38.025318515975904, 0.0], [-120.52652418538294, 38.02531423335276, 0.0], [-120.52652370298762, 38.02531422132293, 0.0], [-120.5264670776837, 38.02531280533987, 0.0], [-120.52642853097485, 38.02531423335276, 0.0], [-120.52635714635079, 38.025387044280826, 0.0], [-120.52633430398974, 38.02546556576116, 0.0], [-120.52632051574845, 38.025511526011755, 0.0], [-120.52631717221897, 38.02552267268969, 0.0], [-120.52631717132066, 38.025565503741504, 0.0], [-120.52632093526171, 38.025571149963, 0.0], [-120.52634858091457, 38.02561261666653, 0.0], [-120.52634858001625, 38.02563117580213, 0.0], [-120.52635143576053, 38.025701133235266, 0.0], [-120.52632937762873, 38.02569852489652, 0.0], [-120.52627643811242, 38.02568090622369, 0.0], [-120.52614050324699, 38.02566364985547, 0.0], [-120.52599664703736, 38.02559287719105, 0.0], [-120.52594349641697, 38.025545506674, 0.0], [-120.52593080681527, 38.02545977588135, 0.0], [-120.52593661801683, 38.025405434348414, 0.0], [-120.52599417667037, 38.02524182216799, 0.0], [-120.5260202152372, 38.02518716981993, 0.0], [-120.52605162303445, 38.025160043892484, 0.0], [-120.52612015191421, 38.02513148993864, 0.0], [-120.52619296396125, 38.025098653337906, 0.0], [-120.52629575638258, 38.02507438270515, 0.0], [-120.52641568057469, 38.02507010006773, 0.0], [-120.52647421659525, 38.025065816014816, 0.0], [-120.52655140972594, 38.02508467603587, 0.0], [-120.52671798432905, 38.025167249781816, 0.0]]]]}}, {"type": "Feature", "properties": {"Symb_class": "V", "Crop2016": "Grapes", "County": "Calaveras", "Acres": 1.63227542, "SUBCLASS2": "**"}, "geometry": {"type": "MultiPolygon", "coordinates": [[[[-120.48987659230713, 38.15586311804392, 0.0], [-120.48999294479763, 38.15578963099125, 0.0], [-120.49013095297472, 38.15579914799045, 0.0], [-120.49039269420078, 38.15586577401384, 0.0], [-120.49061398428954, 38.155949054868074, 0.0], [-120.49073295806409, 38.15603947423593, 0.0], [-120.49085945612744, 38.15614488977631, 0.0], [-120.4909471092413, 38.15623697028684, 0.0], [-120.49110653325478, 38.156372599820656, 0.0], [-120.49114222511764, 38.15641542914361, 0.0], [-120.49114335340164, 38.156423067118105, 0.0], [-120.49113984458214, 38.15643208604414, 0.0], [-120.49092331376775, 38.156477295795845, 0.0], [-120.49064253813917, 38.156493951269496, 0.0], [-120.49026896205017, 38.15648681199893, 0.0], [-120.49007384617381, 38.15643684485514, 0.0], [-120.48992865776266, 38.15638201785199, 0.0], [-120.48973977170282, 38.15628602634908, 0.0], [-120.48966177996984, 38.156227266862714, 0.0], [-120.48962852074476, 38.15614966202714, 0.0], [-120.48964316418221, 38.15613227396667, 0.0], [-120.48987659230713, 38.15586311804392, 0.0]]]]}}, {"type": "Feature", "properties": {"Symb_class": "V", "Crop2016": "Grapes", "County": "Calaveras", "Acres": 0.8568874, "SUBCLASS2": "**"}, "geometry": {"type": "MultiPolygon", "coordinates": [[[[-120.48828644040523, 38.09881796917008, 0.0], [-120.49004486203118, 38.098803692067115, 0.0], [-120.49002344709312, 38.098875076140246, 0.0], [-120.48996871903107, 38.09887983517026, 0.0], [-120.48543346741965, 38.09892742403924, 0.0], [-120.48540967194612, 38.0989250438189, 0.0], [-120.48540729230892, 38.09885366120841, 0.0], [-120.48828644040523, 38.09881796917008, 0.0]]]]}}, {"type": "Feature", "properties": {"Symb_class": "V", "Crop2016": "Grapes", "County": "Calaveras", "Acres": 7.46497571, "SUBCLASS2": "**"}, "geometry": {"type": "MultiPolygon", "coordinates": [[[[-120.47324475104726, 38.02682582030877, 0.0], [-120.47298776909562, 38.02661642797005, 0.0], [-120.47289259079461, 38.02646890072381, 0.0], [-120.47285451929459, 38.02635468688193, 0.0], [-120.47287355459545, 38.026307098200334, 0.0], [-120.4729782514452, 38.02599776712467, 0.0], [-120.47302108132129, 38.02599300901308, 0.0], [-120.47563372891723, 38.026502215065726, 0.0], [-120.47563372891723, 38.026554561695974, 0.0], [-120.47563372981551, 38.02661642797005, 0.0], [-120.47541481936396, 38.02674015965376, 0.0], [-120.47534343473991, 38.02674015965376, 0.0], [-120.47523398131072, 38.026806783830054, 0.0], [-120.47517687271318, 38.026859131657964, 0.0], [-120.47482947173494, 38.02691624033084, 0.0], [-120.47453917755762, 38.027101838079986, 0.0], [-120.47448683003105, 38.027301712978556, 0.0], [-120.47476760565962, 38.027373096081725, 0.0], [-120.47477712420836, 38.027396891141606, 0.0], [-120.4745249006328, 38.02818687184472, 0.0], [-120.47444399925662, 38.028282050273, 0.0], [-120.47435833860607, 38.02834391721107, 0.0], [-120.47430123180513, 38.02835819320964, 0.0], [-120.47402045527824, 38.02829156902888, 0.0], [-120.4740014199774, 38.0282344607205, 0.0], [-120.47393955300375, 38.028182113167716, 0.0], [-120.47386341000364, 38.02810121207338, 0.0], [-120.47379202717623, 38.02804410503182, 0.0], [-120.47372540272487, 38.02791561402552, 0.0], [-120.47369684797691, 38.027839469921254, 0.0], [-120.4733780008483, 38.027301712978556, 0.0], [-120.47340655469792, 38.02723508712945, 0.0], [-120.47343035017147, 38.02707328488284, 0.0], [-120.47339703704746, 38.027006658826, 0.0], [-120.47330185784818, 38.02691624033084, 0.0], [-120.47324475104726, 38.02682582030877, 0.0]]]]}}, {"type": "Feature", "properties": {"Symb_class": "V", "Crop2016": "Grapes", "County": "Calaveras", "Acres": 6.90690194, "SUBCLASS2": "**"}, "geometry": {"type": "MultiPolygon", "coordinates": [[[[-120.49725716505446, 38.09931458312868, 0.0], [-120.49645409634329, 38.09871674278135, 0.0], [-120.49441370792273, 38.09714332429313, 0.0], [-120.49438396470367, 38.097111200778286, 0.0], [-120.49447676426577, 38.09703624915448, 0.0], [-120.49555822896833, 38.09699698686422, 0.0], [-120.49562961179575, 38.09699698686422, 0.0], [-120.49570099731811, 38.097018402340154, 0.0], [-120.49573668918099, 38.09704695582706, 0.0], [-120.49664326267752, 38.09778934822551, 0.0], [-120.49670037127507, 38.09782504005929, 0.0], [-120.49673606223962, 38.09783931735351, 0.0], [-120.49725418983425, 38.09793746908043, 0.0], [-120.49730177898476, 38.097964237903156, 0.0], [-120.49734639381333, 38.09799992965153, 0.0], [-120.49738505999808, 38.09804157094518, 0.0], [-120.49739993160765, 38.09807131380291, 0.0], [-120.49712331967041, 38.09827951700278, 0.0], [-120.49713819127993, 38.09831520930411, 0.0], [-120.4977211601701, 38.09881787020028, 0.0], [-120.49776577320203, 38.09887735668555, 0.0], [-120.49779551821771, 38.09893684170857, 0.0], [-120.49782228621656, 38.09897550913906, 0.0], [-120.49783715872442, 38.09899038073282, 0.0], [-120.4978252614368, 38.099005252323614, 0.0], [-120.4976378782584, 38.09915991824327, 0.0], [-120.49760813414103, 38.099145045977075, 0.0], [-120.49752485312769, 38.09920155816903, 0.0], [-120.4975099833148, 38.09920155816903, 0.0], [-120.49743859779241, 38.099255096292396, 0.0], [-120.49739993160765, 38.099264019073495, 0.0], [-120.49736721406668, 38.09926699309797, 0.0], [-120.49731962491619, 38.09929078670336, 0.0], [-120.4972779853078, 38.099314581714864, 0.0], [-120.49725716505446, 38.09931458312868, 0.0]]]]}}, {"type": "Feature", "properties": {"Symb_class": "C", "Crop2016": "Olives", "County": "Calaveras", "Acres": 2.55920593, "SUBCLASS2": "6"}, "geometry": {"type": "MultiPolygon", "coordinates": [[[[-120.88820778106853, 38.13559032126661, 0.0], [-120.8882341169777, 38.135514499059646, 0.0], [-120.88840307391297, 38.13551753802596, 0.0], [-120.8884054086344, 38.135436516074364, 0.0], [-120.88821217922015, 38.13543780910258, 0.0], [-120.88821273976889, 38.1352089328596, 0.0], [-120.88894904209488, 38.13521740610654, 0.0], [-120.88898034029769, 38.13455038502595, 0.0], [-120.88827435162096, 38.13453769129031, 0.0], [-120.88826915307041, 38.13429917512845, 0.0], [-120.88894496913339, 38.134311326955824, 0.0], [-120.88937214500044, 38.13457173367265, 0.0], [-120.88946196125748, 38.13480700221385, 0.0], [-120.88944522384712, 38.134968827679316, 0.0], [-120.8892992970208, 38.135214165047294, 0.0], [-120.88903515998791, 38.13537154385006, 0.0], [-120.88893682770195, 38.1354317657853, 0.0], [-120.88894270627718, 38.13585626433202, 0.0], [-120.88885095504901, 38.13589753076087, 0.0], [-120.88885465520967, 38.13597866101209, 0.0], [-120.8889267908253, 38.13598949481155, 0.0], [-120.8888711087524, 38.136036177001316, 0.0], [-120.88849698828436, 38.136029451189785, 0.0], [-120.88821600334832, 38.1357239846525, 0.0], [-120.88820778106853, 38.13559032126661, 0.0]]]]}}, {"type": "Feature", "properties": {"Symb_class": "C", "Crop2016": "Olives", "County": "Calaveras", "Acres": 2.23821128, "SUBCLASS2": "6"}, "geometry": {"type": "MultiPolygon", "coordinates": [[[[-120.69260386710133, 38.106230963985205, 0.0], [-120.69245722701264, 38.10605833129626, 0.0], [-120.6924870753346, 38.10603030723252, 0.0], [-120.69235534099144, 38.10592090824219, 0.0], [-120.6921501918317, 38.105689905114, 0.0], [-120.69179556121203, 38.10522327023365, 0.0], [-120.691630226284, 38.105031194200784, 0.0], [-120.6916220758694, 38.10498335130037, 0.0], [-120.69196918759016, 38.10484521723474, 0.0], [-120.69211912719085, 38.10491301229087, 0.0], [-120.69223361208392, 38.105033516259134, 0.0], [-120.69230001644803, 38.105071060786464, 0.0], [-120.6924830679501, 38.10516048714438, 0.0], [-120.69318387783925, 38.105979147702335, 0.0], [-120.69323521206614, 38.10603546870519, 0.0], [-120.69299767325052, 38.10614333435268, 0.0], [-120.69302282877344, 38.106187697348844, 0.0], [-120.69283563603787, 38.106229796259925, 0.0], [-120.69280517596322, 38.106200586864894, 0.0], [-120.69266074483184, 38.10626450568344, 0.0], [-120.69260386710133, 38.106230963985205, 0.0]]]]}}, {"type": "Feature", "properties": {"Symb_class": "G", "Crop2016": "Miscellaneous Grain and Hay", "County": "Calaveras", "Acres": 1.4942681, "SUBCLASS2": "6"}, "geometry": {"type": "MultiPolygon", "coordinates": [[[[-120.4589442490538, 38.11409151893981, 0.0], [-120.45894490841721, 38.11419861997269, 0.0], [-120.45877277593745, 38.11446108871855, 0.0], [-120.4586382289691, 38.11469366212495, 0.0], [-120.45863166318269, 38.114854344095576, 0.0], [-120.4585722899323, 38.11502712774247, 0.0], [-120.45849696889069, 38.115063117187006, 0.0], [-120.45831545530439, 38.11502810591267, 0.0], [-120.45814890136249, 38.11496923827989, 0.0], [-120.45796683890556, 38.11484497512491, 0.0], [-120.45796636369677, 38.11476762382281, 0.0], [-120.45854250359412, 38.113866938729636, 0.0], [-120.4589442490538, 38.11409151893981, 0.0]]]]}}, {"type": "Feature", "properties": {"Symb_class": "C", "Crop2016": "Olives", "County": "Calaveras", "Acres": 17.04564271, "SUBCLASS2": "6"}, "geometry": {"type": "MultiPolygon", "coordinates": [[[[-120.94021342589086, 38.179968883291835, 0.0], [-120.94021107140651, 38.180819227258716, 0.0], [-120.94018749512186, 38.18081979216525, 0.0], [-120.94005948968547, 38.180699526286425, 0.0], [-120.93996630205118, 38.18062994094971, 0.0], [-120.93992222621173, 38.18058625095037, 0.0], [-120.93979220675244, 38.18053747674633, 0.0], [-120.93963994770169, 38.18047400710364, 0.0], [-120.93960976071489, 38.180258895000755, 0.0], [-120.93953700256677, 38.18026834807783, 0.0], [-120.93956256322986, 38.180326017682596, 0.0], [-120.9394625313314, 38.18033856787168, 0.0], [-120.93942741079704, 38.18029861105052, 0.0], [-120.9391475532467, 38.1801005757253, 0.0], [-120.93913799157882, 38.180118289248966, 0.0], [-120.93915680230086, 38.18041545565078, 0.0], [-120.939092093956, 38.180460812235154, 0.0], [-120.93904096993487, 38.18050640675917, 0.0], [-120.93901762182232, 38.180531031137356, 0.0], [-120.93772959670667, 38.180576358698204, 0.0], [-120.9375121262545, 38.18057611296303, 0.0], [-120.93746352200773, 38.18053234313801, 0.0], [-120.93742801519782, 38.180184814666454, 0.0], [-120.93776433635536, 38.18014780801272, 0.0], [-120.93776172315619, 38.18007981096493, 0.0], [-120.93769852487932, 38.18007154912227, 0.0], [-120.93754012674192, 38.18006518891506, 0.0], [-120.9375349012419, 38.179929196014115, 0.0], [-120.93774442160381, 38.17988996205806, 0.0], [-120.93775026065319, 38.17984357203169, 0.0], [-120.93795032175517, 38.17981847571773, 0.0], [-120.93794811100125, 38.179736181778914, 0.0], [-120.93814354308454, 38.17971458013417, 0.0], [-120.93814062715313, 38.179657306898676, 0.0], [-120.93805045965482, 38.17964141794063, 0.0], [-120.93794137273827, 38.179653807246694, 0.0], [-120.93792990304874, 38.179578501841405, 0.0], [-120.93763534995867, 38.17958048116641, 0.0], [-120.93761039655669, 38.17950136179114, 0.0], [-120.93752002873404, 38.17949262182203, 0.0], [-120.93752216133453, 38.17909568616148, 0.0], [-120.93739093633616, 38.17908980322649, 0.0], [-120.93737987088849, 38.179000199804044, 0.0], [-120.93666600757999, 38.178608561857736, 0.0], [-120.93663826131579, 38.17814672609584, 0.0], [-120.9365529267537, 38.17812019075083, 0.0], [-120.93655876670134, 38.17807380171621, 0.0], [-120.93943903589516, 38.17795631075434, 0.0], [-120.94004291397185, 38.17791999288835, 0.0], [-120.94010696205498, 38.17990733103563, 0.0], [-120.94021342589086, 38.179968883291835, 0.0]]]]}}, {"type": "Feature", "properties": {"Symb_class": "V", "Crop2016": "Grapes", "County": "Calaveras", "Acres": 18.39480279, "SUBCLASS2": "**"}, "geometry": {"type": "MultiPolygon", "coordinates": [[[[-120.53621325144236, 38.15667431810139, 0.0], [-120.53608761666, 38.15662863167375, 0.0], [-120.53581350203925, 38.156662896143985, 0.0], [-120.53561933837712, 38.15657152465849, 0.0], [-120.53542517291835, 38.156514419011266, 0.0], [-120.53523100925621, 38.15649157575091, 0.0], [-120.53494547525158, 38.156400203344425, 0.0], [-120.534785575131, 38.15627456901234, 0.0], [-120.53477415395045, 38.15616035508894, 0.0], [-120.534785575131, 38.15564638986686, 0.0], [-120.53471704625123, 38.155566439945034, 0.0], [-120.53430587566757, 38.15547506991123, 0.0], [-120.53443151134829, 38.15457277779339, 0.0], [-120.534785575131, 38.154549935337634, 0.0], [-120.53516248217306, 38.15452709216832, 0.0], [-120.53552796713633, 38.15445856403026, 0.0], [-120.53591629535892, 38.15445856332391, 0.0], [-120.53593913682161, 38.15456135621323, 0.0], [-120.53648736516482, 38.15461846409624, 0.0], [-120.53665868556759, 38.154732678315305, 0.0], [-120.53748102763319, 38.154732678315305, 0.0], [-120.5388401759631, 38.15714259633038, 0.0], [-120.53833763324035, 38.15719970219205, 0.0], [-120.53797214917542, 38.15718828172964, 0.0], [-120.5379721482771, 38.157096910196124, 0.0], [-120.53756097679516, 38.1569826968543, 0.0], [-120.53712696385047, 38.15691416819828, 0.0], [-120.53676147888721, 38.15683421684089, 0.0], [-120.5362132523407, 38.156742846276444, 0.0], [-120.53621325144236, 38.15667431810139, 0.0]]]]}}, {"type": "Feature", "properties": {"Symb_class": "D", "Crop2016": "Walnuts", "County": "Calaveras", "Acres": 54.04501791, "SUBCLASS2": "13"}, "geometry": {"type": "MultiPolygon", "coordinates": [[[[-120.88544003305059, 38.076668636176564, 0.0], [-120.88557191831072, 38.076604851993345, 0.0], [-120.88626132588395, 38.07638837004073, 0.0], [-120.88638403036184, 38.07652648010745, 0.0], [-120.88647847114598, 38.07670342116151, 0.0], [-120.88653961677244, 38.07677962476557, 0.0], [-120.88663324188627, 38.07682780222101, 0.0], [-120.88696416596561, 38.07696250375713, 0.0], [-120.88752376338701, 38.07701190868381, 0.0], [-120.88788737266793, 38.07711143123132, 0.0], [-120.88790658942847, 38.07722979669846, 0.0], [-120.88800000882814, 38.077285122997104, 0.0], [-120.88843905593168, 38.077278709985386, 0.0], [-120.88858715308773, 38.077320710994265, 0.0], [-120.88875220504649, 38.07755971802714, 0.0], [-120.88876782495262, 38.07780319192913, 0.0], [-120.88873894501455, 38.07786347123884, 0.0], [-120.88888395466097, 38.07817006796038, 0.0], [-120.88895743864784, 38.07828940896186, 0.0], [-120.88907768623348, 38.07835594522101, 0.0], [-120.88917573285515, 38.07840777535089, 0.0], [-120.88920985266627, 38.07847991616657, 0.0], [-120.88922054171981, 38.07858024707915, 0.0], [-120.88917223661207, 38.07868666900242, 0.0], [-120.88928251469466, 38.07878521273673, 0.0], [-120.8893622680239, 38.078843867688576, 0.0], [-120.88954603099168, 38.078904390803906, 0.0], [-120.88966031915369, 38.078863527046735, 0.0], [-120.88977224205159, 38.07890487800947, 0.0], [-120.88982958870268, 38.07895597729602, 0.0], [-120.88996494505307, 38.07896913678492, 0.0], [-120.88999824470231, 38.07906987432642, 0.0], [-120.89006320098221, 38.07917118025138, 0.0], [-120.89013709909244, 38.07927622102384, 0.0], [-120.89013524856296, 38.07934056220549, 0.0], [-120.89009670724397, 38.07942212723461, 0.0], [-120.890093521818, 38.079532936987626, 0.0], [-120.89009126075842, 38.07961157718306, 0.0], [-120.89002240219696, 38.07964610408628, 0.0], [-120.89007553844432, 38.07968639818079, 0.0], [-120.89016515976698, 38.07987397925888, 0.0], [-120.89032837107767, 38.08001996488742, 0.0], [-120.89027174307878, 38.080101203888916, 0.0], [-120.8906636340198, 38.080161885769904, 0.0], [-120.8906947777124, 38.080337688072746, 0.0], [-120.89063650938978, 38.08079084116328, 0.0], [-120.89059683799022, 38.080911725023405, 0.0], [-120.89046702963503, 38.08102026131615, 0.0], [-120.89041800677334, 38.081309066276276, 0.0], [-120.8904296228883, 38.081534585884974, 0.0], [-120.8903907734472, 38.08162687366132, 0.0], [-120.89038964156994, 38.08166619299718, 0.0], [-120.89047011983962, 38.081699825872136, 0.0], [-120.89055789512435, 38.08179438815443, 0.0], [-120.89055974565383, 38.08188740673486, 0.0], [-120.89066458264074, 38.08201803884246, 0.0], [-120.89068359907698, 38.082143552103425, 0.0], [-120.89092657629337, 38.082348191705584, 0.0], [-120.8910739673736, 38.08257257323907, 0.0], [-120.89127234233779, 38.08291231232487, 0.0], [-120.89131982908035, 38.08299184475665, 0.0], [-120.89133966657674, 38.083088762063426, 0.0], [-120.89132949315615, 38.08312792010627, 0.0], [-120.89125765398458, 38.083423467904495, 0.0], [-120.89125498419156, 38.08351640592717, 0.0], [-120.89131100223436, 38.083613973754034, 0.0], [-120.89129795240822, 38.083753217753745, 0.0], [-120.8913710321532, 38.08388685582475, 0.0], [-120.89142407228087, 38.084088083886215, 0.0], [-120.89129868363688, 38.08435763672986, 0.0], [-120.89120895541471, 38.0844883521003, 0.0], [-120.89117863727387, 38.084598674786015, 0.0], [-120.89116065659515, 38.08506685619686, 0.0], [-120.89109755264137, 38.08537329120318, 0.0], [-120.89112849421302, 38.085556239913195, 0.0], [-120.8911161612425, 38.085670461806565, 0.0], [-120.89114741093628, 38.085842688733685, 0.0], [-120.89116334435447, 38.085918078895695, 0.0], [-120.8911022912545, 38.08599566295998, 0.0], [-120.89104360072375, 38.086148394348136, 0.0], [-120.89095983462013, 38.08638650498042, 0.0], [-120.89091265599971, 38.08645361011493, 0.0], [-120.89090587371932, 38.08653216792034, 0.0], [-120.89081500373842, 38.086566060870894, 0.0], [-120.89071057279003, 38.086578492147396, 0.0], [-120.8906934077816, 38.08654599703231, 0.0], [-120.89052165079758, 38.08653933524554, 0.0], [-120.89044250562777, 38.08677395393, 0.0], [-120.89034958838637, 38.08685811824134, 0.0], [-120.89034619724617, 38.086976076937525, 0.0], [-120.89022809483744, 38.08714919802272, 0.0], [-120.89014524681204, 38.08719777872923, 0.0], [-120.89009488186734, 38.08721833166025, 0.0], [-120.88997102305429, 38.087434266121235, 0.0], [-120.88984048167383, 38.087567823225, 0.0], [-120.88979885284526, 38.08759926228158, 0.0], [-120.889751466714, 38.08767351513405, 0.0], [-120.88967396456286, 38.087693580784325, 0.0], [-120.88963346581491, 38.08768570017404, 0.0], [-120.88963500822224, 38.08763208216481, 0.0], [-120.88969986658576, 38.08757960315103, 0.0], [-120.88965073502791, 38.087557260813234, 0.0], [-120.88958916539667, 38.08749535623994, 0.0], [-120.88958320507476, 38.087387957991275, 0.0], [-120.88960160436841, 38.08722020107236, 0.0], [-120.88963192879747, 38.0866377976926, 0.0], [-120.88959246041715, 38.0865941730026, 0.0], [-120.88958557393217, 38.086518944744306, 0.0], [-120.88957323916499, 38.08647580713844, 0.0], [-120.88964704025716, 38.08626970418563, 0.0], [-120.88964539813684, 38.08601217684634, 0.0], [-120.88962627929266, 38.08589023730507, 0.0], [-120.88961404783174, 38.08584352376288, 0.0], [-120.88959184686779, 38.08567146016732, 0.0], [-120.88962021835941, 38.08531433321175, 0.0], [-120.88964375601647, 38.08512520914485, 0.0], [-120.88968703055866, 38.08362033671497, 0.0], [-120.88970635511707, 38.083420406972046, 0.0], [-120.88965054458508, 38.08331569033739, 0.0], [-120.88945351439885, 38.08277211923334, 0.0], [-120.88940191786392, 38.08267820590381, 0.0], [-120.88934076415264, 38.08244464389616, 0.0], [-120.88926080241424, 38.082235778301616, 0.0], [-120.88918844491472, 38.082234477967496, 0.0], [-120.88907919001323, 38.08210018918299, 0.0], [-120.88900005023335, 38.08202008728126, 0.0], [-120.88891176290889, 38.081943396295976, 0.0], [-120.88886335359656, 38.08189603324396, 0.0], [-120.888878977096, 38.0818247867337, 0.0], [-120.88882584084861, 38.08178449311042, 0.0], [-120.88865255942356, 38.08151672680058, 0.0], [-120.88845810470727, 38.08119851094146, 0.0], [-120.88818985967859, 38.080771678001646, 0.0], [-120.88786961027982, 38.080422590232956, 0.0], [-120.88761185308208, 38.08010323470367, 0.0], [-120.88743693133333, 38.07989265969952, 0.0], [-120.88731350011832, 38.079779572886, 0.0], [-120.8871893538444, 38.079534148273424, 0.0], [-120.88714177098211, 38.07945818795855, 0.0], [-120.88712162985512, 38.07937199277902, 0.0], [-120.88712851903503, 38.07928986129402, 0.0], [-120.88699779260163, 38.0791158426515, 0.0], [-120.88654559236568, 38.078792988945395, 0.0], [-120.88634313186358, 38.07859622169151, 0.0], [-120.88566936395948, 38.07811201706209, 0.0], [-120.88503004644649, 38.0775106472374, 0.0], [-120.88489696013883, 38.07741884218867, 0.0], [-120.88487651358466, 38.07734336972101, 0.0], [-120.88480539665855, 38.077299173069996, 0.0], [-120.88472071427334, 38.07725473172333, 0.0], [-120.88463489911257, 38.07724960993897, 0.0], [-120.88456306173761, 38.077230435242264, 0.0], [-120.88461023766308, 38.07716333295688, 0.0], [-120.88460736485081, 38.07710605981749, 0.0], [-120.8845770503032, 38.077059021036945, 0.0], [-120.88470099894779, 38.07699687775499, 0.0], [-120.88482340069348, 38.07698835391013, 0.0], [-120.8847742781188, 38.07696601116436, 0.0], [-120.88468024337317, 38.076932130734896, 0.0], [-120.8846217657431, 38.07692034767906, 0.0], [-120.88457654634834, 38.07691953376211, 0.0], [-120.88455640881462, 38.076833337711705, 0.0], [-120.8848998850534, 38.07668931510996, 0.0], [-120.88501847614563, 38.07681304703889, 0.0], [-120.8851085044051, 38.07682897395174, 0.0], [-120.88544003305059, 38.076668636176564, 0.0]]]]}}, {"type": "Feature", "properties": {"Symb_class": "D", "Crop2016": "Walnuts", "County": "Calaveras", "Acres": 2.26275185, "SUBCLASS2": "13"}, "geometry": {"type": "MultiPolygon", "coordinates": [[[[-120.55430239634998, 38.40548513585609, 0.0], [-120.55406589868176, 38.40550050168353, 0.0], [-120.55406749408971, 38.40571471201618, 0.0], [-120.55395924799629, 38.40584373996594, 0.0], [-120.55350413272724, 38.40583154478886, 0.0], [-120.55333990362533, 38.405775171985916, 0.0], [-120.55342910004484, 38.40553198233142, 0.0], [-120.55346369416642, 38.4052890431696, 0.0], [-120.55369859732501, 38.40505946706529, 0.0], [-120.55378821595272, 38.40487340108276, 0.0], [-120.55307788032832, 38.404805248220825, 0.0], [-120.55285979632679, 38.40484908994624, 0.0], [-120.55285809761259, 38.404620597948984, 0.0], [-120.55426003719107, 38.404685581061464, 0.0], [-120.55424534793956, 38.405156928801034, 0.0], [-120.55442809401443, 38.405256058773105, 0.0], [-120.55430239634998, 38.40548513585609, 0.0]]]]}}, {"type": "Feature", "properties": {"Symb_class": "P", "Crop2016": "Mixed Pasture", "County": "Calaveras", "Acres": 4.04779484, "SUBCLASS2": "3"}, "geometry": {"type": "MultiPolygon", "coordinates": [[[[-120.47763551942498, 38.090607601969815, 0.0], [-120.47765994371926, 38.0905383923527, 0.0], [-120.47782555622672, 38.0903784939969, 0.0], [-120.477625681076, 38.090161485798994, 0.0], [-120.47761425899716, 38.09003585126323, 0.0], [-120.47773989467785, 38.08984168708867, 0.0], [-120.47791121597895, 38.08991021580452, 0.0], [-120.47801971899054, 38.08993876924039, 0.0], [-120.4781853297014, 38.09003014072593, 0.0], [-120.4780882478703, 38.09014435421519, 0.0], [-120.47796832277989, 38.09024714789977, 0.0], [-120.47804827284017, 38.0903499393188, 0.0], [-120.47833951833337, 38.09029283205004, 0.0], [-120.47843088957418, 38.09033851829282, 0.0], [-120.47824814799088, 38.090464153722365, 0.0], [-120.47827804033027, 38.090496181177755, 0.0], [-120.47832809715285, 38.09054981476148, 0.0], [-120.47848799727342, 38.09075540013873, 0.0], [-120.47868787062752, 38.09081250633904, 0.0], [-120.47888176569339, 38.09086979419485, 0.0], [-120.4789391428872, 38.09088674602961, 0.0], [-120.4789326238132, 38.090891043199264, 0.0], [-120.47868787332244, 38.09105235726653, 0.0], [-120.47853939258577, 38.09117799217617, 0.0], [-120.47859079059309, 38.09130933872172, 0.0], [-120.47876782158612, 38.0913036282839, 0.0], [-120.47891630142448, 38.09126365308571, 0.0], [-120.4791104641883, 38.091223677865706, 0.0], [-120.47923038927871, 38.091212256976256, 0.0], [-120.47928749697797, 38.09109233116624, 0.0], [-120.47945881558412, 38.09107519909358, 0.0], [-120.4795444780313, 38.09114943781034, 0.0], [-120.47964156076068, 38.091286496260814, 0.0], [-120.47976148495279, 38.09148636984959, 0.0], [-120.47990996389285, 38.0915720318117, 0.0], [-120.47996135920522, 38.0916576908455, 0.0], [-120.47986998796438, 38.09182901285388, 0.0], [-120.47964726955432, 38.09184043364697, 0.0], [-120.47945881827907, 38.09192609590115, 0.0], [-120.47921325840626, 38.092063152188324, 0.0], [-120.47868787242415, 38.09166340196266, 0.0], [-120.47855652525489, 38.09149208098008, 0.0], [-120.47845373283354, 38.09146923786928, 0.0], [-120.47844231165303, 38.09137786676865, 0.0], [-120.4784251789839, 38.09132076030302, 0.0], [-120.47831096538205, 38.091320758889, 0.0], [-120.47824243560399, 38.09128078511421, 0.0], [-120.47823101442347, 38.0911608608306, 0.0], [-120.47819104029163, 38.09107519909358, 0.0], [-120.47812822290044, 38.091018093098505, 0.0], [-120.47793976982855, 38.091063776766944, 0.0], [-120.47787124184713, 38.09097811774416, 0.0], [-120.47789979479843, 38.09092101096621, 0.0], [-120.47785981886997, 38.090869613908815, 0.0], [-120.47774560526811, 38.090869613908815, 0.0], [-120.47761425809885, 38.09080679586246, 0.0], [-120.47744864828633, 38.0907782427656, 0.0], [-120.477625681076, 38.09063547499316, 0.0], [-120.47763551942498, 38.090607601969815, 0.0]]]]}}, {"type": "Feature", "properties": {"Symb_class": "V", "Crop2016": "Grapes", "County": "Calaveras", "Acres": 10.85675278, "SUBCLASS2": "**"}, "geometry": {"type": "MultiPolygon", "coordinates": [[[[-120.48881293490842, 38.09891857968586, 0.0], [-120.48999505314363, 38.098909062337555, 0.0], [-120.48997601604611, 38.098985206037845, 0.0], [-120.48973807119198, 38.099424930095665, 0.0], [-120.48947347512, 38.09978470409178, 0.0], [-120.48936116414991, 38.09994650680258, 0.0], [-120.48934593590923, 38.09996744565969, 0.0], [-120.48725581675451, 38.09999409568387, 0.0], [-120.48551785785241, 38.100022650835704, 0.0], [-120.48549882165322, 38.10002074711213, 0.0], [-120.48547978814901, 38.099999806856495, 0.0], [-120.4854264866116, 38.09933736581988, 0.0], [-120.4854093548408, 38.098985205330905, 0.0], [-120.48540745131072, 38.09896616994348, 0.0], [-120.4854226795514, 38.098960458690016, 0.0], [-120.4874423671946, 38.098931905950806, 0.0], [-120.48881293490842, 38.09891857968586, 0.0]]]]}}, {"type": "Feature", "properties": {"Symb_class": "C", "Crop2016": "Olives", "County": "Calaveras", "Acres": 3.83965207, "SUBCLASS2": "6"}, "geometry": {"type": "MultiPolygon", "coordinates": [[[[-120.90382804924985, 38.18051826278536, 0.0], [-120.90379966787675, 38.18051826419766, 0.0], [-120.90373881779605, 38.18051826278536, 0.0], [-120.90373881869435, 38.180645057886764, 0.0], [-120.9035478458481, 38.1807382598637, 0.0], [-120.9034969464058, 38.18082795082762, 0.0], [-120.90343011713857, 38.180841063012075, 0.0], [-120.90340419086112, 38.18090258905872, 0.0], [-120.90322963562501, 38.180880396726835, 0.0], [-120.90320480080068, 38.18090379583896, 0.0], [-120.90339582934249, 38.18098350331129, 0.0], [-120.9035562576724, 38.181076968241975, 0.0], [-120.9036392871575, 38.18113090530888, 0.0], [-120.90369147029236, 38.1814179417147, 0.0], [-120.90365868537775, 38.181507956660155, 0.0], [-120.9035104930003, 38.1816197519366, 0.0], [-120.90340180763069, 38.181617810091645, 0.0], [-120.90329861456074, 38.181635040962874, 0.0], [-120.9032519515733, 38.1815769868495, 0.0], [-120.9032596276774, 38.181519902201416, 0.0], [-120.90299985735511, 38.1815200300103, 0.0], [-120.90298852690445, 38.18086178377527, 0.0], [-120.90323359809373, 38.180742183143934, 0.0], [-120.90325294061843, 38.180699613140945, 0.0], [-120.90326802333205, 38.18059497666556, 0.0], [-120.90327101202702, 38.18010066822965, 0.0], [-120.90321414687287, 38.18010066822965, 0.0], [-120.90322522130373, 38.17955946275164, 0.0], [-120.90367457298187, 38.17921550769549, 0.0], [-120.90384232527633, 38.179208369943765, 0.0], [-120.90383891257657, 38.179280541140194, 0.0], [-120.90419924390503, 38.179122709100604, 0.0], [-120.90428847356219, 38.17912270980676, 0.0], [-120.90428133465063, 38.17988651608408, 0.0], [-120.9042070826042, 38.17992872996052, 0.0], [-120.9038244793449, 38.18009352915234, 0.0], [-120.90382867268066, 38.1801438628101, 0.0], [-120.90383161735815, 38.18017919026642, 0.0], [-120.90382247610182, 38.18017919026642, 0.0], [-120.90375309472086, 38.18017919026642, 0.0], [-120.90375661432014, 38.18042903325379, 0.0], [-120.90379057243452, 38.180429033959875, 0.0], [-120.90382425117285, 38.180429033959875, 0.0], [-120.90382804924985, 38.18051826278536, 0.0]]]]}}, {"type": "Feature", "properties": {"Symb_class": "V", "Crop2016": "Grapes", "County": "Calaveras", "Acres": 4.44016242, "SUBCLASS2": "**"}, "geometry": {"type": "MultiPolygon", "coordinates": [[[[-120.8950320954324, 38.11379179367285, 0.0], [-120.89493049956701, 38.113950283073414, 0.0], [-120.89492366159106, 38.11395761026935, 0.0], [-120.89484369805608, 38.114111874184054, 0.0], [-120.89471280723096, 38.1142842199719, 0.0], [-120.89451145165667, 38.114628462939436, 0.0], [-120.89431705173759, 38.11454422105852, 0.0], [-120.89394261596085, 38.11456604485469, 0.0], [-120.89386813484403, 38.11429985318276, 0.0], [-120.89383594641077, 38.11430244281512, 0.0], [-120.89382642965866, 38.11398835522367, 0.0], [-120.89379658762492, 38.113985214291475, 0.0], [-120.89372550663143, 38.11307249423771, 0.0], [-120.89385498171164, 38.11305560691964, 0.0], [-120.89385498171164, 38.11315078524352, 0.0], [-120.89428328586268, 38.11312223098192, 0.0], [-120.89428328406605, 38.11294139107096, 0.0], [-120.89513989057154, 38.11290331978856, 0.0], [-120.89514405875445, 38.11295611210289, 0.0], [-120.89516844531947, 38.11353365511273, 0.0], [-120.8951778803249, 38.11375712104474, 0.0], [-120.8950320954324, 38.11379179367285, 0.0]]]]}}, {"type": "Feature", "properties": {"Symb_class": "YP", "Crop2016": "Young Perennials", "County": "Calaveras", "Acres": 0.38927775, "SUBCLASS2": "**"}, "geometry": {"type": "MultiPolygon", "coordinates": [[[[-120.48171485716507, 38.23629226521562, 0.0], [-120.48171767787507, 38.236747218899744, 0.0], [-120.48137113209297, 38.236759292263265, 0.0], [-120.48136053107429, 38.23628925796865, 0.0], [-120.48171485716507, 38.23629226521562, 0.0]]]]}}, {"type": "Feature", "properties": {"Symb_class": "P", "Crop2016": "Mixed Pasture", "County": "Calaveras", "Acres": 1.74822375, "SUBCLASS2": "3"}, "geometry": {"type": "MultiPolygon", "coordinates": [[[[-120.56008617595056, 38.05850741821695, 0.0], [-120.55949606994551, 38.05817905335215, 0.0], [-120.55936758031716, 38.05825995517216, 0.0], [-120.55924384726823, 38.05838844598937, 0.0], [-120.55908680199364, 38.058402721789804, 0.0], [-120.55913915131681, 38.058198088749705, 0.0], [-120.55899162459096, 38.05816477467881, 0.0], [-120.55884885624118, 38.058169535651565, 0.0], [-120.55864898288709, 38.057960141680645, 0.0], [-120.55847290231164, 38.057903035287545, 0.0], [-120.55844910773637, 38.05776978615624, 0.0], [-120.55887741009079, 38.05764605384495, 0.0], [-120.55905349066626, 38.057850687013975, 0.0], [-120.55936282104277, 38.057779303908816, 0.0], [-120.5595912491448, 38.057765025864825, 0.0], [-120.55965787269784, 38.05781261674057, 0.0], [-120.55963883739697, 38.05794586579388, 0.0], [-120.55971973967146, 38.058012489875914, 0.0], [-120.55991485464949, 38.058007731722235, 0.0], [-120.55994340939742, 38.0579268289161, 0.0], [-120.56010045287539, 38.058007731722235, 0.0], [-120.56020990810117, 38.05816477467881, 0.0], [-120.56029556785342, 38.05829326566313, 0.0], [-120.56024322032687, 38.05844555271102, 0.0], [-120.56008617595056, 38.05850741821695, 0.0]]]]}}, {"type": "Feature", "properties": {"Symb_class": "C", "Crop2016": "Olives", "County": "Calaveras", "Acres": 13.42185265, "SUBCLASS2": "6"}, "geometry": {"type": "MultiPolygon", "coordinates": [[[[-120.88847663156169, 38.131911448050005, 0.0], [-120.88849258923442, 38.13161966685421, 0.0], [-120.88910385775094, 38.131618736249145, 0.0], [-120.8891506626722, 38.131434799843156, 0.0], [-120.88916678832986, 38.1311370621024, 0.0], [-120.88996592421672, 38.131163346034484, 0.0], [-120.88992115218295, 38.131119624976144, 0.0], [-120.8896770233264, 38.13110689319322, 0.0], [-120.88926713643531, 38.13108522131663, 0.0], [-120.88918622877094, 38.13106469273682, 0.0], [-120.88920001341897, 38.13100533492221, 0.0], [-120.88905218485915, 38.131002677340476, 0.0], [-120.88891896110928, 38.13101697217526, 0.0], [-120.8888423015779, 38.13105850914757, 0.0], [-120.88875672986053, 38.1310951181646, 0.0], [-120.88869509285566, 38.131034405086375, 0.0], [-120.88866424111553, 38.13095278601341, 0.0], [-120.88868460861794, 38.13087447169679, 0.0], [-120.88880261131368, 38.130864673745286, 0.0], [-120.88882736439135, 38.130843661070635, 0.0], [-120.88871251568057, 38.13084874871477, 0.0], [-120.88861515088017, 38.13087560935014, 0.0], [-120.88854898636626, 38.13086726702985, 0.0], [-120.88849221373862, 38.130847170838486, 0.0], [-120.88844394366512, 38.13084630311252, 0.0], [-120.88837078217347, 38.130871214192524, 0.0], [-120.88826505405777, 38.13087408093762, 0.0], [-120.88824016263958, 38.13089985973344, 0.0], [-120.88841089015426, 38.13094584633526, 0.0], [-120.88844215242446, 38.13101316705019, 0.0], [-120.88852573437345, 38.13104566429557, 0.0], [-120.88846745077949, 38.131077996178625, 0.0], [-120.88848979996544, 38.131140386723196, 0.0], [-120.88851235486561, 38.13119563122884, 0.0], [-120.88842877111999, 38.13126803791509, 0.0], [-120.8881555296617, 38.13132272975307, 0.0], [-120.88787783794952, 38.131322504343615, 0.0], [-120.88770442986201, 38.13136945379155, 0.0], [-120.88753808792251, 38.13138076594502, 0.0], [-120.88742056582548, 38.13137388424979, 0.0], [-120.88738292012688, 38.1314232757146, 0.0], [-120.88736646119422, 38.13147066319665, 0.0], [-120.8870167740036, 38.13145483510412, 0.0], [-120.88686544740408, 38.13146880127615, 0.0], [-120.88680079475478, 38.13140803197975, 0.0], [-120.88684413038239, 38.13137066421821, 0.0], [-120.88675424226012, 38.13134758767449, 0.0], [-120.88667881881052, 38.13134623097868, 0.0], [-120.88665269939536, 38.131309997299006, 0.0], [-120.88658077308718, 38.131292013295614, 0.0], [-120.88648731775491, 38.131287946738134, 0.0], [-120.88639029611097, 38.13130289018759, 0.0], [-120.88612418907266, 38.13131955776891, 0.0], [-120.88605130156714, 38.13133493577858, 0.0], [-120.88593659119692, 38.13133525516742, 0.0], [-120.88584368563362, 38.1313121227901, 0.0], [-120.88586274968057, 38.13127908793082, 0.0], [-120.8860897746141, 38.13125694832736, 0.0], [-120.88611528407324, 38.13120972322768, 0.0], [-120.88596841760915, 38.13117370005122, 0.0], [-120.88582498181108, 38.13112343292206, 0.0], [-120.88589157032983, 38.131012572786446, 0.0], [-120.88581554680565, 38.130822851189166, 0.0], [-120.88596659762237, 38.13081841787101, 0.0], [-120.88608533783493, 38.130992220133564, 0.0], [-120.88613176097219, 38.13095252315215, 0.0], [-120.88610776158106, 38.13076433405332, 0.0], [-120.88607207420978, 38.13074580935256, 0.0], [-120.88614705838317, 38.13065775124427, 0.0], [-120.88607033327472, 38.13064921811194, 0.0], [-120.88603104904905, 38.13059844114883, 0.0], [-120.88609512587826, 38.13057456022752, 0.0], [-120.88607301474588, 38.130556280675805, 0.0], [-120.88593756586903, 38.13054311281002, 0.0], [-120.88586156390438, 38.130509558236575, 0.0], [-120.8859588649244, 38.13043262983534, 0.0], [-120.88604937018927, 38.130434259303904, 0.0], [-120.88609606731269, 38.13038503181269, 0.0], [-120.88598735679027, 38.130386650683036, 0.0], [-120.88595722729565, 38.13033246267194, 0.0], [-120.88601225270006, 38.13030841914048, 0.0], [-120.8873525651551, 38.13030393208776, 0.0], [-120.88790650768179, 38.13024952213566, 0.0], [-120.88816804768518, 38.13028641279423, 0.0], [-120.88831254888517, 38.1302997396964, 0.0], [-120.88974347170797, 38.13029327692643, 0.0], [-120.8903864777035, 38.13029052675129, 0.0], [-120.89075220431354, 38.1303257066566, 0.0], [-120.89094051724825, 38.13038988701028, 0.0], [-120.89093197516821, 38.13084392887858, 0.0], [-120.89093752675667, 38.13096562522883, 0.0], [-120.89092148104906, 38.131051168828684, 0.0], [-120.8908802349028, 38.131225668671206, 0.0], [-120.89079610408318, 38.13131714115358, 0.0], [-120.8907527001836, 38.1314093469843, 0.0], [-120.89051727690044, 38.131408694075, 0.0], [-120.89050657886375, 38.13146572398422, 0.0], [-120.89040650564277, 38.13148180786762, 0.0], [-120.88983188569487, 38.13146790599969, 0.0], [-120.88983826373338, 38.13140364674677, 0.0], [-120.88979321591682, 38.13139568535068, 0.0], [-120.88973932418631, 38.131380411225756, 0.0], [-120.88967596780594, 38.1313792728737, 0.0], [-120.88965241577583, 38.131411035786456, 0.0], [-120.88975104720075, 38.13144499624704, 0.0], [-120.88979928223993, 38.13149950706002, 0.0], [-120.88975968090895, 38.13161681497719, 0.0], [-120.88974959462494, 38.13180975593633, 0.0], [-120.8898803183634, 38.1318299882379, 0.0], [-120.88988175387122, 38.131937302792984, 0.0], [-120.88984873898791, 38.13195697472024, 0.0], [-120.88847663156169, 38.131911448050005, 0.0]]]]}}, {"type": "Feature", "properties": {"Symb_class": "V", "Crop2016": "Grapes", "County": "Calaveras", "Acres": 1.6375199, "SUBCLASS2": "**"}, "geometry": {"type": "MultiPolygon", "coordinates": [[[[-120.56315522071145, 38.099310448339516, 0.0], [-120.56309335463615, 38.09904394799485, 0.0], [-120.5632266053355, 38.09907250210415, 0.0], [-120.56333130218523, 38.0991438852078, 0.0], [-120.56349786421194, 38.09903442995593, 0.0], [-120.5632741953843, 38.09878220712851, 0.0], [-120.56347406784006, 38.09868702917039, 0.0], [-120.5635930416146, 38.0988155196673, 0.0], [-120.5637500859909, 38.09890118010874, 0.0], [-120.56383098826537, 38.09904870630693, 0.0], [-120.56394520186724, 38.099224786964015, 0.0], [-120.56397375481855, 38.09932472534352, 0.0], [-120.56328371123809, 38.09992910817716, 0.0], [-120.56279830208275, 38.09959122395726, 0.0], [-120.56315522071145, 38.099310448339516, 0.0]]]]}}, {"type": "Feature", "properties": {"Symb_class": "V", "Crop2016": "Grapes", "County": "Calaveras", "Acres": 7.80767358, "SUBCLASS2": "**"}, "geometry": {"type": "MultiPolygon", "coordinates": [[[[-120.49521832263449, 38.10199897120863, 0.0], [-120.49523973757255, 38.10196684912139, 0.0], [-120.49526115340892, 38.10194900209747, 0.0], [-120.4953218301148, 38.10196684770757, 0.0], [-120.49537179890247, 38.10194543297491, 0.0], [-120.49539678194883, 38.10188832699044, 0.0], [-120.49528970725855, 38.1018526343137, 0.0], [-120.49529327716348, 38.10183478867571, 0.0], [-120.49532182921646, 38.10178838928958, 0.0], [-120.49540035095545, 38.1017384200344, 0.0], [-120.49546816657288, 38.101734850901565, 0.0], [-120.49557881116812, 38.10177054434275, 0.0], [-120.49570016368153, 38.101770542928925, 0.0], [-120.49575370057751, 38.10172414279513, 0.0], [-120.49585007004455, 38.10174912672496, 0.0], [-120.49589289992068, 38.101692021293985, 0.0], [-120.49606065311347, 38.101727713342264, 0.0], [-120.49637474096774, 38.10207035498789, 0.0], [-120.49723134567658, 38.10232733799528, 0.0], [-120.49727417734933, 38.10235232101195, 0.0], [-120.49656033919364, 38.10391205811376, 0.0], [-120.49652107832414, 38.10391919616656, 0.0], [-120.4962783732973, 38.10384781277977, 0.0], [-120.49621055857818, 38.10382639718462, 0.0], [-120.49608563705816, 38.10377285887621, 0.0], [-120.49586791687433, 38.10369433727242, 0.0], [-120.49575370237415, 38.103630091747036, 0.0], [-120.4956787496418, 38.10358726112973, 0.0], [-120.49548601160602, 38.103487324338836, 0.0], [-120.49539321384052, 38.10333384807424, 0.0], [-120.49505057123834, 38.10306259092229, 0.0], [-120.4949934644374, 38.10300191532627, 0.0], [-120.49495063366297, 38.1029483757068, 0.0], [-120.4949149418001, 38.10287342300122, 0.0], [-120.49508983210784, 38.102423705152944, 0.0], [-120.49512552397071, 38.102320197666295, 0.0], [-120.49521832263449, 38.10199897120863, 0.0]]]]}}, {"type": "Feature", "properties": {"Symb_class": "V", "Crop2016": "Grapes", "County": "Calaveras", "Acres": 5.32006674, "SUBCLASS2": "**"}, "geometry": {"type": "MultiPolygon", "coordinates": [[[[-120.59122062307483, 38.10457580426684, 0.0], [-120.59110640857465, 38.104492047723085, 0.0], [-120.59092366699134, 38.10454534799555, 0.0], [-120.59036782362952, 38.103753462813756, 0.0], [-120.59090843785233, 38.10347934929544, 0.0], [-120.59106072295425, 38.10345650569003, 0.0], [-120.5912663077969, 38.10344127802954, 0.0], [-120.5913652949547, 38.10335752089207, 0.0], [-120.59170793576024, 38.103250920695736, 0.0], [-120.5923551512612, 38.10384483470044, 0.0], [-120.59262926408532, 38.10415701988092, 0.0], [-120.592865307206, 38.10439306220742, 0.0], [-120.59294145020613, 38.10470524716597, 0.0], [-120.59282723660428, 38.10470524787284, 0.0], [-120.59259119168696, 38.10472809108782, 0.0], [-120.59242367924266, 38.104682404650724, 0.0], [-120.59224093586273, 38.10460626193915, 0.0], [-120.59208103574214, 38.10453773215856, 0.0], [-120.59191352329788, 38.104507275871406, 0.0], [-120.59177646464003, 38.104438748118575, 0.0], [-120.59163179276014, 38.104453976984885, 0.0], [-120.5914718944362, 38.104507275871406, 0.0], [-120.59160895129742, 38.10466717583203, 0.0], [-120.5912891528529, 38.10485753230337, 0.0], [-120.59122062307483, 38.10469763275936, 0.0], [-120.59122062307483, 38.10457580426684, 0.0]]]]}}, {"type": "Feature", "properties": {"Symb_class": "V", "Crop2016": "Grapes", "County": "Calaveras", "Acres": 1.0939119, "SUBCLASS2": "**"}, "geometry": {"type": "MultiPolygon", "coordinates": [[[[-120.47808100475417, 38.027839469921254, 0.0], [-120.47812026742028, 38.027810917719265, 0.0], [-120.47821306608408, 38.027810917719265, 0.0], [-120.47828087990489, 38.0277823640909, 0.0], [-120.47836297065051, 38.0277823640909, 0.0], [-120.4784272172613, 38.0278073478087, 0.0], [-120.47842007834973, 38.02797866935353, 0.0], [-120.47839866430998, 38.028046483313446, 0.0], [-120.47836653965712, 38.02810716024924, 0.0], [-120.47834512561737, 38.028178544690434, 0.0], [-120.478348694624, 38.028257066717025, 0.0], [-120.47837724757532, 38.028381987949565, 0.0], [-120.4784165102414, 38.02848549465983, 0.0], [-120.4784165102414, 38.02860327788229, 0.0], [-120.47838795639183, 38.02874961417788, 0.0], [-120.47834512561737, 38.02884598277191, 0.0], [-120.47832727968593, 38.02885669093602, 0.0], [-120.47828801791813, 38.028874536693344, 0.0], [-120.47822377310395, 38.028978042707706, 0.0], [-120.4782416190354, 38.02904585786533, 0.0], [-120.47822020319902, 38.02911724068425, 0.0], [-120.47821306608408, 38.02917791814843, 0.0], [-120.47821306518577, 38.029245731705856, 0.0], [-120.4781131267121, 38.0293456701906, 0.0], [-120.47809171267235, 38.029327823840426, 0.0], [-120.47804174388467, 38.029309978193524, 0.0], [-120.47793466919438, 38.02927785531051, 0.0], [-120.47775263997511, 38.02924930083872, 0.0], [-120.4777526390768, 38.029224318320225, 0.0], [-120.47812740543355, 38.028760323063686, 0.0], [-120.47814525226329, 38.028671091971596, 0.0], [-120.47814525136499, 38.02857472385513, 0.0], [-120.47812740363693, 38.02842838721024, 0.0], [-120.47808100475417, 38.02819995908937, 0.0], [-120.47808100475417, 38.027839469921254, 0.0]]]]}}, {"type": "Feature", "properties": {"Symb_class": "P", "Crop2016": "Mixed Pasture", "County": "Calaveras", "Acres": 6.41678279, "SUBCLASS2": "3"}, "geometry": {"type": "MultiPolygon", "coordinates": [[[[-120.7227239599629, 38.03823308286709, 0.0], [-120.72059282013907, 38.03885995005148, 0.0], [-120.72053848823406, 38.03886027621212, 0.0], [-120.72055522205116, 38.038717366767024, 0.0], [-120.72062725166559, 38.03867409272175, 0.0], [-120.72062615122937, 38.03855985333603, 0.0], [-120.7206249115543, 38.03843133266439, 0.0], [-120.72053215690795, 38.03820339491252, 0.0], [-120.7205307797906, 38.03806059526535, 0.0], [-120.72052761412755, 38.03773215494946, 0.0], [-120.72061692822635, 38.03760309298832, 0.0], [-120.72068881860193, 38.037545539126704, 0.0], [-120.72103181693697, 38.03742923626536, 0.0], [-120.72128384827305, 38.037270634724784, 0.0], [-120.72140869074136, 38.03706995497774, 0.0], [-120.72120493127534, 38.036599909812715, 0.0], [-120.72158497164114, 38.036569067923885, 0.0], [-120.7227239599629, 38.03823308286709, 0.0]]]]}}, {"type": "Feature", "properties": {"Symb_class": "V", "Crop2016": "Grapes", "County": "Calaveras", "Acres": 2.3016879, "SUBCLASS2": "**"}, "geometry": {"type": "MultiPolygon", "coordinates": [[[[-120.65859967993674, 38.0940201958546, 0.0], [-120.65855628591862, 38.09392958016369, 0.0], [-120.65852347495289, 38.09375348321312, 0.0], [-120.65852647802087, 38.09302824365019, 0.0], [-120.6585378992014, 38.09295400472073, 0.0], [-120.65855247526517, 38.09293489494294, 0.0], [-120.65862355985192, 38.092841693876316, 0.0], [-120.65881201382214, 38.09275222628336, 0.0], [-120.65883834973131, 38.09275222628336, 0.0], [-120.65892051683373, 38.09275222628336, 0.0], [-120.65899094924357, 38.0927503230774, 0.0], [-120.65899976261484, 38.09273751602689, 0.0], [-120.65902816644581, 38.09267524820745, 0.0], [-120.65924221970664, 38.09268369811099, 0.0], [-120.65927267798466, 38.0927236732395, 0.0], [-120.65930123003764, 38.092786491052465, 0.0], [-120.65930123093597, 38.092832175736596, 0.0], [-120.65929171328551, 38.09292545104869, 0.0], [-120.65927838767661, 38.09300540101946, 0.0], [-120.65934882008648, 38.09299778680758, 0.0], [-120.65942686571836, 38.09300540031247, 0.0], [-120.65947826282732, 38.09302633974441, 0.0], [-120.6595258519778, 38.093049183075586, 0.0], [-120.65956011731602, 38.093115807708834, 0.0], [-120.65955059786894, 38.09317672198987, 0.0], [-120.65946493721839, 38.09323953870648, 0.0], [-120.65935872760573, 38.09327542506108, 0.0], [-120.65928258460563, 38.093287320719185, 0.0], [-120.65918554858862, 38.09330838591286, 0.0], [-120.65907704557704, 38.09333122774194, 0.0], [-120.65897568057869, 38.09335549907751, 0.0], [-120.65899424067078, 38.09339832932936, 0.0], [-120.65901851135312, 38.09345115270647, 0.0], [-120.65906134122925, 38.09361533569435, 0.0], [-120.65913843644356, 38.09389230492474, 0.0], [-120.65915018820411, 38.09392609477947, 0.0], [-120.65916127880462, 38.09395797932309, 0.0], [-120.65922656835944, 38.0939502471458, 0.0], [-120.65926978181618, 38.09394512865183, 0.0], [-120.659284058741, 38.093953695059284, 0.0], [-120.65935115929946, 38.09397653810063, 0.0], [-120.65940541125441, 38.093966544315066, 0.0], [-120.65944538628457, 38.094049350026275, 0.0], [-120.65875129399714, 38.09415938468522, 0.0], [-120.65871865281296, 38.09416534304716, 0.0], [-120.65869009896333, 38.09415582507982, 0.0], [-120.65859967993674, 38.0940201958546, 0.0]]]]}}, {"type": "Feature", "properties": {"Symb_class": "V", "Crop2016": "Grapes", "County": "Calaveras", "Acres": 5.74851019, "SUBCLASS2": "**"}, "geometry": {"type": "MultiPolygon", "coordinates": [[[[-120.48801685958172, 38.15709241631432, 0.0], [-120.48795167692641, 38.1570779309252, 0.0], [-120.48795077501784, 38.15707319405325, 0.0], [-120.48790978399313, 38.15706148184295, 0.0], [-120.48784061461456, 38.15674094826974, 0.0], [-120.48781222695328, 38.156609385273946, 0.0], [-120.48773846269204, 38.1564095111785, 0.0], [-120.48765994095305, 38.15629291699682, 0.0], [-120.48760821056909, 38.156196846263015, 0.0], [-120.4876028332538, 38.156154908253406, 0.0], [-120.48759399293307, 38.1559456897015, 0.0], [-120.48759969094694, 38.155933155090445, 0.0], [-120.48760997216536, 38.15584319897289, 0.0], [-120.48765518167868, 38.155821783086964, 0.0], [-120.48780508894002, 38.15583606034494, 0.0], [-120.48785771584265, 38.15585931492086, 0.0], [-120.48790740435594, 38.155881269759774, 0.0], [-120.48817390485632, 38.15600262273255, 0.0], [-120.48841251715874, 38.156121032049356, 0.0], [-120.48858753682384, 38.156249095856744, 0.0], [-120.48872355972416, 38.15636905878749, 0.0], [-120.4890447882866, 38.15664031923071, 0.0], [-120.48918993357866, 38.15677356826678, 0.0], [-120.48933270282676, 38.156863987318694, 0.0], [-120.48936108689479, 38.156881137159665, 0.0], [-120.48940559662049, 38.15690802706241, 0.0], [-120.48943025986664, 38.15694964677489, 0.0], [-120.48943025986664, 38.1570257907053, 0.0], [-120.48944453679142, 38.15708289807119, 0.0], [-120.48959920242882, 38.15707575885823, 0.0], [-120.48976576355723, 38.15708527710233, 0.0], [-120.48979007556208, 38.15708941497755, 0.0], [-120.48980916476187, 38.157095779308904, 0.0], [-120.48981335270774, 38.15709717508227, 0.0], [-120.4898141432252, 38.157103496324766, 0.0], [-120.48983238890692, 38.15724945973009, 0.0], [-120.48992861464352, 38.15798161393908, 0.0], [-120.48991329118141, 38.15800374896573, 0.0], [-120.48988473733179, 38.158032303330835, 0.0], [-120.48982524999538, 38.15803944174378, 0.0], [-120.4887330782729, 38.15757306725915, 0.0], [-120.48802399759498, 38.15727325492808, 0.0], [-120.48801210210398, 38.157192353201005, 0.0], [-120.48801685958172, 38.15709241631432, 0.0]]]]}}, {"type": "Feature", "properties": {"Symb_class": "D", "Crop2016": "Walnuts", "County": "Calaveras", "Acres": 11.5606489, "SUBCLASS2": "13"}, "geometry": {"type": "MultiPolygon", "coordinates": [[[[-120.6030489263721, 38.23225519303102, 0.0], [-120.60256531833889, 38.230829166708965, 0.0], [-120.60250240392963, 38.230674108104125, 0.0], [-120.60249616063842, 38.23058815426877, 0.0], [-120.60262071834077, 38.230522753132114, 0.0], [-120.60297868440509, 38.23039059865212, 0.0], [-120.60376693810059, 38.23027080980778, 0.0], [-120.60394901043901, 38.23052485808965, 0.0], [-120.60416300530935, 38.230497042725474, 0.0], [-120.60419514433528, 38.230622863801365, 0.0], [-120.60346538803273, 38.230894048213486, 0.0], [-120.60344635273188, 38.23119762917966, 0.0], [-120.60354011528797, 38.231517819683, 0.0], [-120.60365986161368, 38.23159894019177, 0.0], [-120.60401048395052, 38.231552460324664, 0.0], [-120.60434204583368, 38.23153419903309, 0.0], [-120.60438106325974, 38.23158863783572, 0.0], [-120.60446249733688, 38.23159387792468, 0.0], [-120.60447773096746, 38.23154412176182, 0.0], [-120.60463587937323, 38.23142218825301, 0.0], [-120.60461022079376, 38.231375174101224, 0.0], [-120.60479578668031, 38.23124664677011, 0.0], [-120.60479360197755, 38.23117508030081, 0.0], [-120.60486296898547, 38.2311335827244, 0.0], [-120.60506126220298, 38.23116981477844, 0.0], [-120.60515159858458, 38.231318280910756, 0.0], [-120.6051909681502, 38.23136199904058, 0.0], [-120.60542414295021, 38.231302387700545, 0.0], [-120.60565528306606, 38.23144299905833, 0.0], [-120.6057902657173, 38.23147436202873, 0.0], [-120.60591759382397, 38.231462656838566, 0.0], [-120.60595266674763, 38.23149913288071, 0.0], [-120.60612577120453, 38.23147405719139, 0.0], [-120.60610811661428, 38.231459391832495, 0.0], [-120.60602332193967, 38.23141832486027, 0.0], [-120.60605261689939, 38.2313545516832, 0.0], [-120.60593481991785, 38.2313521482626, 0.0], [-120.60599317178378, 38.2312317513253, 0.0], [-120.60613639557943, 38.23128831575347, 0.0], [-120.60622677597847, 38.23129731200555, 0.0], [-120.60631809332035, 38.23127771909987, 0.0], [-120.60625677162413, 38.23121209771655, 0.0], [-120.60622228530036, 38.23115775177722, 0.0], [-120.60610007489586, 38.231151681112514, 0.0], [-120.60604582294089, 38.23114699774574, 0.0], [-120.60601692234157, 38.23106058227114, 0.0], [-120.606110933731, 38.2309587927646, 0.0], [-120.60604477370863, 38.23076433101373, 0.0], [-120.6062522854376, 38.23065770668518, 0.0], [-120.60700027125218, 38.23038330079357, 0.0], [-120.60718778378796, 38.230748314193846, 0.0], [-120.60695656462033, 38.23088664314703, 0.0], [-120.60715790761823, 38.23124478598634, 0.0], [-120.60719087309423, 38.23134558930906, 0.0], [-120.60654708466608, 38.23162212331009, 0.0], [-120.60643588670862, 38.231694953140504, 0.0], [-120.60594547573376, 38.23185659881939, 0.0], [-120.60563933886809, 38.231929026201556, 0.0], [-120.6053207818953, 38.23196543709117, 0.0], [-120.60514267741549, 38.23200471496509, 0.0], [-120.60485161158535, 38.2321704258258, 0.0], [-120.60441802623873, 38.23225812776446, 0.0], [-120.6043650220437, 38.23235360003336, 0.0], [-120.60406388070932, 38.23241182112065, 0.0], [-120.6040062268344, 38.23251077407016, 0.0], [-120.60354498415681, 38.23261221211721, 0.0], [-120.60350639073559, 38.23268294593989, 0.0], [-120.60335234673234, 38.23267979882891, 0.0], [-120.60324548494278, 38.23262039814137, 0.0], [-120.60313526794563, 38.23252516684313, 0.0], [-120.6030489263721, 38.23225519303102, 0.0]]]]}}, {"type": "Feature", "properties": {"Symb_class": "V", "Crop2016": "Grapes", "County": "Calaveras", "Acres": 3.0317948, "SUBCLASS2": "**"}, "geometry": {"type": "MultiPolygon", "coordinates": [[[[-120.49891677918569, 38.108714702335035, 0.0], [-120.49883111673851, 38.10867187116447, 0.0], [-120.49868121217209, 38.10869685695944, 0.0], [-120.49848490602801, 38.10867544066522, 0.0], [-120.49834213857653, 38.108611195279074, 0.0], [-120.4982957396938, 38.10860762577513, 0.0], [-120.49818509420025, 38.1085612278629, 0.0], [-120.49815654124893, 38.10856479666227, 0.0], [-120.49803875774215, 38.10851125899892, 0.0], [-120.49796023510486, 38.108514827800725, 0.0], [-120.49790312830392, 38.10850055117881, 0.0], [-120.49780675973518, 38.108464858904945, 0.0], [-120.4977496538326, 38.10841846019519, 0.0], [-120.49772823889452, 38.108379199073, 0.0], [-120.49772109998295, 38.108350643652884, 0.0], [-120.49772466988789, 38.10830424487059, 0.0], [-120.49774965293426, 38.10821144580393, 0.0], [-120.49777463777725, 38.10813649284303, 0.0], [-120.49777463777725, 38.108090093924716, 0.0], [-120.4977532219409, 38.10804726380157, 0.0], [-120.49766756218865, 38.108000864119724, 0.0], [-120.49757476172823, 38.107947326043075, 0.0], [-120.49737131936753, 38.10786166631112, 0.0], [-120.49692873829166, 38.10762966701781, 0.0], [-120.49681452558812, 38.10756899168046, 0.0], [-120.49675384888225, 38.10752259169489, 0.0], [-120.49675741878721, 38.10746548582848, 0.0], [-120.49678240183356, 38.107419085070305, 0.0], [-120.49680738577824, 38.10740124008501, 0.0], [-120.4968395086345, 38.10739410166561, 0.0], [-120.49758903865305, 38.10777600506503, 0.0], [-120.49759974836786, 38.10777243622712, 0.0], [-120.49762473141422, 38.10777243622712, 0.0], [-120.49814583422906, 38.1079152037437, 0.0], [-120.49839210736421, 38.10798658810422, 0.0], [-120.49847419900816, 38.10800086482658, 0.0], [-120.4987490268912, 38.10813292402274, 0.0], [-120.49884539456166, 38.10813292402274, 0.0], [-120.49900243983625, 38.10816504622637, 0.0], [-120.49929868175906, 38.10823999986477, 0.0], [-120.49951997184783, 38.10827212272816, 0.0], [-120.4996199103215, 38.10829710724622, 0.0], [-120.49968058612905, 38.10833636699888, 0.0], [-120.49972341510687, 38.10836849123354, 0.0], [-120.49965560218439, 38.108447012761516, 0.0], [-120.49961277140993, 38.10853981223576, 0.0], [-120.49960920060668, 38.108586210868445, 0.0], [-120.49958778656695, 38.10863974918371, 0.0], [-120.49956280172395, 38.108686149166545, 0.0], [-120.49946286504691, 38.10870042575218, 0.0], [-120.49936292836988, 38.1087111328362, 0.0], [-120.4993022507657, 38.1087111328362, 0.0], [-120.49922729893164, 38.10869685625264, 0.0], [-120.49917733014395, 38.10869685625264, 0.0], [-120.49897031697999, 38.10870756404398, 0.0], [-120.49891677918569, 38.108714702335035, 0.0]]]]}}, {"type": "Feature", "properties": {"Symb_class": "D", "Crop2016": "Walnuts", "County": "Calaveras", "Acres": 0.98995341, "SUBCLASS2": "13"}, "geometry": {"type": "MultiPolygon", "coordinates": [[[[-120.92231926480726, 38.16507208690771, 0.0], [-120.92241993001798, 38.165098064800326, 0.0], [-120.92254657360843, 38.16518574091416, 0.0], [-120.9226374965899, 38.165286406893614, 0.0], [-120.92215365409642, 38.165906632939326, 0.0], [-120.92197180813343, 38.16590338688696, 0.0], [-120.92193933403594, 38.16586117124257, 0.0], [-120.92192634529526, 38.16579297935048, 0.0], [-120.92186464720488, 38.1657670017055, 0.0], [-120.9218256800845, 38.165711798208, 0.0], [-120.92183217490403, 38.16563711122282, 0.0], [-120.92194907626521, 38.1656013910876, 0.0], [-120.92198804428392, 38.16555592920048, 0.0], [-120.92197180813343, 38.165403307347006, 0.0], [-120.92192309878381, 38.16532862075201, 0.0], [-120.92201402266362, 38.165276663709264, 0.0], [-120.92206922503613, 38.16520197698453, 0.0], [-120.92208166041462, 38.16518746919275, 0.0], [-120.92184639074338, 38.16519427707028, 0.0], [-120.92186329793536, 38.165094180229836, 0.0], [-120.92199028468222, 38.165093206968315, 0.0], [-120.92203519685317, 38.16505716026254, 0.0], [-120.922245833821, 38.16507989772171, 0.0], [-120.92231926480726, 38.16507208690771, 0.0]]]]}}, {"type": "Feature", "properties": {"Symb_class": "V", "Crop2016": "Grapes", "County": "Calaveras", "Acres": 2.50486344, "SUBCLASS2": "**"}, "geometry": {"type": "MultiPolygon", "coordinates": [[[[-120.48533768006094, 38.15989147675821, 0.0], [-120.48550900226032, 38.15957500930454, 0.0], [-120.48567590924011, 38.1593342567793, 0.0], [-120.48586110861405, 38.159026262333484, 0.0], [-120.48602772364136, 38.158794544995274, 0.0], [-120.48607293405298, 38.15878026902288, 0.0], [-120.48611434009938, 38.1587678457955, 0.0], [-120.48633705311954, 38.15917763883378, 0.0], [-120.48661650283479, 38.159690723792146, 0.0], [-120.48662734909351, 38.15971063828051, 0.0], [-120.48659807928662, 38.1597234427696, 0.0], [-120.48659750795808, 38.159723692813074, 0.0], [-120.48658927669517, 38.15972729372205, 0.0], [-120.48655175406574, 38.159739300753216, 0.0], [-120.48653930790748, 38.15973681232635, 0.0], [-120.48653113862828, 38.1597234427696, 0.0], [-120.48651490157951, 38.1596968759951, 0.0], [-120.48650361514628, 38.15968684317154, 0.0], [-120.4864655436462, 38.15969398212887, 0.0], [-120.48642747304449, 38.1597153968776, 0.0], [-120.48640129973036, 38.159753469174554, 0.0], [-120.48628470559301, 38.16006041799921, 0.0], [-120.48628470738966, 38.16010086904882, 0.0], [-120.48628210856351, 38.160110386898005, 0.0], [-120.4857469480128, 38.16026029268258, 0.0], [-120.48573938329977, 38.16025993386575, 0.0], [-120.48573743036235, 38.160257913755075, 0.0], [-120.4856945986896, 38.1602317398963, 0.0], [-120.48564938917632, 38.16020080675672, 0.0], [-120.48562628899876, 38.160181006828196, 0.0], [-120.48559942218526, 38.16015797683174, 0.0], [-120.48555654559675, 38.160130537187236, 0.0], [-120.48553993395052, 38.160119904746004, 0.0], [-120.48547092986196, 38.16008897226527, 0.0], [-120.48540430541061, 38.16005090084985, 0.0], [-120.48533442726128, 38.159941974111725, 0.0], [-120.48533292078656, 38.15992954896328, 0.0], [-120.48533342024984, 38.159925560992335, 0.0], [-120.48533768006094, 38.15989147675821, 0.0]]]]}}, {"type": "Feature", "properties": {"Symb_class": "C", "Crop2016": "Olives", "County": "Calaveras", "Acres": 9.13751321, "SUBCLASS2": "6"}, "geometry": {"type": "MultiPolygon", "coordinates": [[[[-120.88587649210778, 38.143358222721346, 0.0], [-120.88592407497008, 38.14327861187163, 0.0], [-120.88598741967233, 38.14330657501232, 0.0], [-120.88600181876804, 38.14333067572681, 0.0], [-120.88603619459899, 38.14331639390141, 0.0], [-120.886006548398, 38.14316684680736, 0.0], [-120.8860753862982, 38.14313530378652, 0.0], [-120.88608027493001, 38.14309664772417, 0.0], [-120.88630323858015, 38.14308575987293, 0.0], [-120.88631181299952, 38.14305015091497, 0.0], [-120.88610822601005, 38.14304350629082, 0.0], [-120.88603313403883, 38.14303023187713, 0.0], [-120.88602474287576, 38.14292875166385, 0.0], [-120.88603435035772, 38.142857399342056, 0.0], [-120.8864117811176, 38.142855252992135, 0.0], [-120.88651559492341, 38.14278857481328, 0.0], [-120.8865444047929, 38.142705647019675, 0.0], [-120.88652726493727, 38.14264573205761, 0.0], [-120.8864986383241, 38.142591570811206, 0.0], [-120.88642792114831, 38.14255751592054, 0.0], [-120.88633655170413, 38.142454540791995, 0.0], [-120.88638292992565, 38.14241663185148, 0.0], [-120.88668526781596, 38.142401213080014, 0.0], [-120.88694963212261, 38.14239404982178, 0.0], [-120.88725181729936, 38.14212232167361, 0.0], [-120.88732683111715, 38.14200743983916, 0.0], [-120.88739232279295, 38.14196093527071, 0.0], [-120.88741154404508, 38.14168709586395, 0.0], [-120.88750309584728, 38.141652979791, 0.0], [-120.88753278067583, 38.14127799796595, 0.0], [-120.88795676932024, 38.14096971601788, 0.0], [-120.88800974297256, 38.14096470891593, 0.0], [-120.88800485434078, 38.14100336469483, 0.0], [-120.88810694607619, 38.14099625994039, 0.0], [-120.888105047936, 38.14119292417618, 0.0], [-120.88808850186678, 38.14124329105385, 0.0], [-120.88802738229147, 38.14126901531787, 0.0], [-120.88803002872831, 38.14143893794914, 0.0], [-120.888581033764, 38.14143692720834, 0.0], [-120.88857813669722, 38.14114480681556, 0.0], [-120.88814079639273, 38.14113098097268, 0.0], [-120.88812468690475, 38.14103532265727, 0.0], [-120.88811355318514, 38.14089802971588, 0.0], [-120.88850392687162, 38.14070835218581, 0.0], [-120.88856470239215, 38.14069454392325, 0.0], [-120.888638767589, 38.14061242695723, 0.0], [-120.888677257704, 38.14058629691754, 0.0], [-120.88871900960174, 38.140446974700026, 0.0], [-120.8887618709189, 38.140400062178735, 0.0], [-120.88876350225947, 38.14034346528577, 0.0], [-120.88904662877913, 38.14033961472282, 0.0], [-120.88907148516303, 38.14039370698842, 0.0], [-120.88901816655768, 38.14041063108158, 0.0], [-120.88902073663772, 38.14045240080636, 0.0], [-120.88964725405621, 38.140448760793426, 0.0], [-120.8896583213005, 38.14019563672992, 0.0], [-120.88958057660425, 38.14014357487675, 0.0], [-120.88950643325396, 38.14009753684168, 0.0], [-120.88934031140172, 38.140100512029626, 0.0], [-120.88927405436132, 38.140042694730134, 0.0], [-120.88921525333775, 38.139987993883096, 0.0], [-120.88914471043512, 38.13994798173696, 0.0], [-120.88906962115884, 38.13993471099926, 0.0], [-120.88903473238982, 38.1399668672579, 0.0], [-120.88910562024554, 38.13999496378873, 0.0], [-120.88908607559989, 38.14001845374346, 0.0], [-120.88903970007337, 38.14005636392997, 0.0], [-120.8890288942388, 38.14016942034464, 0.0], [-120.88908083932013, 38.14020015708773, 0.0], [-120.8891098090897, 38.14024240171862, 0.0], [-120.88894720144687, 38.14025437875098, 0.0], [-120.88877353464457, 38.14025721827954, 0.0], [-120.88876042373298, 38.14018843580918, 0.0], [-120.88878606614279, 38.139953453804765, 0.0], [-120.88880604018313, 38.13991506877702, 0.0], [-120.88884409820845, 38.139903832838485, 0.0], [-120.88887461487695, 38.139892461244536, 0.0], [-120.88890787859361, 38.13978576882947, 0.0], [-120.88909645832796, 38.13978916017668, 0.0], [-120.88959043830941, 38.14006328366558, 0.0], [-120.88977533225615, 38.14006362703817, 0.0], [-120.88984193335132, 38.14010952802833, 0.0], [-120.8900264841416, 38.14012178486731, 0.0], [-120.89001944584136, 38.14036604088487, 0.0], [-120.88992695440139, 38.140432926169744, 0.0], [-120.88988511896027, 38.14057522711524, 0.0], [-120.88999072310847, 38.14057712624921, 0.0], [-120.89001857986543, 38.14065809374325, 0.0], [-120.88988290281648, 38.14085295019839, 0.0], [-120.88982495519242, 38.140899593244434, 0.0], [-120.88969620505269, 38.14091516070238, 0.0], [-120.88958150636057, 38.14109787708001, 0.0], [-120.8894668912118, 38.1412776129146, 0.0], [-120.88935605437706, 38.14132628480248, 0.0], [-120.8892206108901, 38.14144306187523, 0.0], [-120.88922266713381, 38.14150270511051, 0.0], [-120.88890274921334, 38.14173537607114, 0.0], [-120.88856732098121, 38.14185153499877, 0.0], [-120.88834649981301, 38.14191909010646, 0.0], [-120.88827861143204, 38.14191786925708, 0.0], [-120.8882611194368, 38.14200100212729, 0.0], [-120.88815156809129, 38.14200499178486, 0.0], [-120.88812782112676, 38.142043309301314, 0.0], [-120.88821782692833, 38.14206280964895, 0.0], [-120.88785023721239, 38.14237806725406, 0.0], [-120.88712286144538, 38.14286864683628, 0.0], [-120.88617436267623, 38.143497699047664, 0.0], [-120.88598937440638, 38.14350032932756, 0.0], [-120.88592225588162, 38.14347229773111, 0.0], [-120.88588599987678, 38.143420979329726, 0.0], [-120.88587649210778, 38.143358222721346, 0.0]]]]}}, {"type": "Feature", "properties": {"Symb_class": "D", "Crop2016": "Walnuts", "County": "Calaveras", "Acres": 31.10993246, "SUBCLASS2": "13"}, "geometry": {"type": "MultiPolygon", "coordinates": [[[[-120.59275537407649, 38.38291452619618, 0.0], [-120.59307071687721, 38.3836698820725, 0.0], [-120.59316499326964, 38.384083573727416, 0.0], [-120.59313167565408, 38.38446933130392, 0.0], [-120.59295177364537, 38.38472727480338, 0.0], [-120.59275333310417, 38.38494246771897, 0.0], [-120.59255511893842, 38.385186220245046, 0.0], [-120.59239318143877, 38.385415513724986, 0.0], [-120.59226740382425, 38.385616068259935, 0.0], [-120.59183264617619, 38.38586097894104, 0.0], [-120.5918006850167, 38.386418102692126, 0.0], [-120.59167445105803, 38.386561533657215, 0.0], [-120.59138400237049, 38.38664864421656, 0.0], [-120.5911475720759, 38.3866640823488, 0.0], [-120.5908568961146, 38.38672262892705, 0.0], [-120.5905471147838, 38.38666701929031, 0.0], [-120.5902012858573, 38.386654427971514, 0.0], [-120.58980098129534, 38.38665638335093, 0.0], [-120.5895651169394, 38.386743222000696, 0.0], [-120.58925748617541, 38.38695893983292, 0.0], [-120.58878620572284, 38.387189738048576, 0.0], [-120.58846071465437, 38.387448385125765, 0.0], [-120.58840725681014, 38.38759145916888, 0.0], [-120.58811680003772, 38.3876785600382, 0.0], [-120.58791777379497, 38.38782234126893, 0.0], [-120.58726125534092, 38.38763987898747, 0.0], [-120.58704166396637, 38.38748385264935, 0.0], [-120.58683982060684, 38.38727061491254, 0.0], [-120.58711027818607, 38.386955114290195, 0.0], [-120.58729009485481, 38.3866828982062, 0.0], [-120.58717731496414, 38.38622644716438, 0.0], [-120.58752224018549, 38.38612480196664, 0.0], [-120.58781269156799, 38.38603770133849, 0.0], [-120.58792039777391, 38.385851520912006, 0.0], [-120.58784592384359, 38.3856376650533, 0.0], [-120.58793577244, 38.38549441603785, 0.0], [-120.58809524136922, 38.384950954139434, 0.0], [-120.58869489287251, 38.38484806502619, 0.0], [-120.58880700172166, 38.38521883003828, 0.0], [-120.58900873369008, 38.385417783186895, 0.0], [-120.58904795144045, 38.38577462227362, 0.0], [-120.58915712279862, 38.385774089942025, 0.0], [-120.5893199765798, 38.385659044964086, 0.0], [-120.5897188052098, 38.385471444005965, 0.0], [-120.58988256179788, 38.38547064409692, 0.0], [-120.59011910258522, 38.385469489298664, 0.0], [-120.59029765712097, 38.38504017979119, 0.0], [-120.59029629796997, 38.3848688121385, 0.0], [-120.59045665533301, 38.38443959201414, 0.0], [-120.59060063012024, 38.38423895112644, 0.0], [-120.59056208520802, 38.38396779725501, 0.0], [-120.59065124659323, 38.38373886182912, 0.0], [-120.59150391129126, 38.38342050308538, 0.0], [-120.59155509010961, 38.382991817281116, 0.0], [-120.59200995924024, 38.382989587880694, 0.0], [-120.5922460347003, 38.38293130516108, 0.0], [-120.59275537407649, 38.38291452619618, 0.0]]]]}}, {"type": "Feature", "properties": {"Symb_class": "P", "Crop2016": "Mixed Pasture", "County": "Calaveras", "Acres": 2.06131696, "SUBCLASS2": "3"}, "geometry": {"type": "MultiPolygon", "coordinates": [[[[-120.4733314348789, 38.13691478706475, 0.0], [-120.47242724012126, 38.13670063523156, 0.0], [-120.47207984004135, 38.136829125982956, 0.0], [-120.4719418300676, 38.136829125982956, 0.0], [-120.47186092869143, 38.13671967067718, 0.0], [-120.47211790974475, 38.13664352815837, 0.0], [-120.47212742829352, 38.136319921036964, 0.0], [-120.4722987495946, 38.136357992121866, 0.0], [-120.47247482927175, 38.13634371529067, 0.0], [-120.47250338312138, 38.13609625071569, 0.0], [-120.4726747053208, 38.13606293892796, 0.0], [-120.4726747053208, 38.13618667067024, 0.0], [-120.47293168637411, 38.13620570695652, 0.0], [-120.47301258775029, 38.13613432333044, 0.0], [-120.47320770182999, 38.136172395218686, 0.0], [-120.47343613083032, 38.13627709121934, 0.0], [-120.47368835530423, 38.1363960631869, 0.0], [-120.4733314348789, 38.13691478706475, 0.0]]]]}}, {"type": "Feature", "properties": {"Symb_class": "D", "Crop2016": "Walnuts", "County": "Calaveras", "Acres": 1.1829967, "SUBCLASS2": "13"}, "geometry": {"type": "MultiPolygon", "coordinates": [[[[-120.90044126677974, 38.11271039176652, 0.0], [-120.90051965017818, 38.112675554649, 0.0], [-120.9005719968064, 38.112727903262275, 0.0], [-120.90052916782862, 38.11275883603417, 0.0], [-120.90058151625348, 38.112806425051616, 0.0], [-120.90053868637736, 38.1130657868072, 0.0], [-120.90051747356024, 38.113112712656616, 0.0], [-120.90039247927668, 38.11318562708187, 0.0], [-120.9003602261647, 38.113139550132395, 0.0], [-120.90026266822653, 38.113201416021255, 0.0], [-120.90029910928433, 38.11324009286538, 0.0], [-120.9000596777184, 38.11337855314179, 0.0], [-120.90002234193855, 38.11334180519187, 0.0], [-120.89996626011538, 38.11338062967992, 0.0], [-120.89990427007257, 38.113316673974, 0.0], [-120.8997962925754, 38.11322521074304, 0.0], [-120.89985340027465, 38.113191899119904, 0.0], [-120.89981204094066, 38.11315172103151, 0.0], [-120.89981441698457, 38.113149653675116, 0.0], [-120.89985340117299, 38.1131157560895, 0.0], [-120.89979498193343, 38.11305733714016, 0.0], [-120.89978273430285, 38.11304508918527, 0.0], [-120.89968445771244, 38.11310623776339, 0.0], [-120.8996773205975, 38.11309433967731, 0.0], [-120.89965500195426, 38.11307419972022, 0.0], [-120.89958608590061, 38.11301200789344, 0.0], [-120.89957976176102, 38.11300629985833, 0.0], [-120.89958652158354, 38.113001131810336, 0.0], [-120.89962021379657, 38.11297536719124, 0.0], [-120.89958917341025, 38.11293488011621, 0.0], [-120.89956548483619, 38.11290398275838, 0.0], [-120.89959154586091, 38.11287555420915, 0.0], [-120.89959165994698, 38.11287543122746, 0.0], [-120.8995915566407, 38.11287530612546, 0.0], [-120.89956786537171, 38.112846876151394, 0.0], [-120.89959424440003, 38.11280814184899, 0.0], [-120.89964183085557, 38.11286524919301, 0.0], [-120.89983218835587, 38.11266537470709, 0.0], [-120.90037470521047, 38.11267489309066, 0.0], [-120.90044126677974, 38.11271039176652, 0.0]]]]}}, {"type": "Feature", "properties": {"Symb_class": "P", "Crop2016": "Mixed Pasture", "County": "Calaveras", "Acres": 10.80353085, "SUBCLASS2": "3"}, "geometry": {"type": "MultiPolygon", "coordinates": [[[[-120.50499685281139, 38.03117980191168, 0.0], [-120.50497543787337, 38.031151248888825, 0.0], [-120.50491119216086, 38.0311583869687, 0.0], [-120.50467562514729, 38.030822883018836, 0.0], [-120.50447575089485, 38.03060873226353, 0.0], [-120.50419735400517, 38.03021611974019, 0.0], [-120.50419735400517, 38.0300376609938, 0.0], [-120.50429729068222, 38.02974498618021, 0.0], [-120.50434012235495, 38.029623634971294, 0.0], [-120.5044115060807, 38.029595081341846, 0.0], [-120.50458282738177, 38.02952369686576, 0.0], [-120.50457568936855, 38.029430898287245, 0.0], [-120.5047327328465, 38.029459451273084, 0.0], [-120.50493974601048, 38.02945945198069, 0.0], [-120.50507537544871, 38.02945231302767, 0.0], [-120.50542515606413, 38.02935237468841, 0.0], [-120.50636028430861, 38.02933096133399, 0.0], [-120.50640311418472, 38.02938806808, 0.0], [-120.50643166803434, 38.029537974049596, 0.0], [-120.50634600738381, 38.031037033855625, 0.0], [-120.50636028430861, 38.031151248888825, 0.0], [-120.50636742322017, 38.031543859230595, 0.0], [-120.50631031462261, 38.03236477332576, 0.0], [-120.50613899421982, 38.032271974808474, 0.0], [-120.50538946420127, 38.03178656499153, 0.0], [-120.50531094066565, 38.03167948897799, 0.0], [-120.5052752497011, 38.03157955084682, 0.0], [-120.50516103520094, 38.031543859230595, 0.0], [-120.50500399082466, 38.031272601105044, 0.0], [-120.50499685281139, 38.03117980191168, 0.0]]]]}}, {"type": "Feature", "properties": {"Symb_class": "V", "Crop2016": "Grapes", "County": "Calaveras", "Acres": 1.72982173, "SUBCLASS2": "**"}, "geometry": {"type": "MultiPolygon", "coordinates": [[[[-120.42998612791052, 38.18298989919281, 0.0], [-120.43001111095688, 38.1829649141161, 0.0], [-120.4302752318201, 38.182968482808064, 0.0], [-120.4303037847714, 38.18292565284414, 0.0], [-120.43031092278466, 38.182861407144934, 0.0], [-120.43021455511422, 38.18246879715203, 0.0], [-120.43018957116955, 38.18236886031571, 0.0], [-120.43022883293735, 38.18230461412551, 0.0], [-120.43111042338752, 38.18230104469489, 0.0], [-120.43103546885852, 38.18260799531563, 0.0], [-120.43093553218148, 38.182847130942825, 0.0], [-120.43088199438718, 38.182932792350066, 0.0], [-120.43079990274326, 38.183029159724015, 0.0], [-120.43074279594234, 38.18310411274399, 0.0], [-120.43067855022986, 38.18315765006384, 0.0], [-120.43062858234046, 38.183189773142956, 0.0], [-120.4305536287098, 38.18323617304267, 0.0], [-120.43049295200393, 38.18327543414734, 0.0], [-120.43043941510795, 38.18329327964765, 0.0], [-120.43031806169623, 38.18331469523079, 0.0], [-120.43012532635537, 38.183300417705325, 0.0], [-120.42999326502546, 38.18308626719734, 0.0], [-120.42998255800559, 38.183029159724015, 0.0], [-120.42998612791052, 38.18298989919281, 0.0]]]]}}, {"type": "Feature", "properties": {"Symb_class": "V", "Crop2016": "Grapes", "County": "Calaveras", "Acres": 2.14629746, "SUBCLASS2": "**"}, "geometry": {"type": "MultiPolygon", "coordinates": [[[[-120.44689765873578, 38.13034718090459, 0.0], [-120.44692145420932, 38.13047091315117, 0.0], [-120.44683579176214, 38.13048042992049, 0.0], [-120.44662164327987, 38.13036145678895, 0.0], [-120.44647411475738, 38.13035193929747, 0.0], [-120.44633134730591, 38.13035194000406, 0.0], [-120.44617906220401, 38.13034242180476, 0.0], [-120.4460267771021, 38.13026627899198, 0.0], [-120.44590780332757, 38.13024724186313, 0.0], [-120.44573648202645, 38.13025200167579, 0.0], [-120.44558419602625, 38.13019965431897, 0.0], [-120.44546998332271, 38.130128269764725, 0.0], [-120.44537956339776, 38.13006640408388, 0.0], [-120.44523679594631, 38.12994267185819, 0.0], [-120.44507023302127, 38.12982369997, 0.0], [-120.44500360767158, 38.12973803904459, 0.0], [-120.44507023302127, 38.12965713716348, 0.0], [-120.44508450994608, 38.12959051193447, 0.0], [-120.44494174159628, 38.1295238873513, 0.0], [-120.44483228637048, 38.129466780315376, 0.0], [-120.44479897594145, 38.12935732527393, 0.0], [-120.44485132256968, 38.129247870068305, 0.0], [-120.44489891082185, 38.129219315034696, 0.0], [-120.44496553706983, 38.12921931574134, 0.0], [-120.44510354614528, 38.1292811807269, 0.0], [-120.44528914257455, 38.129376359808305, 0.0], [-120.44544618784913, 38.129433468328244, 0.0], [-120.44556992089805, 38.12950961130313, 0.0], [-120.44563654355278, 38.12954292325552, 0.0], [-120.44571268655291, 38.129604788673454, 0.0], [-120.44577931190258, 38.12969044975518, 0.0], [-120.44583641870352, 38.129766591755406, 0.0], [-120.44590304405317, 38.1297856268897, 0.0], [-120.4459696703012, 38.129795145161644, 0.0], [-120.44602677620378, 38.12974755590947, 0.0], [-120.44611243595602, 38.12977135089273, 0.0], [-120.44628851832812, 38.129899841831175, 0.0], [-120.4462123744297, 38.12999026098316, 0.0], [-120.44635038440343, 38.130123509943985, 0.0], [-120.4464552195937, 38.13012700632065, 0.0], [-120.44687944629167, 38.13032168173597, 0.0], [-120.44689765873578, 38.13034718090459, 0.0]]]]}}, {"type": "Feature", "properties": {"Symb_class": "V", "Crop2016": "Grapes", "County": "Calaveras", "Acres": 1.39702984, "SUBCLASS2": "**"}, "geometry": {"type": "MultiPolygon", "coordinates": [[[[-120.47849480111338, 38.158164048117534, 0.0], [-120.47884996173907, 38.157952870251066, 0.0], [-120.47888046493283, 38.15795897103672, 0.0], [-120.47889754999123, 38.15796238767427, 0.0], [-120.47898855022783, 38.15802173486184, 0.0], [-120.47903521411361, 38.158059067784464, 0.0], [-120.47901574762137, 38.15808112932681, 0.0], [-120.47875206693267, 38.158262681022926, 0.0], [-120.47855490738904, 38.158378793149524, 0.0], [-120.47844545306157, 38.15847397312722, 0.0], [-120.47839310463671, 38.15853821772306, 0.0], [-120.47835265439778, 38.15859056594069, 0.0], [-120.47831934127377, 38.158638154747344, 0.0], [-120.47827889013654, 38.158678605879615, 0.0], [-120.47822654171166, 38.1587238156512, 0.0], [-120.47818609057443, 38.15876664571219, 0.0], [-120.4781599172603, 38.15881185684191, 0.0], [-120.47815396681986, 38.15906475173327, 0.0], [-120.47802678064699, 38.15913663985601, 0.0], [-120.47762215788345, 38.158754748711004, 0.0], [-120.47747362684112, 38.15862817334156, 0.0], [-120.4774770116931, 38.15859770500535, 0.0], [-120.47751508319317, 38.15855963281123, 0.0], [-120.47785494730617, 38.15836886115274, 0.0], [-120.47794457491702, 38.1583378346909, 0.0], [-120.47817871540595, 38.15833212525543, 0.0], [-120.47849480111338, 38.158164048117534, 0.0]]]]}}, {"type": "Feature", "properties": {"Symb_class": "P", "Crop2016": "Mixed Pasture", "County": "Calaveras", "Acres": 2.58009376, "SUBCLASS2": "3"}, "geometry": {"type": "MultiPolygon", "coordinates": [[[[-120.50601173618173, 38.050674866861726, 0.0], [-120.50568812888041, 38.0505796878223, 0.0], [-120.50547873518096, 38.05068914416675, 0.0], [-120.50537879760559, 38.05074625123687, 0.0], [-120.50519795955236, 38.05073673327704, 0.0], [-120.5054263867561, 38.05058920721736, 0.0], [-120.50567385105728, 38.05047975213824, 0.0], [-120.50648762678834, 38.05001813611555, 0.0], [-120.50694924226676, 38.05045595679605, 0.0], [-120.50699683231555, 38.05046547479238, 0.0], [-120.50721574186885, 38.05035126087685, 0.0], [-120.50722526041758, 38.05063679497782, 0.0], [-120.5072633310193, 38.05092233220943, 0.0], [-120.50726809119202, 38.05118883111155, 0.0], [-120.50718718801922, 38.05137442889761, 0.0], [-120.50699683231555, 38.051379186775144, 0.0], [-120.50684454721365, 38.05132684020188, 0.0], [-120.5067874386161, 38.051169796013156, 0.0], [-120.50669701869116, 38.05097467907196, 0.0], [-120.50657328743885, 38.05083667002508, 0.0], [-120.50601173618173, 38.050674866861726, 0.0]]]]}}, {"type": "Feature", "properties": {"Symb_class": "D", "Crop2016": "Walnuts", "County": "Calaveras", "Acres": 2.24141506, "SUBCLASS2": "13"}, "geometry": {"type": "MultiPolygon", "coordinates": [[[[-120.50297847670853, 38.09980968020175, 0.0], [-120.50316808501388, 38.0995574232903, 0.0], [-120.50308761213408, 38.099484189165196, 0.0], [-120.50301792083435, 38.09931582094977, 0.0], [-120.50340223628257, 38.09888293716409, 0.0], [-120.5037595465767, 38.09902165723213, 0.0], [-120.5038689892261, 38.09935179622067, 0.0], [-120.50375759004602, 38.09952227309672, 0.0], [-120.50375394108936, 38.09962947890749, 0.0], [-120.50370223226498, 38.09981910694731, 0.0], [-120.5035891765915, 38.099816702720844, 0.0], [-120.50344188432595, 38.09971224921872, 0.0], [-120.50338057520611, 38.09974074722034, 0.0], [-120.50343843659188, 38.09981349897054, 0.0], [-120.50345229490179, 38.09984955387806, 0.0], [-120.50337408577653, 38.099931335670824, 0.0], [-120.50324555123238, 38.09994052204918, 0.0], [-120.50324720682748, 38.1001134031824, 0.0], [-120.50331057937753, 38.10024587533512, 0.0], [-120.50336317034748, 38.10047348129517, 0.0], [-120.50322283822875, 38.10060758292934, 0.0], [-120.50318109800907, 38.100725899753975, 0.0], [-120.50330740293465, 38.100782226927215, 0.0], [-120.50341150240473, 38.10082616125801, 0.0], [-120.50341048730847, 38.10085594115539, 0.0], [-120.5033766899925, 38.100962505259126, 0.0], [-120.50316483940075, 38.100981841975546, 0.0], [-120.50298536768508, 38.100936305180824, 0.0], [-120.50302018099559, 38.100799961130825, 0.0], [-120.50298695680483, 38.1006681297355, 0.0], [-120.50295535586976, 38.100488650900566, 0.0], [-120.50289056487988, 38.100397870743485, 0.0], [-120.50307426137233, 38.10009780722946, 0.0], [-120.50310052182303, 38.09999108068786, 0.0], [-120.50293815582702, 38.09988630508088, 0.0], [-120.50297847670853, 38.09980968020175, 0.0]]]]}}, {"type": "Feature", "properties": {"Symb_class": "V", "Crop2016": "Grapes", "County": "Calaveras", "Acres": 1.70584559, "SUBCLASS2": "**"}, "geometry": {"type": "MultiPolygon", "coordinates": [[[[-120.48225151880067, 38.159624977123286, 0.0], [-120.48249836955253, 38.15959564782182, 0.0], [-120.48250554619331, 38.15959628635213, 0.0], [-120.48253467496473, 38.159586906171896, 0.0], [-120.48267580299083, 38.159607883728384, 0.0], [-120.48271075643851, 38.159613078849446, 0.0], [-120.48276832587182, 38.159651877315625, 0.0], [-120.48288970533467, 38.1599524349394, 0.0], [-120.48291538816866, 38.16002948619965, 0.0], [-120.4829296659918, 38.16013418116246, 0.0], [-120.48288048233165, 38.1604517678421, 0.0], [-120.48285828136774, 38.160460168230735, 0.0], [-120.48231998659496, 38.160704048897294, 0.0], [-120.48230484908412, 38.16070513028559, 0.0], [-120.48228332904317, 38.16070424596279, 0.0], [-120.48221106856171, 38.16066956100716, 0.0], [-120.48216498768258, 38.16055029382255, 0.0], [-120.48217145106106, 38.16051152126232, 0.0], [-120.48216971910921, 38.160495505934996, 0.0], [-120.48219917127409, 38.16044113332873, 0.0], [-120.48222296584935, 38.160372129030236, 0.0], [-120.48223248260147, 38.160319779972646, 0.0], [-120.48219441199973, 38.16019604819131, 0.0], [-120.48207544002183, 38.159805815813435, 0.0], [-120.48207306038462, 38.15974394986608, 0.0], [-120.48208733730942, 38.15968922282407, 0.0], [-120.48213254682274, 38.159653530853525, 0.0], [-120.4821644424052, 38.15963550368593, 0.0], [-120.48225151880067, 38.159624977123286, 0.0]]]]}}, {"type": "Feature", "properties": {"Symb_class": "V", "Crop2016": "Grapes", "County": "Calaveras", "Acres": 2.61009406, "SUBCLASS2": "**"}, "geometry": {"type": "MultiPolygon", "coordinates": [[[[-120.44758576015856, 38.13036836825772, 0.0], [-120.44754487333839, 38.13036621730074, 0.0], [-120.44740311200003, 38.13030915614769, 0.0], [-120.44736879186462, 38.13028055630537, 0.0], [-120.44743331156326, 38.130253954075094, 0.0], [-120.44746186631119, 38.130242056663064, 0.0], [-120.44747852197486, 38.13023015924915, 0.0], [-120.44747138396164, 38.13021588192585, 0.0], [-120.44745572273298, 38.13021101117098, 0.0], [-120.4473659460018, 38.13018308611585, 0.0], [-120.44702166487254, 38.13005645904585, 0.0], [-120.44698038099702, 38.13006315431634, 0.0], [-120.44695979879722, 38.130065975869215, 0.0], [-120.44682893043002, 38.130023145914556, 0.0], [-120.44682786682472, 38.1300157129236, 0.0], [-120.44682417025733, 38.12998983418133, 0.0], [-120.44680751459363, 38.12986610182585, 0.0], [-120.44679799694318, 38.12982803088758, 0.0], [-120.44675612287453, 38.12981311822778, 0.0], [-120.446459816273, 38.129707598918536, 0.0], [-120.44625026536835, 38.12963297469591, 0.0], [-120.44619492375698, 38.129603520273875, 0.0], [-120.44609593929415, 38.129428391891544, 0.0], [-120.44600837601182, 38.129217094793816, 0.0], [-120.44601782359368, 38.12913835534136, 0.0], [-120.4460611062207, 38.1290858920045, 0.0], [-120.44607701987594, 38.129066603005924, 0.0], [-120.44635065838959, 38.12916654013069, 0.0], [-120.44635015443471, 38.12917978526783, 0.0], [-120.44632210364166, 38.129228407280856, 0.0], [-120.44634217559835, 38.1292354128391, 0.0], [-120.44653416982908, 38.12930242915985, 0.0], [-120.44657432721722, 38.12931644732783, 0.0], [-120.44662609083886, 38.12928036809963, 0.0], [-120.44663591840805, 38.12927801006727, 0.0], [-120.44700711396155, 38.1294065011675, 0.0], [-120.44706308978355, 38.129422494349235, 0.0], [-120.44711208479745, 38.12939734817326, 0.0], [-120.44782110259332, 38.129634859275384, 0.0], [-120.4477854727142, 38.12967812474106, 0.0], [-120.44789576606816, 38.12971413876287, 0.0], [-120.44785209806388, 38.12977330330493, 0.0], [-120.44792422469637, 38.12979645524888, 0.0], [-120.44797344967897, 38.12981137427173, 0.0], [-120.44796869220123, 38.12984944592532, 0.0], [-120.44796869220123, 38.129864506969305, 0.0], [-120.44796869130292, 38.12988989606388, 0.0], [-120.44793274162357, 38.129946164003734, 0.0], [-120.44791396324086, 38.129975556811075, 0.0], [-120.44761890978918, 38.13034437278842, 0.0], [-120.44759892496904, 38.1303690621604, 0.0], [-120.44758576015856, 38.13036836825772, 0.0]]]]}}, {"type": "Feature", "properties": {"Symb_class": "D", "Crop2016": "Walnuts", "County": "Calaveras", "Acres": 4.47976223, "SUBCLASS2": "13"}, "geometry": {"type": "MultiPolygon", "coordinates": [[[[-120.57011962015734, 38.39787117279046, 0.0], [-120.56974366532948, 38.39789198727307, 0.0], [-120.56930908914113, 38.39817966090222, 0.0], [-120.56886230394971, 38.39845786926216, 0.0], [-120.56859699192043, 38.39866857615843, 0.0], [-120.56835608981237, 38.39889820916997, 0.0], [-120.56807537167599, 38.39868055077877, 0.0], [-120.56885982909111, 38.3981341726483, 0.0], [-120.56920838799775, 38.397704094197046, 0.0], [-120.56905103280438, 38.39775243965793, 0.0], [-120.56894118770977, 38.39766727009889, 0.0], [-120.56886693835828, 38.39747720380729, 0.0], [-120.5688537870225, 38.39734397405814, 0.0], [-120.56898571180851, 38.39714341473398, 0.0], [-120.5689844011665, 38.39697204689603, 0.0], [-120.56881375090694, 38.39686812165007, 0.0], [-120.56867964231648, 38.396783065806936, 0.0], [-120.56870237867632, 38.39658302168996, 0.0], [-120.569042076601, 38.39658142282172, 0.0], [-120.5695160286432, 38.39668391787848, 0.0], [-120.56977102082652, 38.39671127882839, 0.0], [-120.56993012414141, 38.39689142306987, 0.0], [-120.56981026103473, 38.397082404735315, 0.0], [-120.56981120875739, 38.397206170678125, 0.0], [-120.57016355226631, 38.39727115411996, 0.0], [-120.57026104732242, 38.39732781868738, 0.0], [-120.5703470681974, 38.39747022477362, 0.0], [-120.5701535360509, 38.397547305287034, 0.0], [-120.57011962015734, 38.39787117279046, 0.0]]]]}}, {"type": "Feature", "properties": {"Symb_class": "C", "Crop2016": "Olives", "County": "Calaveras", "Acres": 5.85259065, "SUBCLASS2": "6"}, "geometry": {"type": "MultiPolygon", "coordinates": [[[[-120.88727489142576, 38.144849790295766, 0.0], [-120.88778135080314, 38.14424735112059, 0.0], [-120.88807989241309, 38.143945154710735, 0.0], [-120.88811795762496, 38.143881466691546, 0.0], [-120.88820787000175, 38.14374718311121, 0.0], [-120.88851091576451, 38.14375978693332, 0.0], [-120.88848351625002, 38.14439588007288, 0.0], [-120.88917664015358, 38.144386885091954, 0.0], [-120.88922171042802, 38.14408013169895, 0.0], [-120.88938917795655, 38.14408314204898, 0.0], [-120.88957988939303, 38.14422247074647, 0.0], [-120.88989229739771, 38.14422450967006, 0.0], [-120.88993387412401, 38.14372456970114, 0.0], [-120.89059499913883, 38.14372571987101, 0.0], [-120.89066577021354, 38.143784213190884, 0.0], [-120.89060208055821, 38.14426587522018, 0.0], [-120.89054128527472, 38.14433273220299, 0.0], [-120.89049879406349, 38.144550124889605, 0.0], [-120.89050372761103, 38.14469326770448, 0.0], [-120.89043130902608, 38.14469196565601, 0.0], [-120.89041782800862, 38.144845506190904, 0.0], [-120.88841518320301, 38.14488103232079, 0.0], [-120.8872690236303, 38.14489617715998, 0.0], [-120.88727489142576, 38.144849790295766, 0.0]]]]}}, {"type": "Feature", "properties": {"Symb_class": "V", "Crop2016": "Grapes", "County": "Calaveras", "Acres": 10.27249195, "SUBCLASS2": "**"}, "geometry": {"type": "MultiPolygon", "coordinates": [[[[-120.47482437738894, 38.104651175107286, 0.0], [-120.47463592431707, 38.10439419320465, 0.0], [-120.47441625299243, 38.104533534046475, 0.0], [-120.47308375408373, 38.10445358396372, 0.0], [-120.47301903226415, 38.1043964778189, 0.0], [-120.47310659824143, 38.10434698465968, 0.0], [-120.47324365420431, 38.104320334809394, 0.0], [-120.47331599014424, 38.10427084301231, 0.0], [-120.4734911176072, 38.10425180688122, 0.0], [-120.47359010296836, 38.10417566301405, 0.0], [-120.47376142516777, 38.104061448831665, 0.0], [-120.47391371026968, 38.10395865690445, 0.0], [-120.4740736085936, 38.1038748996532, 0.0], [-120.47426396699221, 38.10377972125975, 0.0], [-120.47447335979336, 38.103638857066386, 0.0], [-120.47466371819198, 38.10345611407723, 0.0], [-120.47482742267776, 38.10327337204475, 0.0], [-120.47488072331683, 38.103140122151764, 0.0], [-120.47489214359904, 38.10300687272265, 0.0], [-120.47491879481689, 38.102873623050485, 0.0], [-120.4749720936593, 38.1027974798677, 0.0], [-120.47501778017804, 38.10272895121802, 0.0], [-120.47504443139589, 38.102557629312706, 0.0], [-120.47504443139589, 38.10250433112462, 0.0], [-120.47517006617828, 38.10257666588526, 0.0], [-120.47520432971984, 38.10273275923088, 0.0], [-120.47522717297919, 38.10282032226535, 0.0], [-120.47523478709955, 38.10292311508714, 0.0], [-120.475303315081, 38.10302971505485, 0.0], [-120.47535280776155, 38.10309062884835, 0.0], [-120.47547463638207, 38.10310205070915, 0.0], [-120.47558504472042, 38.103052556673056, 0.0], [-120.47561930736366, 38.10296118591614, 0.0], [-120.4756269223823, 38.10285839385477, 0.0], [-120.47569925922058, 38.10275940824649, 0.0], [-120.47595814290567, 38.10269088026806, 0.0], [-120.47611423506774, 38.102793673271954, 0.0], [-120.47695942129103, 38.10369596380332, 0.0], [-120.4768832782909, 38.103718807333856, 0.0], [-120.47676906379074, 38.10373022909645, 0.0], [-120.47668911283216, 38.10376830021178, 0.0], [-120.47660916367016, 38.103829214096365, 0.0], [-120.47658632130913, 38.10392058588836, 0.0], [-120.47658632220744, 38.10397007721583, 0.0], [-120.47671957021184, 38.104072871247524, 0.0], [-120.47681855736964, 38.104133784171346, 0.0], [-120.47690231359178, 38.104137590697256, 0.0], [-120.47698987597579, 38.10414520728283, 0.0], [-120.47710028521242, 38.10411474871138, 0.0], [-120.47718404143455, 38.104076677776625, 0.0], [-120.47728302679572, 38.104076677776625, 0.0], [-120.47743150663408, 38.1040919067184, 0.0], [-120.47750384077737, 38.104171857196995, 0.0], [-120.4776561258793, 38.10436602076602, 0.0], [-120.47773607683789, 38.104503076343846, 0.0], [-120.47771970594017, 38.104599777809455, 0.0], [-120.4772514276573, 38.10459406770321, 0.0], [-120.47693162831447, 38.104496985932805, 0.0], [-120.47657185394146, 38.10443987911509, 0.0], [-120.47634913642972, 38.104200029003614, 0.0], [-120.47579519839461, 38.10445130005808, 0.0], [-120.4756352973757, 38.104365639054286, 0.0], [-120.47513275734788, 38.10466259601724, 0.0], [-120.47482437738894, 38.104651175107286, 0.0]]]]}}, {"type": "Feature", "properties": {"Symb_class": "V", "Crop2016": "Grapes", "County": "Calaveras", "Acres": 2.50459101, "SUBCLASS2": "**"}, "geometry": {"type": "MultiPolygon", "coordinates": [[[[-120.65327624380011, 38.188689637349114, 0.0], [-120.65305496718607, 38.18829450070807, 0.0], [-120.65306549364456, 38.18826473176918, 0.0], [-120.65307297301761, 38.1882435852384, 0.0], [-120.65507740277567, 38.1883100580487, 0.0], [-120.65516204024514, 38.18847620874244, 0.0], [-120.65506083514693, 38.18847078832747, 0.0], [-120.65501800976236, 38.188870475949905, 0.0], [-120.65345708364997, 38.18882288781696, 0.0], [-120.65345708275163, 38.188727709339645, 0.0], [-120.65327624380011, 38.188689637349114, 0.0]]]]}}, {"type": "Feature", "properties": {"Symb_class": "V", "Crop2016": "Grapes", "County": "Calaveras", "Acres": 3.47709795, "SUBCLASS2": "**"}, "geometry": {"type": "MultiPolygon", "coordinates": [[[[-120.48036409820159, 38.025450491692744, 0.0], [-120.48002621487376, 38.02538386769835, 0.0], [-120.47985965194874, 38.0253457961096, 0.0], [-120.47976447364773, 38.02534103583277, 0.0], [-120.47975495599732, 38.0252648940062, 0.0], [-120.47979302839569, 38.02517923294145, 0.0], [-120.4798073044222, 38.025093573191846, 0.0], [-120.47973592069644, 38.02456057411341, 0.0], [-120.47973592069644, 38.02448918968529, 0.0], [-120.47975971527168, 38.02442732373797, 0.0], [-120.47980254604614, 38.02438925165213, 0.0], [-120.47982158224531, 38.024360698813155, 0.0], [-120.479821581347, 38.02430359168656, 0.0], [-120.47983109899744, 38.02424648522312, 0.0], [-120.47992627729842, 38.0241703422591, 0.0], [-120.48004049179858, 38.02411323427648, 0.0], [-120.48014994702437, 38.02402757398828, 0.0], [-120.48024036605099, 38.024003779957056, 0.0], [-120.48035457965284, 38.02402281504113, 0.0], [-120.48036409820159, 38.02407516415042, 0.0], [-120.48041644572812, 38.02413227003978, 0.0], [-120.48051638510013, 38.024103717100665, 0.0], [-120.48064963400284, 38.02408944027313, 0.0], [-120.4806591516533, 38.02413702897982, 0.0], [-120.48071150007816, 38.024184619070866, 0.0], [-120.48078764217996, 38.02420365410796, 0.0], [-120.4808875797553, 38.024227448781886, 0.0], [-120.48102558883072, 38.024265520244136, 0.0], [-120.48106841780852, 38.024322626692744, 0.0], [-120.48108745490602, 38.024408288051326, 0.0], [-120.48108269563164, 38.02452250280446, 0.0], [-120.48101607028197, 38.02473189475872, 0.0], [-120.48093041142805, 38.024831832324544, 0.0], [-120.48083523133045, 38.02498411821393, 0.0], [-120.48079240055601, 38.025022189283014, 0.0], [-120.48072577610466, 38.025065019212036, 0.0], [-120.48071625935252, 38.025131644204016, 0.0], [-120.48071625755591, 38.0252030280062, 0.0], [-120.48075908922864, 38.02522206419397, 0.0], [-120.48075432995427, 38.02529820677269, 0.0], [-120.48072577700297, 38.02535055497082, 0.0], [-120.4806258394276, 38.02536007198468, 0.0], [-120.48055921407793, 38.025398144273716, 0.0], [-120.48051162582576, 38.025402903131535, 0.0], [-120.48047355342737, 38.02540290171624, 0.0], [-120.48041168735207, 38.025431456979625, 0.0], [-120.48036409820159, 38.025450491692744, 0.0]]]]}}, {"type": "Feature", "properties": {"Symb_class": "P", "Crop2016": "Mixed Pasture", "County": "Calaveras", "Acres": 10.87916227, "SUBCLASS2": "3"}, "geometry": {"type": "MultiPolygon", "coordinates": [[[[-120.47230805883589, 38.08485863727721, 0.0], [-120.47225761573773, 38.08481626585467, 0.0], [-120.47231052740631, 38.08478804697987, 0.0], [-120.47242893703883, 38.084724894215846, 0.0], [-120.47241751675664, 38.084650655338095, 0.0], [-120.47242893883546, 38.08454215130274, 0.0], [-120.47235469936544, 38.08442793683846, 0.0], [-120.47243464762909, 38.08436512032727, 0.0], [-120.47247462265925, 38.08429659065568, 0.0], [-120.47232869134135, 38.084268527842326, 0.0], [-120.47232614461751, 38.08426803713721, 0.0], [-120.47214340213588, 38.084256615868114, 0.0], [-120.47193781729324, 38.08430801333269, 0.0], [-120.47188070959398, 38.0841538229518, 0.0], [-120.47188070869566, 38.08398821305594, 0.0], [-120.47190355195502, 38.08387399772631, 0.0], [-120.47207487325612, 38.08390826382881, 0.0], [-120.47225761573773, 38.08393110505988, 0.0], [-120.47234083207239, 38.083921314951624, 0.0], [-120.4724517811965, 38.08390826312172, 0.0], [-120.47264594396032, 38.083908261707556, 0.0], [-120.4727544469719, 38.08389113077956, 0.0], [-120.47269163137737, 38.08376549607373, 0.0], [-120.47273731609947, 38.08365699213881, 0.0], [-120.47293719035184, 38.083645570067226, 0.0], [-120.47319988289378, 38.08363985973783, 0.0], [-120.473382627172, 38.08358846392475, 0.0], [-120.47350255136413, 38.083617017001544, 0.0], [-120.47370242471821, 38.08359417425817, 0.0], [-120.47390230076724, 38.083617017001544, 0.0], [-120.47393805820714, 38.08361190909722, 0.0], [-120.47402222316275, 38.08359988529822, 0.0], [-120.47403935673015, 38.08348567077615, 0.0], [-120.47388516899646, 38.08337145678274, 0.0], [-120.47401080288051, 38.083331482196456, 0.0], [-120.47418212418161, 38.083348613962656, 0.0], [-120.47430775986231, 38.08337716713311, 0.0], [-120.4743877108209, 38.08330863865678, 0.0], [-120.47459329566358, 38.08328579581707, 0.0], [-120.47475319578416, 38.0833086379497, 0.0], [-120.47487882966821, 38.08336574572485, 0.0], [-120.4751643672661, 38.083388589246674, 0.0], [-120.4752671578908, 38.083531356323554, 0.0], [-120.47559837931247, 38.08356562117246, 0.0], [-120.4757011717338, 38.08358846392475, 0.0], [-120.47574374379342, 38.08389497583464, 0.0], [-120.47575828033138, 38.08399963365988, 0.0], [-120.47565548611338, 38.08401676597661, 0.0], [-120.47566690729393, 38.084216641765764, 0.0], [-120.47573543617368, 38.08422235205011, 0.0], [-120.47572972468511, 38.08443935878787, 0.0], [-120.47524431642807, 38.08469634086464, 0.0], [-120.47521576168012, 38.084662077252716, 0.0], [-120.47485027671691, 38.08488479291794, 0.0], [-120.47476461696468, 38.084856241043326, 0.0], [-120.47439341961453, 38.085021849680075, 0.0], [-120.47439913020482, 38.08514748576236, 0.0], [-120.47389658927867, 38.0853016747547, 0.0], [-120.47367387176692, 38.08519317168552, 0.0], [-120.47352539372517, 38.085096091009135, 0.0], [-120.47350255226245, 38.08496474390547, 0.0], [-120.47359392170662, 38.084827687036345, 0.0], [-120.4734739966162, 38.084713472311044, 0.0], [-120.47314277699115, 38.084485045153464, 0.0], [-120.47310851165297, 38.084445069761905, 0.0], [-120.47240038408754, 38.084936189940926, 0.0], [-120.47230805883589, 38.08485863727721, 0.0]]]]}}, {"type": "Feature", "properties": {"Symb_class": "V", "Crop2016": "Grapes", "County": "Calaveras", "Acres": 2.27741009, "SUBCLASS2": "**"}, "geometry": {"type": "MultiPolygon", "coordinates": [[[[-120.41192358211849, 38.17019158417135, 0.0], [-120.41193458917567, 38.170209851674024, 0.0], [-120.41204876325165, 38.17039933172178, 0.0], [-120.4120166403954, 38.170417178256955, 0.0], [-120.41194483715641, 38.17055706965806, 0.0], [-120.4118077802952, 38.17078549671519, 0.0], [-120.41175874216218, 38.170810016325134, 0.0], [-120.41156769295911, 38.17088115203208, 0.0], [-120.41062822495351, 38.17123095301824, 0.0], [-120.41058936383432, 38.17117714633752, 0.0], [-120.41058631585055, 38.17117845215055, 0.0], [-120.41028915225627, 38.17072412879676, 0.0], [-120.41033912463722, 38.17070488823633, 0.0], [-120.41167238531726, 38.170191582758854, 0.0], [-120.41192358211849, 38.17019158417135, 0.0]]]]}}, {"type": "Feature", "properties": {"Symb_class": "P", "Crop2016": "Mixed Pasture", "County": "Calaveras", "Acres": 3.84954001, "SUBCLASS2": "3"}, "geometry": {"type": "MultiPolygon", "coordinates": [[[[-120.44338138321913, 38.131801610866454, 0.0], [-120.4433337931703, 38.13171595014245, 0.0], [-120.44329096329422, 38.13173974519065, 0.0], [-120.44321957867014, 38.13173974377741, 0.0], [-120.44315771259485, 38.13166360100909, 0.0], [-120.44314343567004, 38.131516074964274, 0.0], [-120.44321006101971, 38.13149227984316, 0.0], [-120.44335758774557, 38.13136379029474, 0.0], [-120.44358601584759, 38.131154396058854, 0.0], [-120.44369071269735, 38.131106807692866, 0.0], [-120.44394769375064, 38.13113060293965, 0.0], [-120.44410473902525, 38.131154396058854, 0.0], [-120.44424750557842, 38.131211503894214, 0.0], [-120.44447593368045, 38.13127812835026, 0.0], [-120.4446853273799, 38.13137806598026, 0.0], [-120.44467104865848, 38.13146372568762, 0.0], [-120.44449972915399, 38.13175877910375, 0.0], [-120.4444378621804, 38.13191582477321, 0.0], [-120.44419039787917, 38.132149011739465, 0.0], [-120.44409522137482, 38.132310814834405, 0.0], [-120.44402383585246, 38.13246785931608, 0.0], [-120.44402383675074, 38.13267725190367, 0.0], [-120.44391438062667, 38.13285333134433, 0.0], [-120.44385727472405, 38.13287236779347, 0.0], [-120.44352414887396, 38.13270580487791, 0.0], [-120.4434146936482, 38.13260110870016, 0.0], [-120.4434146954448, 38.13252972508129, 0.0], [-120.44340993527211, 38.13243930483553, 0.0], [-120.44332427462156, 38.13232509104132, 0.0], [-120.44326240764796, 38.13219660083918, 0.0], [-120.44326716692231, 38.13207286869149, 0.0], [-120.44328144474545, 38.13200624425425, 0.0], [-120.4433671062943, 38.13186347719639, 0.0], [-120.44338138321913, 38.131801610866454, 0.0]]]]}}, {"type": "Feature", "properties": {"Symb_class": "D", "Crop2016": "Walnuts", "County": "Calaveras", "Acres": 1.34645994, "SUBCLASS2": "13"}, "geometry": {"type": "MultiPolygon", "coordinates": [[[[-120.55155782217143, 38.23386660425046, 0.0], [-120.55161947714264, 38.233785640096144, 0.0], [-120.55139069420609, 38.23371291890814, 0.0], [-120.55131151400198, 38.233775635821395, 0.0], [-120.55113733695661, 38.233696902031994, 0.0], [-120.55109358990059, 38.23364949984803, 0.0], [-120.55133079184799, 38.23333617880592, 0.0], [-120.55137681792989, 38.2333156839563, 0.0], [-120.551470762844, 38.23335340520062, 0.0], [-120.55157631129659, 38.23318037970007, 0.0], [-120.55181439628794, 38.23324614325494, 0.0], [-120.55199334159086, 38.233317824114174, 0.0], [-120.5521144713221, 38.23335611197325, 0.0], [-120.5521853061772, 38.233271763781005, 0.0], [-120.55223967311649, 38.233272897719644, 0.0], [-120.55244685965532, 38.233448873209156, 0.0], [-120.5523979580662, 38.23355513569537, 0.0], [-120.55233536794876, 38.23352879765146, 0.0], [-120.55227193970318, 38.23352747390447, 0.0], [-120.55221409628372, 38.23362997390442, 0.0], [-120.55212846887083, 38.233749774856435, 0.0], [-120.55211784988587, 38.233796040927736, 0.0], [-120.55198658087002, 38.233789726338934, 0.0], [-120.55197619993858, 38.23382884587453, 0.0], [-120.55193971576163, 38.23383523666677, 0.0], [-120.5519203938982, 38.23387059523013, 0.0], [-120.55177160234443, 38.233846034049066, 0.0], [-120.5517105447529, 38.23390912764774, 0.0], [-120.55155782217143, 38.23386660425046, 0.0]]]]}}, {"type": "Feature", "properties": {"Symb_class": "C", "Crop2016": "Olives", "County": "Calaveras", "Acres": 5.04064214, "SUBCLASS2": "6"}, "geometry": {"type": "MultiPolygon", "coordinates": [[[[-120.91110900961199, 38.14633783177558, 0.0], [-120.9109831439626, 38.146252145019744, 0.0], [-120.91092080537345, 38.14618844912393, 0.0], [-120.9108200988402, 38.14627904731901, 0.0], [-120.91071731989359, 38.14630999978675, 0.0], [-120.91058725821352, 38.14623913894131, 0.0], [-120.9104992790112, 38.146148164855184, 0.0], [-120.9104742753036, 38.146036953114205, 0.0], [-120.91061956432605, 38.145970992085196, 0.0], [-120.91081434692742, 38.14602214267232, 0.0], [-120.91086151207313, 38.14608854802449, 0.0], [-120.91099645160521, 38.146120751023815, 0.0], [-120.9110407798712, 38.14615432385235, 0.0], [-120.91115121965056, 38.14625165826322, 0.0], [-120.91132926663819, 38.146228002882275, 0.0], [-120.91131142699494, 38.14619192212392, 0.0], [-120.91129324689024, 38.14616775594659, 0.0], [-120.91120640675172, 38.146169192197824, 0.0], [-120.91114262367161, 38.146156135238876, 0.0], [-120.91106541796452, 38.14595210176012, 0.0], [-120.91098396592108, 38.145897008306484, 0.0], [-120.91087137108335, 38.14574301007068, 0.0], [-120.91092468699378, 38.145726078030215, 0.0], [-120.91106852972867, 38.145710755332075, 0.0], [-120.91105865904031, 38.14565991396213, 0.0], [-120.91123242375899, 38.14565406506524, 0.0], [-120.91122229705078, 38.14561216126234, 0.0], [-120.91117419675888, 38.145578521775725, 0.0], [-120.91112927380817, 38.145565800993026, 0.0], [-120.91124917733904, 38.14546362489562, 0.0], [-120.91134270992642, 38.14549211069714, 0.0], [-120.91138093863165, 38.14547491013775, 0.0], [-120.91139353031699, 38.14543042900744, 0.0], [-120.91135314296012, 38.14539096807155, 0.0], [-120.91130453332347, 38.14537520022279, 0.0], [-120.91142494619908, 38.145255150680626, 0.0], [-120.91151929535508, 38.145122715658374, 0.0], [-120.91178477267435, 38.14507677331383, 0.0], [-120.91190975527984, 38.14506111490151, 0.0], [-120.91319699436959, 38.14504823719007, 0.0], [-120.91319677607896, 38.145188307259694, 0.0], [-120.91300965970025, 38.14526544900574, 0.0], [-120.9127850799809, 38.14533298329044, 0.0], [-120.91264878129779, 38.1453484417115, 0.0], [-120.91256151625615, 38.14536477333439, 0.0], [-120.91246946229572, 38.145416781302195, 0.0], [-120.91240037915541, 38.14545727579815, 0.0], [-120.91252976260749, 38.14555196680374, 0.0], [-120.91287245102374, 38.145710053097616, 0.0], [-120.91298348728444, 38.14578653303359, 0.0], [-120.91304361961124, 38.14592767622839, 0.0], [-120.91319271479558, 38.145992911751314, 0.0], [-120.91325505607965, 38.14605660711132, 0.0], [-120.91325501835041, 38.14611968920036, 0.0], [-120.9131154560879, 38.14611720807994, 0.0], [-120.91307218064739, 38.146179024831, 0.0], [-120.91295910700764, 38.146174035041845, 0.0], [-120.91298737878624, 38.14610897135297, 0.0], [-120.91300751182838, 38.14606462413209, 0.0], [-120.91290952719046, 38.14605990208721, 0.0], [-120.91283667022768, 38.14610033123098, 0.0], [-120.91278704100317, 38.14612031089339, 0.0], [-120.91265870857998, 38.146121008885125, 0.0], [-120.9125969143699, 38.14617057617035, 0.0], [-120.91250621776388, 38.14617492377961, 0.0], [-120.91249642882224, 38.14612110496495, 0.0], [-120.91240238599175, 38.14611049167523, 0.0], [-120.91223256308058, 38.14611045281944, 0.0], [-120.91207422602858, 38.14610465694388, 0.0], [-120.91202260793403, 38.14606201513873, 0.0], [-120.9119112330085, 38.1459974472923, 0.0], [-120.91187359808966, 38.14599379907833, 0.0], [-120.91182700876409, 38.146171787058, 0.0], [-120.91169629939867, 38.146255890713356, 0.0], [-120.91174774681329, 38.146304490046354, 0.0], [-120.91177673365087, 38.14634672972995, 0.0], [-120.91165793414952, 38.14641018316954, 0.0], [-120.91148238358005, 38.14647858676048, 0.0], [-120.91130912730783, 38.1464665641231, 0.0], [-120.91119707325592, 38.14642582786943, 0.0], [-120.91110900961199, 38.14633783177558, 0.0]]]]}}, {"type": "Feature", "properties": {"Symb_class": "P", "Crop2016": "Mixed Pasture", "County": "Calaveras", "Acres": 0.78219554, "SUBCLASS2": "3"}, "geometry": {"type": "MultiPolygon", "coordinates": [[[[-120.5594079317414, 38.058562074701655, 0.0], [-120.55940951996281, 38.05877418374488, 0.0], [-120.55932534961732, 38.05890886194184, 0.0], [-120.55869657024095, 38.05895475805993, 0.0], [-120.55853952586465, 38.058712053221385, 0.0], [-120.55855856206384, 38.05857404390969, 0.0], [-120.55875367794017, 38.0585216947015, 0.0], [-120.55895831056866, 38.0585169372883, 0.0], [-120.5591058381928, 38.0585216947015, 0.0], [-120.559248604746, 38.058526452821766, 0.0], [-120.5593866138214, 38.05853121306367, 0.0], [-120.55939137399409, 38.0585502490769, 0.0], [-120.5594079317414, 38.058562074701655, 0.0]]]]}}, {"type": "Feature", "properties": {"Symb_class": "P", "Crop2016": "Mixed Pasture", "County": "Calaveras", "Acres": 10.37191554, "SUBCLASS2": "3"}, "geometry": {"type": "MultiPolygon", "coordinates": [[[[-120.5209767722965, 38.32519047321827, 0.0], [-120.52053982725074, 38.32683943586506, 0.0], [-120.5207596638654, 38.327076504666316, 0.0], [-120.52088200542393, 38.32723782818773, 0.0], [-120.52100507731281, 38.32750387615547, 0.0], [-120.52107913442482, 38.32769396982109, 0.0], [-120.52100854121652, 38.32799893695178, 0.0], [-120.52071830542968, 38.32809539612822, 0.0], [-120.52070558438697, 38.328009764734865, 0.0], [-120.52066768985503, 38.327790953000324, 0.0], [-120.52054588279407, 38.32770579199173, 0.0], [-120.5204003000225, 38.32768737869232, 0.0], [-120.5202187523002, 38.32772624329949, 0.0], [-120.5201108610413, 38.327898080285216, 0.0], [-120.5200629763451, 38.327983973960606, 0.0], [-120.5201125229246, 38.3281360899259, 0.0], [-120.52013709813583, 38.32818358830993, 0.0], [-120.52013783026277, 38.328288312686595, 0.0], [-120.51979997118947, 38.328508743728406, 0.0], [-120.51925379459841, 38.32840636702762, 0.0], [-120.5191559635724, 38.32828301896771, 0.0], [-120.51919159704478, 38.32817813813938, 0.0], [-120.51920265530592, 38.32802576011236, 0.0], [-120.51918907367715, 38.32781636330192, 0.0], [-120.51910356484188, 38.32772152387583, 0.0], [-120.51910303393754, 38.32764536120126, 0.0], [-120.5191619122162, 38.32739756998018, 0.0], [-120.51924549686015, 38.32721631685524, 0.0], [-120.51926894199072, 38.32710196877656, 0.0], [-120.5193519283567, 38.32683503280105, 0.0], [-120.51938676322676, 38.326615906739335, 0.0], [-120.51966002534631, 38.325824514084374, 0.0], [-120.51969638555575, 38.32582435693053, 0.0], [-120.51969592112675, 38.32575771522872, 0.0], [-120.51971910035603, 38.32560528419152, 0.0], [-120.51979095929055, 38.32548120619839, 0.0], [-120.51991189857895, 38.325442601841985, 0.0], [-120.51994779525768, 38.325375803339114, 0.0], [-120.51988659393571, 38.32529038015186, 0.0], [-120.52007766290167, 38.32488016788522, 0.0], [-120.52030821641767, 38.324917258066975, 0.0], [-120.5207333638888, 38.32504871276285, 0.0], [-120.5209767722965, 38.32519047321827, 0.0]]]]}}, {"type": "Feature", "properties": {"Symb_class": "P", "Crop2016": "Mixed Pasture", "County": "Calaveras", "Acres": 16.4049322, "SUBCLASS2": "3"}, "geometry": {"type": "MultiPolygon", "coordinates": [[[[-120.59137583488794, 38.11315164469836, 0.0], [-120.59168040599008, 38.11322778910491, 0.0], [-120.59192406143445, 38.113060273850145, 0.0], [-120.59198497709221, 38.112892760331576, 0.0], [-120.59198497709221, 38.11267956004549, 0.0], [-120.5919849779905, 38.11251204706732, 0.0], [-120.59216771867548, 38.1121465612017, 0.0], [-120.59289869039858, 38.1114460472863, 0.0], [-120.59390377404752, 38.11219224721165, 0.0], [-120.59399126636292, 38.11231339013217, 0.0], [-120.59392220029062, 38.1123684799603, 0.0], [-120.59371249397742, 38.11259562690594, 0.0], [-120.59368075200683, 38.112639113800526, 0.0], [-120.59360787797605, 38.1127389497231, 0.0], [-120.59350326017807, 38.112882273672575, 0.0], [-120.59345916816898, 38.113037200000015, 0.0], [-120.59342864161901, 38.11307551222785, 0.0], [-120.59341646136205, 38.113136416938396, 0.0], [-120.59306620374122, 38.11345621619397, 0.0], [-120.59314276715286, 38.113541286267925, 0.0], [-120.59316096612221, 38.1136151791612, 0.0], [-120.59322406468607, 38.11387140276199, 0.0], [-120.59317225884365, 38.114021956263436, 0.0], [-120.59320326060241, 38.11406535890879, 0.0], [-120.59306620284289, 38.114278557976746, 0.0], [-120.59280731825946, 38.11444607326438, 0.0], [-120.59247228977762, 38.11447652964857, 0.0], [-120.59206112009231, 38.11426332974494, 0.0], [-120.59163471857303, 38.11418718712479, 0.0], [-120.59113217764688, 38.1144003872507, 0.0], [-120.59062963582245, 38.114415614747145, 0.0], [-120.59003572275718, 38.114111045132, 0.0], [-120.59087329216517, 38.113623731247365, 0.0], [-120.59072100616494, 38.113547587253606, 0.0], [-120.59049257716458, 38.113319159743526, 0.0], [-120.59055349282235, 38.11307550233279, 0.0], [-120.59055349372063, 38.11280138915948, 0.0], [-120.59055349282235, 38.1124206747122, 0.0], [-120.59053826368333, 38.11220747587524, 0.0], [-120.59044689334083, 38.1118267611594, 0.0], [-120.59049257896122, 38.111613562002475, 0.0], [-120.59067532234116, 38.111704931833316, 0.0], [-120.59087329216517, 38.11178107704127, 0.0], [-120.59108649112818, 38.11187244666252, 0.0], [-120.5913149201285, 38.1121465612017, 0.0], [-120.59131789624705, 38.11219121811407, 0.0], [-120.59163910504654, 38.11214171185887, 0.0], [-120.5916402360255, 38.11228451395064, 0.0], [-120.59164193294308, 38.11249871691813, 0.0], [-120.59162795605558, 38.11264159323196, 0.0], [-120.59159859102725, 38.112748842697066, 0.0], [-120.59166024599845, 38.11290324910942, 0.0], [-120.59136981258226, 38.113079379778455, 0.0], [-120.59137583488794, 38.11315164469836, 0.0]]]]}}, {"type": "Feature", "properties": {"Symb_class": "V", "Crop2016": "Grapes", "County": "Calaveras", "Acres": 1.10971206, "SUBCLASS2": "**"}, "geometry": {"type": "MultiPolygon", "coordinates": [[[[-120.53488358582008, 38.41125199609909, 0.0], [-120.53484432495056, 38.411227010665655, 0.0], [-120.53477651112978, 38.41124842594757, 0.0], [-120.53472297243717, 38.411259134290006, 0.0], [-120.53456592806089, 38.41121987317548, 0.0], [-120.53453737510957, 38.411202027335236, 0.0], [-120.5346872805743, 38.41103784370897, 0.0], [-120.53489429373825, 38.41088436881157, 0.0], [-120.53522265941562, 38.41069163218668, 0.0], [-120.5352833352232, 38.410613110023434, 0.0], [-120.53536185696218, 38.410591695257146, 0.0], [-120.53544394860609, 38.4105952640334, 0.0], [-120.53574019232555, 38.41069520166181, 0.0], [-120.53574376133217, 38.410738031830604, 0.0], [-120.53566166878994, 38.41079156968182, 0.0], [-120.53542610267465, 38.41100215193421, 0.0], [-120.53541896466143, 38.411173473137055, 0.0], [-120.53539397892011, 38.41125556484268, 0.0], [-120.53535828795556, 38.41132694882817, 0.0], [-120.5352869042298, 38.411355502261856, 0.0], [-120.53489786184656, 38.41130196412454, 0.0], [-120.53488358582008, 38.41125199609909, 0.0]]]]}}, {"type": "Feature", "properties": {"Symb_class": "V", "Crop2016": "Grapes", "County": "Calaveras", "Acres": 1.89948655, "SUBCLASS2": "**"}, "geometry": {"type": "MultiPolygon", "coordinates": [[[[-120.48421778632881, 38.15463158594078, 0.0], [-120.48460325880713, 38.154612550930054, 0.0], [-120.48509266007562, 38.154875758765975, 0.0], [-120.48507857269531, 38.1549023689736, 0.0], [-120.48507559927174, 38.154938061856924, 0.0], [-120.48510831681268, 38.15512544408644, 0.0], [-120.48516780325083, 38.15541692785334, 0.0], [-120.48519159782605, 38.15557159297133, 0.0], [-120.48519159782605, 38.15579169431468, 0.0], [-120.48519159692773, 38.155889845855846, 0.0], [-120.4851709707105, 38.15590310521469, 0.0], [-120.48501660331377, 38.1558281630692, 0.0], [-120.48495662459887, 38.155764924790574, 0.0], [-120.48481385714739, 38.155675693914446, 0.0], [-120.48465621988302, 38.1555477993372, 0.0], [-120.48458780868258, 38.155482363271425, 0.0], [-120.48442719619794, 38.15528308368508, 0.0], [-120.48407919873837, 38.154759600797625, 0.0], [-120.48405629708851, 38.154743668973296, 0.0], [-120.48412030384914, 38.15467561078576, 0.0], [-120.48421778632881, 38.15463158594078, 0.0]]]]}}, {"type": "Feature", "properties": {"Symb_class": "V", "Crop2016": "Grapes", "County": "Calaveras", "Acres": 2.41750854, "SUBCLASS2": "**"}, "geometry": {"type": "MultiPolygon", "coordinates": [[[[-120.49215105204634, 38.08988166306446, 0.0], [-120.49220815974559, 38.08978457871587, 0.0], [-120.49241945697513, 38.08978458012987, 0.0], [-120.49273925631795, 38.089801713212, 0.0], [-120.49282491517187, 38.08981884416909, 0.0], [-120.49279636311886, 38.08992163689742, 0.0], [-120.49270499097976, 38.09004727233645, 0.0], [-120.49270499097976, 38.090235726150716, 0.0], [-120.49270499097976, 38.090321386043485, 0.0], [-120.49279636132223, 38.09038991501664, 0.0], [-120.49295626323945, 38.09056694695723, 0.0], [-120.49301907883401, 38.09057265674558, 0.0], [-120.49299623737129, 38.0910352251845, 0.0], [-120.49299623826957, 38.09128078511421, 0.0], [-120.4924651407989, 38.091286496260814, 0.0], [-120.4923109530652, 38.09124652176027, 0.0], [-120.49221387033582, 38.09109804232758, 0.0], [-120.4921396308658, 38.09096669610936, 0.0], [-120.49216818561375, 38.09080108609235, 0.0], [-120.49221387123414, 38.09074968895062, 0.0], [-120.49233379632456, 38.09071542534774, 0.0], [-120.49238519163691, 38.09065831695054, 0.0], [-120.49237948014837, 38.09054981405446, 0.0], [-120.4923109530652, 38.09048699714727, 0.0], [-120.49223671359518, 38.09040704724991, 0.0], [-120.49212249999333, 38.090367072268414, 0.0], [-120.49212249999333, 38.090252857713104, 0.0], [-120.4921396308658, 38.08997874374909, 0.0], [-120.49215105204634, 38.08988166306446, 0.0]]]]}}, {"type": "Feature", "properties": {"Symb_class": "D", "Crop2016": "Walnuts", "County": "Calaveras", "Acres": 17.94787203, "SUBCLASS2": "13"}, "geometry": {"type": "MultiPolygon", "coordinates": [[[[-120.61074947992198, 38.27808197174367, 0.0], [-120.61073493889248, 38.278524756789785, 0.0], [-120.61039241396958, 38.27885495409073, 0.0], [-120.61039346679507, 38.27898347833854, 0.0], [-120.61037705187991, 38.27919777611575, 0.0], [-120.60997943058571, 38.279456846320635, 0.0], [-120.61027154474979, 38.27962673998923, 0.0], [-120.61031326430822, 38.28028345619158, 0.0], [-120.60976548691933, 38.27995776297025, 0.0], [-120.60907469324562, 38.27991841016887, 0.0], [-120.60867228033767, 38.279591977696995, 0.0], [-120.60865107830035, 38.27922077833619, 0.0], [-120.60861298883398, 38.27900675635246, 0.0], [-120.60837550571388, 38.278850861919274, 0.0], [-120.60813825525747, 38.278723529901704, 0.0], [-120.60784754785512, 38.27872499527262, 0.0], [-120.607593177306, 38.27872627729583, 0.0], [-120.60733729489226, 38.27854191182907, 0.0], [-120.60722548697875, 38.27819973124938, 0.0], [-120.60716737226805, 38.277757312331666, 0.0], [-120.60709353344666, 38.277614873140756, 0.0], [-120.60727475687712, 38.27755683705547, 0.0], [-120.6075465933703, 38.27746978213537, 0.0], [-120.60790834134197, 38.27726802613192, 0.0], [-120.60823421688937, 38.27712357334358, 0.0], [-120.60876169594609, 38.27719231679996, 0.0], [-120.60881678692752, 38.277263443758756, 0.0], [-120.60885370858402, 38.27733466302869, 0.0], [-120.60910900709283, 38.277447622069076, 0.0], [-120.60932539866836, 38.27724659517837, 0.0], [-120.60943347857346, 38.277131800898104, 0.0], [-120.60934053168764, 38.2768752117574, 0.0], [-120.60933901443312, 38.27668956728836, 0.0], [-120.60977483119488, 38.27665880209302, 0.0], [-120.61001114201355, 38.276671887845424, 0.0], [-120.61017594693558, 38.27682814590487, 0.0], [-120.61037837689494, 38.277141304156075, 0.0], [-120.610380248984, 38.27736979098825, 0.0], [-120.6104353399654, 38.27744091706804, 0.0], [-120.6107097483353, 38.277668025009184, 0.0], [-120.61071080116076, 38.277796547832104, 0.0], [-120.61074947992198, 38.27808197174367, 0.0]]]]}}, {"type": "Feature", "properties": {"Symb_class": "V", "Crop2016": "Grapes", "County": "Calaveras", "Acres": 5.28687271, "SUBCLASS2": "**"}, "geometry": {"type": "MultiPolygon", "coordinates": [[[[-120.77685546880346, 38.25237438931897, 0.0], [-120.77658420992701, 38.25221734499021, 0.0], [-120.77611783697084, 38.25196036307824, 0.0], [-120.7758751310457, 38.25177000604304, 0.0], [-120.77577043599258, 38.251593926047086, 0.0], [-120.77577043599258, 38.251493988867324, 0.0], [-120.77582754279352, 38.25134170300728, 0.0], [-120.77592272019618, 38.25128459687386, 0.0], [-120.77602741704591, 38.251275078239956, 0.0], [-120.77622729129834, 38.25119893476779, 0.0], [-120.77637957729854, 38.251156106145935, 0.0], [-120.77649855017475, 38.25120845411707, 0.0], [-120.77676029140079, 38.25159868569602, 0.0], [-120.77694113035233, 38.2517414531502, 0.0], [-120.77700775480368, 38.25182711391141, 0.0], [-120.77718383537915, 38.251912773866195, 0.0], [-120.77766924543283, 38.252055542114284, 0.0], [-120.77768827983539, 38.25207933597203, 0.0], [-120.77768352235762, 38.252141201799816, 0.0], [-120.77766924543283, 38.252193549766794, 0.0], [-120.7777025576585, 38.25225541620281, 0.0], [-120.77780249433555, 38.2522649340028, 0.0], [-120.77793574503491, 38.2522506573023, 0.0], [-120.7779976102119, 38.25229824629312, 0.0], [-120.77812610073856, 38.252569505061835, 0.0], [-120.77811658398643, 38.25262185272035, 0.0], [-120.77813086001294, 38.25271227272522, 0.0], [-120.77814513783603, 38.25288835283335, 0.0], [-120.77811182471206, 38.253150093832936, 0.0], [-120.77810706723432, 38.253221477834806, 0.0], [-120.77805471791112, 38.25326906689529, 0.0], [-120.77801188803502, 38.25333093312111, 0.0], [-120.77805471701281, 38.2534356287143, 0.0], [-120.77802140478714, 38.25358315490049, 0.0], [-120.77732184355627, 38.25348797715971, 0.0], [-120.77732184355627, 38.25335948609489, 0.0], [-120.7773170860785, 38.25290738826636, 0.0], [-120.7772123892288, 38.25265516625791, 0.0], [-120.77703630775498, 38.252483845175746, 0.0], [-120.77685546880346, 38.25237438931897, 0.0]]]]}}, {"type": "Feature", "properties": {"Symb_class": "V", "Crop2016": "Grapes", "County": "Calaveras", "Acres": 1.60297793, "SUBCLASS2": "**"}, "geometry": {"type": "MultiPolygon", "coordinates": [[[[-120.52673891507519, 38.020855600286914, 0.0], [-120.52661556291196, 38.02155232069843, 0.0], [-120.52649589833295, 38.02170160225702, 0.0], [-120.52603547132564, 38.02167386573289, 0.0], [-120.52587569696921, 38.02148415679781, 0.0], [-120.5258676076401, 38.021406839052794, 0.0], [-120.5258823202478, 38.021353222004855, 0.0], [-120.52588194385368, 38.02129967073165, 0.0], [-120.52588114794636, 38.02118662003826, 0.0], [-120.52588035293732, 38.02107356775509, 0.0], [-120.5259475011065, 38.02096616965841, 0.0], [-120.52597713383278, 38.02088868718495, 0.0], [-120.5261125162343, 38.020828591646314, 0.0], [-120.52621784459969, 38.020786478952935, 0.0], [-120.52637607026057, 38.02075603519995, 0.0], [-120.52654950709416, 38.02074337618849, 0.0], [-120.52673891507519, 38.020855600286914, 0.0]]]]}}, {"type": "Feature", "properties": {"Symb_class": "V", "Crop2016": "Grapes", "County": "Calaveras", "Acres": 3.53556585, "SUBCLASS2": "**"}, "geometry": {"type": "MultiPolygon", "coordinates": [[[[-120.69666128415184, 38.04860423271158, 0.0], [-120.69540215065238, 38.04858296010155, 0.0], [-120.69347097311582, 38.04836561919342, 0.0], [-120.69346898604243, 38.04815141786443, 0.0], [-120.6936676996715, 38.04809314931255, 0.0], [-120.6939829553356, 38.04790567986436, 0.0], [-120.69470800805931, 38.04795861674918, 0.0], [-120.69495459201154, 38.04817854376672, 0.0], [-120.69491096982135, 38.04835730565194, 0.0], [-120.69563635941326, 38.04844593692549, 0.0], [-120.69567145569309, 38.04832434788363, 0.0], [-120.6956346984283, 38.04826743700059, 0.0], [-120.69554379970133, 38.04823226073437, 0.0], [-120.69562118866475, 38.04778910765941, 0.0], [-120.69623769705434, 38.04785694430818, 0.0], [-120.69655860132498, 38.04827636883371, 0.0], [-120.6966865905917, 38.048404156322476, 0.0], [-120.69666128415184, 38.04860423271158, 0.0]]]]}}, {"type": "Feature", "properties": {"Symb_class": "P", "Crop2016": "Mixed Pasture", "County": "Calaveras", "Acres": 4.70471339, "SUBCLASS2": "3"}, "geometry": {"type": "MultiPolygon", "coordinates": [[[[-120.46017105577945, 38.13051109513616, 0.0], [-120.46016148423007, 38.130501820741685, 0.0], [-120.46127316825881, 38.129093180936735, 0.0], [-120.46145591074043, 38.12906272428921, 0.0], [-120.46146352486078, 38.12921500881314, 0.0], [-120.46145591074043, 38.129367295139254, 0.0], [-120.46145590984212, 38.129557652246795, 0.0], [-120.46142156994375, 38.12961488569822, 0.0], [-120.46141346444496, 38.12981847304882, 0.0], [-120.4614116938655, 38.12986290504645, 0.0], [-120.46140300895335, 38.130081015669845, 0.0], [-120.46138664075055, 38.130366692857265, 0.0], [-120.46133835181246, 38.13046312194897, 0.0], [-120.46132488157475, 38.13049001805725, 0.0], [-120.46119200187962, 38.13075536918979, 0.0], [-120.46117594808717, 38.13083564096423, 0.0], [-120.46106165723022, 38.13083007988552, 0.0], [-120.46103724191912, 38.13081787306895, 0.0], [-120.4610358189877, 38.13081787801526, 0.0], [-120.46099955220303, 38.1308180172189, 0.0], [-120.46082737211256, 38.13083295723152, 0.0], [-120.46065501595221, 38.130819335767164, 0.0], [-120.4604258215873, 38.130724569819236, 0.0], [-120.4603657970583, 38.130699751256266, 0.0], [-120.46035245258477, 38.13068682366671, 0.0], [-120.46022866114536, 38.130785264783114, 0.0], [-120.46028354461596, 38.130863598980696, 0.0], [-120.46044753835929, 38.1309914972656, 0.0], [-120.46053860237625, 38.13105541205315, 0.0], [-120.46062059969707, 38.13111936070228, 0.0], [-120.46069344228684, 38.13116906466274, 0.0], [-120.46079463121539, 38.131404308842065, 0.0], [-120.4607773341546, 38.131540041784014, 0.0], [-120.46091478986777, 38.13177514627249, 0.0], [-120.46090722335815, 38.13201794564888, 0.0], [-120.46072606191144, 38.132047201247026, 0.0], [-120.46057192538173, 38.13204779126275, 0.0], [-120.46041822812818, 38.13211978232654, 0.0], [-120.46028191686865, 38.13207032067247, 0.0], [-120.46025379331206, 38.131920482019034, 0.0], [-120.46035282269068, 38.13180585828696, 0.0], [-120.460351678237, 38.131620213063535, 0.0], [-120.46028702289271, 38.13142767083893, 0.0], [-120.46036840307094, 38.1313916590758, 0.0], [-120.46040409942539, 38.13129869785361, 0.0], [-120.46032223325861, 38.13125616893289, 0.0], [-120.46020436531018, 38.13125661904553, 0.0], [-120.45996686961368, 38.13097191269848, 0.0], [-120.45996603418045, 38.130836250775005, 0.0], [-120.45998385855233, 38.130786200345106, 0.0], [-120.46012608342137, 38.13060349277248, 0.0], [-120.46017105577945, 38.13051109513616, 0.0]]]]}}, {"type": "Feature", "properties": {"Symb_class": "D", "Crop2016": "Walnuts", "County": "Calaveras", "Acres": 3.22998555, "SUBCLASS2": "13"}, "geometry": {"type": "MultiPolygon", "coordinates": [[[[-120.49887061835652, 38.10499107665536, 0.0], [-120.49875148108858, 38.104945625769766, 0.0], [-120.49871349762341, 38.10482084368476, 0.0], [-120.49875276567944, 38.104731084682236, 0.0], [-120.4988717241826, 38.104604880006, 0.0], [-120.49909140359209, 38.104533266848904, 0.0], [-120.49940850259918, 38.10408227765059, 0.0], [-120.49931983977893, 38.10402794005204, 0.0], [-120.49966889006406, 38.103701601171096, 0.0], [-120.50008349131375, 38.10375334123049, 0.0], [-120.50030351118471, 38.103848620035066, 0.0], [-120.50034119281597, 38.10415935327705, 0.0], [-120.50038145171372, 38.10421742731897, 0.0], [-120.5001569016388, 38.10443198405229, 0.0], [-120.50003141058684, 38.10439593423341, 0.0], [-120.4999142406294, 38.10446973034746, 0.0], [-120.49979171132296, 38.1047007620742, 0.0], [-120.49971512635173, 38.10482310213156, 0.0], [-120.49959438199775, 38.10500172207872, 0.0], [-120.49933769199859, 38.1049199650464, 0.0], [-120.49921530282933, 38.104969807717, 0.0], [-120.49908329270339, 38.10494792379729, 0.0], [-120.49900849537957, 38.10501785420401, 0.0], [-120.49898552905101, 38.105160410095976, 0.0], [-120.4990119422153, 38.10527064008438, 0.0], [-120.49903167281222, 38.1053997997139, 0.0], [-120.49894824537346, 38.10554583615659, 0.0], [-120.49882406676014, 38.105648090049925, 0.0], [-120.49840716582332, 38.10548662865597, 0.0], [-120.498648351799, 38.10531534502593, 0.0], [-120.49887061835652, 38.10499107665536, 0.0]]]]}}, {"type": "Feature", "properties": {"Symb_class": "P", "Crop2016": "Mixed Pasture", "County": "Calaveras", "Acres": 14.79382151, "SUBCLASS2": "3"}, "geometry": {"type": "MultiPolygon", "coordinates": [[[[-120.74241617544449, 38.04252751988778, 0.0], [-120.74295295655598, 38.042455216274575, 0.0], [-120.74328358419126, 38.04231036475559, 0.0], [-120.7437949699297, 38.04212869170206, 0.0], [-120.74457790829365, 38.04193343534536, 0.0], [-120.74475878677107, 38.04190851304378, 0.0], [-120.7449248089103, 38.04190748366415, 0.0], [-120.74506147590269, 38.04198994293802, 0.0], [-120.74539494490918, 38.04213068465984, 0.0], [-120.74548550227635, 38.042130122924526, 0.0], [-120.74565140583796, 38.042117193813304, 0.0], [-120.74601221327352, 38.0419721470695, 0.0], [-120.74635863688472, 38.04189859279523, 0.0], [-120.74756218173609, 38.041881902692026, 0.0], [-120.74756642897076, 38.041926792842155, 0.0], [-120.74762846572595, 38.04209301725352, 0.0], [-120.74764475128374, 38.04221192328894, 0.0], [-120.74729915771584, 38.04236878081938, 0.0], [-120.74722523894438, 38.042523949987014, 0.0], [-120.74728944423269, 38.04277228123807, 0.0], [-120.747257924146, 38.0427736622176, 0.0], [-120.74698636613056, 38.042787249159, 0.0], [-120.74697079832669, 38.04273974331476, 0.0], [-120.74683365163395, 38.04260968698554, 0.0], [-120.74671195686238, 38.042515236768246, 0.0], [-120.74648425370083, 38.042385743188596, 0.0], [-120.7460772171641, 38.042435871862345, 0.0], [-120.74574659402042, 38.042580730915205, 0.0], [-120.74568669705221, 38.04262870591548, 0.0], [-120.74553754707065, 38.0428081407125, 0.0], [-120.74540253926662, 38.042892282745676, 0.0], [-120.74511671780108, 38.042989260963516, 0.0], [-120.74505800571072, 38.04315623499861, 0.0], [-120.74496804033335, 38.043216295950586, 0.0], [-120.74481746382712, 38.04325292988106, 0.0], [-120.74451773284773, 38.043468999800616, 0.0], [-120.74446008705763, 38.043743073015555, 0.0], [-120.74428086237864, 38.04393459270681, 0.0], [-120.74418888118174, 38.04379235393137, 0.0], [-120.74399278614175, 38.04380546810112, 0.0], [-120.74376757131353, 38.043925869044074, 0.0], [-120.74361663727781, 38.043926802181005, 0.0], [-120.74328422918164, 38.043893154768845, 0.0], [-120.74299591668782, 38.04374022832018, 0.0], [-120.74244936729593, 38.043422285342054, 0.0], [-120.74217946128229, 38.04360246173588, 0.0], [-120.74189103470243, 38.043437630915165, 0.0], [-120.7417983501247, 38.0432239903368, 0.0], [-120.74156620030243, 38.0431299321404, 0.0], [-120.74153893104369, 38.04293997313991, 0.0], [-120.74141582591714, 38.042702717896795, 0.0], [-120.74150603114472, 38.04266645865013, 0.0], [-120.74171733376417, 38.04266515619773, 0.0], [-120.74185317071321, 38.04266431784572, 0.0], [-120.74223250679982, 38.042864289651256, 0.0], [-120.7423530166935, 38.042839744039625, 0.0], [-120.74239675925794, 38.04268476514317, 0.0], [-120.74241617544449, 38.04252751988778, 0.0]]]]}}, {"type": "Feature", "properties": {"Symb_class": "V", "Crop2016": "Grapes", "County": "Calaveras", "Acres": 1.66585237, "SUBCLASS2": "**"}, "geometry": {"type": "MultiPolygon", "coordinates": [[[[-120.47286879532109, 38.027163703891866, 0.0], [-120.47286879532109, 38.02664974012202, 0.0], [-120.47294017904682, 38.02667353400156, 0.0], [-120.47311150034791, 38.026840097310746, 0.0], [-120.47326378724645, 38.02697334683631, 0.0], [-120.47328758092338, 38.02703521275669, 0.0], [-120.47328758092338, 38.02709707933251, 0.0], [-120.47326854472419, 38.02713990875625, 0.0], [-120.47325426869772, 38.02722081091207, 0.0], [-120.4732828207507, 38.02729695424407, 0.0], [-120.47358263527339, 38.0277823640909, 0.0], [-120.4735969121982, 38.02786802423498, 0.0], [-120.47353980539727, 38.02790609592836, 0.0], [-120.47338751939706, 38.027986997945725, 0.0], [-120.47331137729526, 38.02803934493035, 0.0], [-120.47322095557371, 38.02817259581275, 0.0], [-120.47322571394976, 38.02822494407996, 0.0], [-120.47302583969737, 38.02818687184472, 0.0], [-120.47300680439649, 38.02815355968403, 0.0], [-120.47303059987006, 38.02793940820156, 0.0], [-120.47299252926831, 38.027882301741485, 0.0], [-120.47294017994513, 38.02785374814094, 0.0], [-120.4728878333169, 38.02780615831022, 0.0], [-120.47281644869287, 38.02776808727254, 0.0], [-120.47276410026795, 38.02773001479983, 0.0], [-120.47274982334316, 38.02764435520201, 0.0], [-120.47284024326808, 38.02723508712945, 0.0], [-120.47286879532109, 38.027163703891866, 0.0]]]]}}, {"type": "Feature", "properties": {"Symb_class": "V", "Crop2016": "Grapes", "County": "Calaveras", "Acres": 12.50400023, "SUBCLASS2": "**"}, "geometry": {"type": "MultiPolygon", "coordinates": [[[[-120.53251529435447, 38.1548312459298, 0.0], [-120.53124695671663, 38.15713168797201, 0.0], [-120.53122209404451, 38.15711975397318, 0.0], [-120.52993013340962, 38.15701209219225, 0.0], [-120.52896358299483, 38.15667635808964, 0.0], [-120.52998579122799, 38.15499197871106, 0.0], [-120.53027411719654, 38.155041054683174, 0.0], [-120.5306053377199, 38.1551324266735, 0.0], [-120.53076523604383, 38.155121005887324, 0.0], [-120.5307880802015, 38.154903997895765, 0.0], [-120.53093655824324, 38.15482404927924, 0.0], [-120.53186169183185, 38.15474409916228, 0.0], [-120.53251529435447, 38.1548312459298, 0.0]]]]}}, {"type": "Feature", "properties": {"Symb_class": "P", "Crop2016": "Mixed Pasture", "County": "Calaveras", "Acres": 4.7774801, "SUBCLASS2": "3"}, "geometry": {"type": "MultiPolygon", "coordinates": [[[[-120.8267376579909, 38.0138653251634, 0.0], [-120.82646593019386, 38.013852912673585, 0.0], [-120.82631590794816, 38.01420382833595, 0.0], [-120.82601599820404, 38.01409878192019, 0.0], [-120.8260863659352, 38.013912645903574, 0.0], [-120.82612147029984, 38.01381243794887, 0.0], [-120.82611973475473, 38.0136553600216, 0.0], [-120.8259652146444, 38.01359929768554, 0.0], [-120.82574693570844, 38.01350797229457, 0.0], [-120.82568285977753, 38.01344414721883, 0.0], [-120.82565381095621, 38.01327297570672, 0.0], [-120.82559028928586, 38.01325913133008, 0.0], [-120.8254447442435, 38.01319586587162, 0.0], [-120.82540774712852, 38.013124715963876, 0.0], [-120.82543427168392, 38.013067409694806, 0.0], [-120.8253339891555, 38.01300383407347, 0.0], [-120.8252428362053, 38.0129473359685, 0.0], [-120.82504990413341, 38.01269160518485, 0.0], [-120.82506744284102, 38.01099919306693, 0.0], [-120.82517661779244, 38.01104842665113, 0.0], [-120.82533302166995, 38.01127584799619, 0.0], [-120.8254066224378, 38.01138244918643, 0.0], [-120.82549037416835, 38.0115889478104, 0.0], [-120.82562710134786, 38.01167369404482, 0.0], [-120.82567338614456, 38.011766202279, 0.0], [-120.82574745942625, 38.01191564390949, 0.0], [-120.82583955560752, 38.012057820020786, 0.0], [-120.82588528883862, 38.01210034823371, 0.0], [-120.82596746761912, 38.01216404778966, 0.0], [-120.82609664176373, 38.01238451473805, 0.0], [-120.82616976911943, 38.012448277037855, 0.0], [-120.82619873978734, 38.012612309174294, 0.0], [-120.82615695016034, 38.012926776329344, 0.0], [-120.82606934555551, 38.01319157475472, 0.0], [-120.82607045138163, 38.01329153513659, 0.0], [-120.8267376579909, 38.0138653251634, 0.0]]]]}}, {"type": "Feature", "properties": {"Symb_class": "V", "Crop2016": "Grapes", "County": "Calaveras", "Acres": 2.3966592, "SUBCLASS2": "**"}, "geometry": {"type": "MultiPolygon", "coordinates": [[[[-120.92901603996037, 38.150135856932195, 0.0], [-120.92859095806622, 38.150099833208365, 0.0], [-120.92856658587426, 38.15009925393509, 0.0], [-120.92850749199994, 38.15009784884418, 0.0], [-120.92849647236633, 38.15033424211599, 0.0], [-120.92844496925613, 38.15036428580921, 0.0], [-120.92811755579297, 38.15101149766441, 0.0], [-120.92769877019067, 38.15108002833497, 0.0], [-120.9275541001074, 38.15085921411906, 0.0], [-120.92768354105165, 38.15055464183605, 0.0], [-120.92778252731112, 38.15046326976186, 0.0], [-120.92785105529258, 38.150212000206146, 0.0], [-120.92784344117223, 38.149907428046305, 0.0], [-120.92791958417236, 38.14976275826204, 0.0], [-120.92804141279284, 38.14970945779161, 0.0], [-120.92819369699643, 38.14970945779161, 0.0], [-120.92820160576422, 38.14971048282818, 0.0], [-120.92826744329139, 38.149756950667296, 0.0], [-120.92865784123238, 38.149789643725086, 0.0], [-120.92873129018496, 38.149779146824294, 0.0], [-120.92901603996037, 38.149816057987074, 0.0], [-120.9290693388028, 38.14995311373944, 0.0], [-120.92901603996037, 38.150135856932195, 0.0]]]]}}, {"type": "Feature", "properties": {"Symb_class": "V", "Crop2016": "Grapes", "County": "Calaveras", "Acres": 1.34533909, "SUBCLASS2": "**"}, "geometry": {"type": "MultiPolygon", "coordinates": [[[[-120.49976588565684, 38.10826369229801, 0.0], [-120.4997358720449, 38.10829356812089, 0.0], [-120.49869188685261, 38.108053937057875, 0.0], [-120.49844203303276, 38.10796571798806, 0.0], [-120.49834316624921, 38.10786497220028, 0.0], [-120.49841046982692, 38.10776353781077, 0.0], [-120.49898407917013, 38.10769570935097, 0.0], [-120.49908254979663, 38.10773695211562, 0.0], [-120.49915036990565, 38.10771287004208, 0.0], [-120.49916535829617, 38.10769495727184, 0.0], [-120.49943719478932, 38.10768192877169, 0.0], [-120.49966391070242, 38.10769883783054, 0.0], [-120.49976588565684, 38.10826369229801, 0.0]]]]}}, {"type": "Feature", "properties": {"Symb_class": "V", "Crop2016": "Grapes", "County": "Calaveras", "Acres": 4.64303872, "SUBCLASS2": "**"}, "geometry": {"type": "MultiPolygon", "coordinates": [[[[-120.48954560714236, 38.15550171733824, 0.0], [-120.48939332114213, 38.15542081505859, 0.0], [-120.48927910664197, 38.155332774718325, 0.0], [-120.48910540570368, 38.15516383311977, 0.0], [-120.48901736631424, 38.15509720786792, 0.0], [-120.48895074096457, 38.15506865376626, 0.0], [-120.48890553055297, 38.155051997967036, 0.0], [-120.4888896761865, 38.15504490517652, 0.0], [-120.48881511062802, 38.15501154694212, 0.0], [-120.48877610488009, 38.15497449006808, 0.0], [-120.48877340634097, 38.15496369723233, 0.0], [-120.48888117273403, 38.154915329005135, 0.0], [-120.48888338169131, 38.15490759974914, 0.0], [-120.4890435396284, 38.154835467286325, 0.0], [-120.48908938425059, 38.15481928683107, 0.0], [-120.48924320187838, 38.15483547788212, 0.0], [-120.48933745491462, 38.15487601730273, 0.0], [-120.4893980804165, 38.15490209207095, 0.0], [-120.48948374016874, 38.15494016405553, 0.0], [-120.48956226190772, 38.15496157878757, 0.0], [-120.48964316418221, 38.15499013222476, 0.0], [-120.4897216859212, 38.15502106474926, 0.0], [-120.48980972620892, 38.155078172978676, 0.0], [-120.48993107872236, 38.15514955714297, 0.0], [-120.49004529322252, 38.15518762829197, 0.0], [-120.49013095477136, 38.155220939118266, 0.0], [-120.49015712808551, 38.155239976089376, 0.0], [-120.4901856810368, 38.15526615032716, 0.0], [-120.49020709597485, 38.15530184232604, 0.0], [-120.49028799824936, 38.15533753430745, 0.0], [-120.49033796613872, 38.15539464087627, 0.0], [-120.49037571604188, 38.15543522095604, 0.0], [-120.490436746684, 38.15546706310767, 0.0], [-120.49048278713892, 38.15545061931314, 0.0], [-120.4906782291037, 38.15534705065926, 0.0], [-120.49072105987815, 38.15534705065926, 0.0], [-120.49076100436557, 38.15535125715197, 0.0], [-120.49079046012375, 38.15534073703467, 0.0], [-120.49081623907745, 38.155294702938704, 0.0], [-120.49086144769244, 38.155259010936334, 0.0], [-120.49123264414422, 38.15510910475944, 0.0], [-120.49132306496749, 38.15518048889345, 0.0], [-120.49155387180838, 38.15535181024746, 0.0], [-120.49158916392093, 38.1553756343199, 0.0], [-120.4916258780666, 38.155400414822296, 0.0], [-120.49164904921106, 38.15541605618124, 0.0], [-120.49176088497234, 38.15548506022519, 0.0], [-120.49190127278663, 38.155642104276914, 0.0], [-120.4919314049762, 38.155725653809604, 0.0], [-120.49203606319838, 38.15583706410416, 0.0], [-120.49204968525137, 38.155904032684546, 0.0], [-120.49187985695026, 38.156008540730674, 0.0], [-120.49168712071109, 38.156137032090854, 0.0], [-120.49147772790994, 38.15628218015946, 0.0], [-120.49124073527, 38.15639356699995, 0.0], [-120.49123740341862, 38.156391633665656, 0.0], [-120.491158879883, 38.15632500882914, 0.0], [-120.49105775383651, 38.156264333695766, 0.0], [-120.49085669021467, 38.15606326912241, 0.0], [-120.49069726530291, 38.15593239926992, 0.0], [-120.49057829242666, 38.155863394236526, 0.0], [-120.49034272631141, 38.1557848728444, 0.0], [-120.48996677058523, 38.1556825556584, 0.0], [-120.48981686422218, 38.15562306882355, 0.0], [-120.48954560714236, 38.15550171733824, 0.0]]]]}}, {"type": "Feature", "properties": {"Symb_class": "V", "Crop2016": "Grapes", "County": "Calaveras", "Acres": 2.02216768, "SUBCLASS2": "**"}, "geometry": {"type": "MultiPolygon", "coordinates": [[[[-120.4801725522302, 38.030937529304175, 0.0], [-120.48024036694929, 38.030933958838375, 0.0], [-120.48067937632361, 38.030973221923425, 0.0], [-120.48078288380388, 38.031044604987024, 0.0], [-120.48079359082378, 38.03108029684656, 0.0], [-120.48085426663133, 38.03110528226998, 0.0], [-120.48085783563793, 38.03114097268477, 0.0], [-120.48078288380388, 38.03136226277443, 0.0], [-120.48068294622854, 38.031565707098196, 0.0], [-120.48061870141436, 38.03166207481799, 0.0], [-120.4805865785581, 38.03171204384432, 0.0], [-120.48056873172838, 38.031786997319934, 0.0], [-120.48039741132557, 38.03190478018723, 0.0], [-120.48034030272802, 38.031972594758216, 0.0], [-120.47976209490888, 38.031704905110814, 0.0], [-120.47955508084661, 38.031533583789205, 0.0], [-120.4795265287936, 38.0315121689496, 0.0], [-120.4795158199771, 38.03147290827619, 0.0], [-120.47981206279825, 38.031265894660265, 0.0], [-120.47991557027855, 38.031187372320765, 0.0], [-120.47999409201753, 38.03111241964679, 0.0], [-120.48005833773001, 38.031058881874436, 0.0], [-120.48010830561941, 38.03099463621299, 0.0], [-120.4801725522302, 38.030937529304175, 0.0]]]]}}, {"type": "Feature", "properties": {"Symb_class": "V", "Crop2016": "Grapes", "County": "Calaveras", "Acres": 2.39104025, "SUBCLASS2": "**"}, "geometry": {"type": "MultiPolygon", "coordinates": [[[[-120.48776758517523, 38.15836354515705, 0.0], [-120.48775633736958, 38.158339640830434, 0.0], [-120.4877559223479, 38.158339847791304, 0.0], [-120.48752044516583, 38.157879953920435, 0.0], [-120.48751905906533, 38.15787486886737, 0.0], [-120.48751924142333, 38.15786234800864, 0.0], [-120.48751930430542, 38.15785793893674, 0.0], [-120.48752012267063, 38.15780199201471, 0.0], [-120.48758294006183, 38.15775059681253, 0.0], [-120.48762432365035, 38.15773099329225, 0.0], [-120.4876343820866, 38.15771842225747, 0.0], [-120.48768953864503, 38.15768777907092, 0.0], [-120.4878798961453, 38.157539299786784, 0.0], [-120.48791987117545, 38.15747267529243, 0.0], [-120.48794652239329, 38.157394628894366, 0.0], [-120.4879490969649, 38.15738632986848, 0.0], [-120.48796365326578, 38.15733942612106, 0.0], [-120.48799932356906, 38.15732807631665, 0.0], [-120.4880036687201, 38.1573266932622, 0.0], [-120.48842906322795, 38.157499586167816, 0.0], [-120.48894970071548, 38.15771823577921, 0.0], [-120.48986722198039, 38.15810085283305, 0.0], [-120.48987334938892, 38.1581106111034, 0.0], [-120.48985960875835, 38.15831214893797, 0.0], [-120.48985569030708, 38.158313919054244, 0.0], [-120.48985170897373, 38.158313652759794, 0.0], [-120.48982915137863, 38.1583121503507, 0.0], [-120.48979488604043, 38.15830263085402, 0.0], [-120.48976633398745, 38.15828930694713, 0.0], [-120.48973778013782, 38.158272173683436, 0.0], [-120.4896882856606, 38.15823219911334, 0.0], [-120.48935641206204, 38.15808504817592, 0.0], [-120.48925653287718, 38.15805591532775, 0.0], [-120.48910770359416, 38.15802729598734, 0.0], [-120.48905820642202, 38.158028517979794, 0.0], [-120.4889782545651, 38.158028517979794, 0.0], [-120.48886023480141, 38.15802471002516, 0.0], [-120.48871746734991, 38.15800186794433, 0.0], [-120.48848523218771, 38.158034228145404, 0.0], [-120.48830819939805, 38.15810656369936, 0.0], [-120.48828154907852, 38.15810466007729, 0.0], [-120.4882529961272, 38.15810275716153, 0.0], [-120.4882279097746, 38.158096594935124, 0.0], [-120.48821639067769, 38.158093766696254, 0.0], [-120.4881920822661, 38.158091334721504, 0.0], [-120.48814068515713, 38.15807801006965, 0.0], [-120.48810451718717, 38.15807420282402, 0.0], [-120.48805883156675, 38.15807420282402, 0.0], [-120.4880340847773, 38.15809323834392, 0.0], [-120.48797317181452, 38.15816176730465, 0.0], [-120.48792367913394, 38.15824742806178, 0.0], [-120.48791664263032, 38.15825948690029, 0.0], [-120.48784372817533, 38.1583844849226, 0.0], [-120.48780946373546, 38.15838067769292, 0.0], [-120.48776758517523, 38.15836354515705, 0.0]]]]}}, {"type": "Feature", "properties": {"Symb_class": "P", "Crop2016": "Mixed Pasture", "County": "Calaveras", "Acres": 9.43471012, "SUBCLASS2": "3"}, "geometry": {"type": "MultiPolygon", "coordinates": [[[[-120.56132714102341, 38.0544237582309, 0.0], [-120.56124242090897, 38.054367195865254, 0.0], [-120.56124156391618, 38.05425295479183, 0.0], [-120.56124084885722, 38.05415775281792, 0.0], [-120.56144954456573, 38.054035020266156, 0.0], [-120.56140827506323, 38.05393800079809, 0.0], [-120.56137154474791, 38.05387153004122, 0.0], [-120.56137075782372, 38.05376680929798, 0.0], [-120.56159899458457, 38.05360389568325, 0.0], [-120.56159792199615, 38.05346109423907, 0.0], [-120.56162014272302, 38.053203938041584, 0.0], [-120.56198171731981, 38.053107044090915, 0.0], [-120.56203052368753, 38.053173458952564, 0.0], [-120.56281992992153, 38.05376003629891, 0.0], [-120.56302537193206, 38.05377811507674, 0.0], [-120.56326560928682, 38.05360562165227, 0.0], [-120.56337494234172, 38.053690793222756, 0.0], [-120.563339359175, 38.05377664517705, 0.0], [-120.56340067368473, 38.05390012301375, 0.0], [-120.56332936362085, 38.0540527842009, 0.0], [-120.56349915239608, 38.054147192654355, 0.0], [-120.56369287768035, 38.05421292892279, 0.0], [-120.56393555665605, 38.05436411886229, 0.0], [-120.56408241593361, 38.05462048228337, 0.0], [-120.5639325041807, 38.054740073204364, 0.0], [-120.56395042107903, 38.05474501477501, 0.0], [-120.56417885007936, 38.054870651231475, 0.0], [-120.56415600592172, 38.05498486587618, 0.0], [-120.56373341505584, 38.05522471477657, 0.0], [-120.56347072071732, 38.055350349702245, 0.0], [-120.56325371379583, 38.05520187094649, 0.0], [-120.56270548724929, 38.054813543842315, 0.0], [-120.56224863014693, 38.05459653620591, 0.0], [-120.56194025108631, 38.054516586680954, 0.0], [-120.56182603928107, 38.054847807998215, 0.0], [-120.56199735878553, 38.055373192071364, 0.0], [-120.56216868008664, 38.05571583523999, 0.0], [-120.56155192376204, 38.055727256722086, 0.0], [-120.56138060335925, 38.055441721257814, 0.0], [-120.56130065329894, 38.055019129244506, 0.0], [-120.56131207537777, 38.0546422221148, 0.0], [-120.56132714102341, 38.0544237582309, 0.0]]]]}}, {"type": "Feature", "properties": {"Symb_class": "D", "Crop2016": "Walnuts", "County": "Calaveras", "Acres": 5.67228888, "SUBCLASS2": "13"}, "geometry": {"type": "MultiPolygon", "coordinates": [[[[-120.5516680822877, 38.41196056773889, 0.0], [-120.55145177695044, 38.41224718023076, 0.0], [-120.55134447139314, 38.4125047318226, 0.0], [-120.55119927759206, 38.41256251910508, 0.0], [-120.55078158344286, 38.4126929552591, 0.0], [-120.55049034962772, 38.41269428207324, 0.0], [-120.55003667076485, 38.41288200385455, 0.0], [-120.54970977203632, 38.41298346010325, 0.0], [-120.54892876594853, 38.41321550979232, 0.0], [-120.54860123300942, 38.41323127800035, 0.0], [-120.54849107170782, 38.41310324796309, 0.0], [-120.54876294503192, 38.4129449199925, 0.0], [-120.54892507836429, 38.41271568284268, 0.0], [-120.54901482365443, 38.41254390073443, 0.0], [-120.549322359197, 38.412285441271635, 0.0], [-120.54946649837593, 38.41208484879191, 0.0], [-120.54946407202634, 38.41175639085696, 0.0], [-120.54975635687033, 38.41189787387635, 0.0], [-120.55017405012126, 38.41176744191819, 0.0], [-120.5501751056417, 38.41191024892889, 0.0], [-120.550357864293, 38.412009385827155, 0.0], [-120.55052157506701, 38.411994359953226, 0.0], [-120.55061120986437, 38.411808294931724, 0.0], [-120.55088423842196, 38.41180704975243, 0.0], [-120.55110223708353, 38.411748931037735, 0.0], [-120.55137558184805, 38.411790528072395, 0.0], [-120.5516680822877, 38.41196056773889, 0.0]]]]}}, {"type": "Feature", "properties": {"Symb_class": "D", "Crop2016": "Walnuts", "County": "Calaveras", "Acres": 6.77383895, "SUBCLASS2": "13"}, "geometry": {"type": "MultiPolygon", "coordinates": [[[[-120.54760077029435, 38.233837584261394, 0.0], [-120.54734945581383, 38.233760807928434, 0.0], [-120.54729292662964, 38.233823994742785, 0.0], [-120.54719397540444, 38.233800470100896, 0.0], [-120.54720996811147, 38.23372928294584, 0.0], [-120.54727354996896, 38.23359114427223, 0.0], [-120.54735273286798, 38.233528430727986, 0.0], [-120.54748279903966, 38.23357048720152, 0.0], [-120.54750977634595, 38.233442312327796, 0.0], [-120.54756726493088, 38.23335053472312, 0.0], [-120.54757419812823, 38.233279158725864, 0.0], [-120.54748514633751, 38.233230807909656, 0.0], [-120.54739453507142, 38.233228914012294, 0.0], [-120.54741835479948, 38.233329541707036, 0.0], [-120.54736599739147, 38.233403544690304, 0.0], [-120.54735882344562, 38.233482069227406, 0.0], [-120.54727250343164, 38.233487415728945, 0.0], [-120.5471650900765, 38.23344583268033, 0.0], [-120.54710775240852, 38.23339814526084, 0.0], [-120.54721904289245, 38.233189483678835, 0.0], [-120.54727188089915, 38.23310118590356, 0.0], [-120.54717830070106, 38.23305273970945, 0.0], [-120.54734875961948, 38.23270227173885, 0.0], [-120.54742152315752, 38.23256074902304, 0.0], [-120.54736418728616, 38.23251306314009, 0.0], [-120.547442799755, 38.23233232518162, 0.0], [-120.5473083237536, 38.23228660010608, 0.0], [-120.5473506936923, 38.232105105143184, 0.0], [-120.54755969931955, 38.23209159503767, 0.0], [-120.54766534119696, 38.232050891119535, 0.0], [-120.54768181540096, 38.231965408865676, 0.0], [-120.54781524217013, 38.23190740475744, 0.0], [-120.54793210580206, 38.23180256525398, 0.0], [-120.54784353730494, 38.23173992073127, 0.0], [-120.54778074326994, 38.231584835842575, 0.0], [-120.5476687997108, 38.231543159267076, 0.0], [-120.5476015626084, 38.23152029719047, 0.0], [-120.5476273388672, 38.23142785667891, 0.0], [-120.5480407812902, 38.23153662996767, 0.0], [-120.54809334710734, 38.231591370077126, 0.0], [-120.5483035501889, 38.23154212267999, 0.0], [-120.54905351409371, 38.231890369953746, 0.0], [-120.54898492592518, 38.23204270997076, 0.0], [-120.5490503628037, 38.23211917481533, 0.0], [-120.549148445358, 38.23230360376907, 0.0], [-120.54881795516498, 38.23282953624443, 0.0], [-120.54892332934442, 38.23293186717175, 0.0], [-120.54885023881965, 38.232948220800814, 0.0], [-120.54871015014436, 38.232934566198196, 0.0], [-120.54862430983074, 38.23292561883694, 0.0], [-120.54858257500098, 38.23295335565326, 0.0], [-120.54855358906168, 38.233006392018176, 0.0], [-120.54868746678511, 38.233069983106326, 0.0], [-120.5485690409829, 38.23322127914981, 0.0], [-120.54843849331425, 38.2331935177388, 0.0], [-120.54832387636881, 38.23336635127841, 0.0], [-120.54825351582419, 38.23343640203023, 0.0], [-120.54815240235413, 38.2334772018432, 0.0], [-120.54809314408811, 38.233486691760305, 0.0], [-120.54798545764511, 38.23358814820353, 0.0], [-120.54789961643317, 38.233579200922684, 0.0], [-120.54777533720858, 38.23376971214413, 0.0], [-120.54760077029435, 38.233837584261394, 0.0]]]]}}, {"type": "Feature", "properties": {"Symb_class": "V", "Crop2016": "Grapes", "County": "Calaveras", "Acres": 10.60093385, "SUBCLASS2": "**"}, "geometry": {"type": "MultiPolygon", "coordinates": [[[[-120.49779171025924, 38.10146359205467, 0.0], [-120.49788807792964, 38.10128156395947, 0.0], [-120.49900166728509, 38.10160635988272, 0.0], [-120.49900880529833, 38.10167060577387, 0.0], [-120.49874825434007, 38.10252007430418, 0.0], [-120.4985055484149, 38.103533723352925, 0.0], [-120.49848413437518, 38.10360153800494, 0.0], [-120.497681065664, 38.10475081695523, 0.0], [-120.49760968103996, 38.1047365410115, 0.0], [-120.49759183600685, 38.104707986994924, 0.0], [-120.4968244591585, 38.10411906984392, 0.0], [-120.49666384577561, 38.104001287964714, 0.0], [-120.49664242993923, 38.103958456858166, 0.0], [-120.49664242993923, 38.10392990395129, 0.0], [-120.49779171025924, 38.10146359205467, 0.0]]]]}}, {"type": "Feature", "properties": {"Symb_class": "V", "Crop2016": "Grapes", "County": "Calaveras", "Acres": 7.01289171, "SUBCLASS2": "**"}, "geometry": {"type": "MultiPolygon", "coordinates": [[[[-120.63975934672058, 38.134585075337164, 0.0], [-120.63817052342701, 38.13373507105471, 0.0], [-120.63821675612142, 38.13371317173007, 0.0], [-120.63816916697094, 38.13358944003362, 0.0], [-120.63881637977693, 38.13257103013438, 0.0], [-120.63887348657786, 38.13165731571883, 0.0], [-120.63968250393285, 38.13165731571883, 0.0], [-120.63975934672058, 38.134585075337164, 0.0]]]]}}, {"type": "Feature", "properties": {"Symb_class": "V", "Crop2016": "Grapes", "County": "Calaveras", "Acres": 7.99920813, "SUBCLASS2": "**"}, "geometry": {"type": "MultiPolygon", "coordinates": [[[[-120.46582390502905, 38.12297850027848, 0.0], [-120.46545984838713, 38.12251093629298, 0.0], [-120.46547055630533, 38.122475243798746, 0.0], [-120.46552052419469, 38.122485951690166, 0.0], [-120.46555264615262, 38.1225609047662, 0.0], [-120.46562046087173, 38.12259302769146, 0.0], [-120.46567756767267, 38.12258588934338, 0.0], [-120.4657239665554, 38.12257161335182, 0.0], [-120.46578107605129, 38.122571611938405, 0.0], [-120.46580249098933, 38.12253592088725, 0.0], [-120.46583461294726, 38.12251093629298, 0.0], [-120.46587030481012, 38.122478814038324, 0.0], [-120.46590956567961, 38.122414568073246, 0.0], [-120.46595239735235, 38.12237530670081, 0.0], [-120.46596667337886, 38.122296786012726, 0.0], [-120.4660130731599, 38.12227179992326, 0.0], [-120.46603448719966, 38.122239678270105, 0.0], [-120.46603448809797, 38.12220755589611, 0.0], [-120.46600593424836, 38.1221647248643, 0.0], [-120.46596667337886, 38.12214330898562, 0.0], [-120.46591670369286, 38.12213617130028, 0.0], [-120.46583461384559, 38.122046941694094, 0.0], [-120.4658239059274, 38.12200411198145, 0.0], [-120.46584175185883, 38.12196484968163, 0.0], [-120.46587030391181, 38.12195771127214, 0.0], [-120.4659416894342, 38.1219719887971, 0.0], [-120.46598095030367, 38.12194700400991, 0.0], [-120.46600593514668, 38.12191488080043, 0.0], [-120.46604162611123, 38.12185777417253, 0.0], [-120.46603448719966, 38.12181494434893, 0.0], [-120.46603091819304, 38.12175069921308, 0.0], [-120.46605233313109, 38.12171857591729, 0.0], [-120.4663021761712, 38.12157580781978, 0.0], [-120.46636999178861, 38.12155082431041, 0.0], [-120.46642352868459, 38.12157580781978, 0.0], [-120.46661269681543, 38.121472302029, 0.0], [-120.4666983583643, 38.1214865782355, 0.0], [-120.4667518952603, 38.12147587090418, 0.0], [-120.46677331109667, 38.121458025112936, 0.0], [-120.46678044910989, 38.12141876393292, 0.0], [-120.46692678556802, 38.121340242216164, 0.0], [-120.46694819960776, 38.12135451774175, 0.0], [-120.46700530820529, 38.12136165691695, 0.0], [-120.46711952090885, 38.121350948860595, 0.0], [-120.46718733562797, 38.12130454985631, 0.0], [-120.46723373630732, 38.1212724270709, 0.0], [-120.46728727410162, 38.121268858185786, 0.0], [-120.46734081189592, 38.121243873157944, 0.0], [-120.46751927210859, 38.121447317777495, 0.0], [-120.46756210108639, 38.121450886653896, 0.0], [-120.46765846875682, 38.12143304014988, 0.0], [-120.46775126921723, 38.1214151950549, 0.0], [-120.46783692986779, 38.121368794678, 0.0], [-120.46790831269523, 38.121368794678, 0.0], [-120.46837944582407, 38.12111895213088, 0.0], [-120.46846867637957, 38.1210832596629, 0.0], [-120.4686364277757, 38.1210903981579, 0.0], [-120.46874350426265, 38.1210332908851, 0.0], [-120.46878990404369, 38.12104042867825, 0.0], [-120.46896479435141, 38.12111538182481, 0.0], [-120.46902903916559, 38.12120104368095, 0.0], [-120.46905402311026, 38.1212902729075, 0.0], [-120.4690575921169, 38.121525840085816, 0.0], [-120.46905045500196, 38.12159365428895, 0.0], [-120.46895051742659, 38.12165076112347, 0.0], [-120.46604876502279, 38.123099852861834, 0.0], [-120.46599165732354, 38.12309271385665, 0.0], [-120.46593097971936, 38.12308914576716, 0.0], [-120.46587387291845, 38.12305702306018, 0.0], [-120.46582390502905, 38.12297850027848, 0.0]]]]}}, {"type": "Feature", "properties": {"Symb_class": "V", "Crop2016": "Grapes", "County": "Calaveras", "Acres": 3.33802177, "SUBCLASS2": "**"}, "geometry": {"type": "MultiPolygon", "coordinates": [[[[-120.47191225303685, 38.028834085832074, 0.0], [-120.47196460056342, 38.02875794268243, 0.0], [-120.47202170826267, 38.0286627641648, 0.0], [-120.47204074266523, 38.02861993421609, 0.0], [-120.47204074356353, 38.02857710282716, 0.0], [-120.47201694898828, 38.02851047884547, 0.0], [-120.47207881596192, 38.0284581307823, 0.0], [-120.47219302866546, 38.02831060370661, 0.0], [-120.47223110016549, 38.028282050980565, 0.0], [-120.47234055628961, 38.028320121751214, 0.0], [-120.47286403784332, 38.02859138090304, 0.0], [-120.47306391209574, 38.02865324616471, 0.0], [-120.47388720457889, 38.02880553189488, 0.0], [-120.47410611503048, 38.028776978654165, 0.0], [-120.47418701820328, 38.028776978654165, 0.0], [-120.47424888338027, 38.028796013913336, 0.0], [-120.47433454492914, 38.029029202335984, 0.0], [-120.47433930240688, 38.029105343788466, 0.0], [-120.47434882095564, 38.02924335275554, 0.0], [-120.47432026710601, 38.02943371028134, 0.0], [-120.47430599018118, 38.0294955762469, 0.0], [-120.47424412500422, 38.02952412920752, 0.0], [-120.47377775025141, 38.029457503964316, 0.0], [-120.47367305430001, 38.029424191673854, 0.0], [-120.47297349306912, 38.0291101031131, 0.0], [-120.47235959069216, 38.028991131226256, 0.0], [-120.47224061871425, 38.02892926483469, 0.0], [-120.47211212728928, 38.028857881125, 0.0], [-120.47209785216108, 38.02885787970982, 0.0], [-120.47198839603698, 38.02884360380867, 0.0], [-120.47191225303685, 38.028834085832074, 0.0]]]]}}, {"type": "Feature", "properties": {"Symb_class": "C", "Crop2016": "Olives", "County": "Calaveras", "Acres": 7.82042916, "SUBCLASS2": "6"}, "geometry": {"type": "MultiPolygon", "coordinates": [[[[-120.91262473519426, 38.177727252265285, 0.0], [-120.912749439322, 38.17706188676642, 0.0], [-120.91320447464095, 38.17699249215258, 0.0], [-120.91322364918071, 38.17684977923699, 0.0], [-120.91321110420778, 38.17676014834397, 0.0], [-120.91302276612024, 38.17674487806763, 0.0], [-120.91284333662541, 38.17668208304769, 0.0], [-120.91263439927009, 38.17659492002703, 0.0], [-120.91305859901858, 38.17601832798178, 0.0], [-120.91327943276322, 38.17568846433386, 0.0], [-120.9135634297504, 38.17552661691696, 0.0], [-120.9143461758749, 38.175880278896685, 0.0], [-120.91470282680562, 38.176083314141245, 0.0], [-120.91475403167514, 38.176406093057274, 0.0], [-120.91494202930119, 38.176433275177246, 0.0], [-120.91493693495521, 38.17661200167108, 0.0], [-120.91497915936681, 38.17672004126422, 0.0], [-120.91456414309543, 38.17697493322652, 0.0], [-120.91440623633649, 38.17721650879272, 0.0], [-120.9141685367224, 38.17734341697712, 0.0], [-120.91396306416917, 38.17739937220653, 0.0], [-120.9139200609182, 38.17758338479735, 0.0], [-120.9139067371059, 38.177785807290675, 0.0], [-120.91361409742736, 38.17772099989645, 0.0], [-120.91349242241876, 38.17748637467154, 0.0], [-120.91336599083073, 38.17741856227413, 0.0], [-120.91321715525952, 38.17760665291558, 0.0], [-120.91298581032775, 38.177775394922556, 0.0], [-120.91280865357058, 38.17789741832078, 0.0], [-120.91262473519426, 38.177727252265285, 0.0]]]]}}, {"type": "Feature", "properties": {"Symb_class": "V", "Crop2016": "Grapes", "County": "Calaveras", "Acres": 18.75343654, "SUBCLASS2": "**"}, "geometry": {"type": "MultiPolygon", "coordinates": [[[[-120.53615863027984, 38.09024237133939, 0.0], [-120.53655719121183, 38.08982596592322, 0.0], [-120.53672970098407, 38.08984381166576, 0.0], [-120.5382882492559, 38.090611187907236, 0.0], [-120.53846075992645, 38.090765853916594, 0.0], [-120.5384488617405, 38.09092646691267, 0.0], [-120.53841912031808, 38.091081132254914, 0.0], [-120.53830609518734, 38.091372615178706, 0.0], [-120.5382882492559, 38.091473742862156, 0.0], [-120.5382882492559, 38.09180686694545, 0.0], [-120.53810384129777, 38.09234224614919, 0.0], [-120.53786589464697, 38.092693216270035, 0.0], [-120.53767553714671, 38.092949007758186, 0.0], [-120.53727102936752, 38.09350818186099, 0.0], [-120.53712231327225, 38.09368069220195, 0.0], [-120.53586119898759, 38.0937044869192, 0.0], [-120.5358195575826, 38.091045439955586, 0.0], [-120.53544479212415, 38.091045439248575, 0.0], [-120.53543884437866, 38.091009748345805, 0.0], [-120.53573627656922, 38.09073016075636, 0.0], [-120.53615863027984, 38.09024237133939, 0.0]]]]}}, {"type": "Feature", "properties": {"Symb_class": "V", "Crop2016": "Grapes", "County": "Calaveras", "Acres": 3.89715009, "SUBCLASS2": "**"}, "geometry": {"type": "MultiPolygon", "coordinates": [[[[-120.70431301606267, 38.05024177077954, 0.0], [-120.7028389714113, 38.05016471116896, 0.0], [-120.70297367199149, 38.04907858109345, 0.0], [-120.70436235962292, 38.04907045509611, 0.0], [-120.70431301606267, 38.05024177077954, 0.0]]]]}}, {"type": "Feature", "properties": {"Symb_class": "V", "Crop2016": "Grapes", "County": "Calaveras", "Acres": 8.4355588, "SUBCLASS2": "**"}, "geometry": {"type": "MultiPolygon", "coordinates": [[[[-120.55055797390403, 38.15057528290625, 0.0], [-120.55054196772227, 38.15058310021823, 0.0], [-120.55038043626115, 38.15056081882826, 0.0], [-120.55031975865697, 38.15056438910694, 0.0], [-120.55032315339041, 38.15068996404626, 0.0], [-120.55014870685045, 38.150775158862935, 0.0], [-120.5496823338943, 38.15085130076308, 0.0], [-120.54942535014602, 38.15082274711835, 0.0], [-120.54898753103947, 38.150908408019106, 0.0], [-120.54880642169506, 38.150189623334796, 0.0], [-120.54885995859104, 38.15008611714651, 0.0], [-120.54889208324393, 38.149861257711436, 0.0], [-120.54902414187889, 38.149657813872594, 0.0], [-120.54918832516674, 38.14947221618355, 0.0], [-120.54934179963806, 38.149361571128395, 0.0], [-120.54951312183748, 38.14926520303687, 0.0], [-120.54963447435091, 38.14920095733628, 0.0], [-120.54977338263991, 38.14917762080957, 0.0], [-120.5499869031998, 38.14918567775439, 0.0], [-120.55070074315212, 38.14924278490158, 0.0], [-120.55101483100637, 38.14928085630816, 0.0], [-120.55114424230618, 38.149418678137884, 0.0], [-120.55119421109387, 38.14950790819218, 0.0], [-120.55122276404519, 38.149543600183335, 0.0], [-120.55160561973108, 38.14961953779643, 0.0], [-120.55161936844647, 38.15011445985683, 0.0], [-120.55158682158543, 38.15025386887104, 0.0], [-120.55153328379113, 38.1502931300827, 0.0], [-120.55110069826941, 38.15043732621501, 0.0], [-120.55098627805506, 38.15042006606884, 0.0], [-120.55097292100511, 38.15041805133699, 0.0], [-120.55091581510248, 38.15038949822904, 0.0], [-120.55084086057349, 38.15037522131768, 0.0], [-120.5507623388345, 38.150375222024074, 0.0], [-120.55070880104022, 38.15042162091621, 0.0], [-120.55055797390403, 38.15057528290625, 0.0]]]]}}, {"type": "Feature", "properties": {"Symb_class": "D", "Crop2016": "Miscellaneous Deciduous", "County": "Calaveras", "Acres": 3.4505456, "SUBCLASS2": "10"}, "geometry": {"type": "MultiPolygon", "coordinates": [[[[-120.60941144020458, 38.281102033338726, 0.0], [-120.60922973976871, 38.28110295075218, 0.0], [-120.60899294924968, 38.28103274073803, 0.0], [-120.608847123933, 38.28097635393677, 0.0], [-120.60871946794124, 38.280919874010294, 0.0], [-120.60857527576172, 38.281063410998804, 0.0], [-120.60855780622438, 38.28114918527092, 0.0], [-120.60873973842563, 38.281176828938136, 0.0], [-120.60888614764725, 38.28130461994201, 0.0], [-120.60890560066473, 38.28146161267663, 0.0], [-120.60837937296118, 38.281549953950794, 0.0], [-120.60823226395195, 38.281336481099686, 0.0], [-120.60792748713561, 38.28139656899226, 0.0], [-120.60792661397318, 38.28128946608986, 0.0], [-120.60794414279928, 38.28121083172025, 0.0], [-120.60807080705099, 38.28114592884312, 0.0], [-120.608242546967, 38.28103795610772, 0.0], [-120.60833228776556, 38.280901833849256, 0.0], [-120.60833123943165, 38.28077330876643, 0.0], [-120.6083485337975, 38.280666114683505, 0.0], [-120.60841998938847, 38.28051580379136, 0.0], [-120.60842755769471, 38.28033011221737, 0.0], [-120.60825709608136, 38.2794812517591, 0.0], [-120.60862036669741, 38.279465139192105, 0.0], [-120.60862211661558, 38.27967934528535, 0.0], [-120.60865822170348, 38.27965060027088, 0.0], [-120.60873101668251, 38.279664514063725, 0.0], [-120.60884061833372, 38.279735367108934, 0.0], [-120.60891545518339, 38.279999188247636, 0.0], [-120.60907012890566, 38.28002696915584, 0.0], [-120.60916518144249, 38.280540605176995, 0.0], [-120.6092834581244, 38.280561428715934, 0.0], [-120.60941144020458, 38.281102033338726, 0.0]]]]}}, {"type": "Feature", "properties": {"Symb_class": "D", "Crop2016": "Miscellaneous Deciduous", "County": "Calaveras", "Acres": 2.14335628, "SUBCLASS2": "10"}, "geometry": {"type": "MultiPolygon", "coordinates": [[[[-120.6120710059095, 38.275977059762226, 0.0], [-120.61151336681542, 38.27592276492011, 0.0], [-120.61122329362362, 38.27600040079849, 0.0], [-120.61093236343908, 38.275973312981485, 0.0], [-120.61079826832335, 38.275869264105054, 0.0], [-120.61090532774232, 38.27563070492595, 0.0], [-120.61107380767214, 38.275496561940066, 0.0], [-120.61129042382649, 38.2753240923249, 0.0], [-120.61153149930944, 38.275180060210296, 0.0], [-120.61176077092948, 38.27507417028149, 0.0], [-120.61192979523841, 38.27500666882684, 0.0], [-120.61208803706894, 38.275101072256234, 0.0], [-120.61210233824826, 38.275367578066096, 0.0], [-120.61213984830127, 38.275510198674425, 0.0], [-120.61214250731453, 38.27583388789032, 0.0], [-120.6120710059095, 38.275977059762226, 0.0]]]]}}, {"type": "Feature", "properties": {"Symb_class": "C", "Crop2016": "Olives", "County": "Calaveras", "Acres": 0.47771443, "SUBCLASS2": "6"}, "geometry": {"type": "MultiPolygon", "coordinates": [[[[-120.90100672570837, 38.11334374673482, 0.0], [-120.90081450330558, 38.113440391970315, 0.0], [-120.90080459758293, 38.11362136069399, 0.0], [-120.90067177088838, 38.113631876225035, 0.0], [-120.90066292966935, 38.11289884368154, 0.0], [-120.90100144181787, 38.11290583101658, 0.0], [-120.90100672570837, 38.11334374673482, 0.0]]]]}}, {"type": "Feature", "properties": {"Symb_class": "V", "Crop2016": "Grapes", "County": "Calaveras", "Acres": 1.97206986, "SUBCLASS2": "**"}, "geometry": {"type": "MultiPolygon", "coordinates": [[[[-120.48592638199923, 38.091434973896675, 0.0], [-120.4861662321801, 38.091029514018295, 0.0], [-120.48698286365541, 38.09101238193092, 0.0], [-120.4869828627571, 38.09108091096327, 0.0], [-120.48702283778725, 38.09118941519197, 0.0], [-120.48710278694922, 38.09121796812822, 0.0], [-120.48723984470874, 38.091246520346246, 0.0], [-120.4873597697992, 38.09129220669992, 0.0], [-120.48750253814895, 38.091235098753394, 0.0], [-120.48779378274386, 38.09122938901674, 0.0], [-120.48779378364218, 38.09155489914452, 0.0], [-120.48593780407806, 38.09160629501305, 0.0], [-120.48592638199923, 38.091434973896675, 0.0]]]]}}, {"type": "Feature", "properties": {"Symb_class": "D", "Crop2016": "Walnuts", "County": "Calaveras", "Acres": 1.72655772, "SUBCLASS2": "13"}, "geometry": {"type": "MultiPolygon", "coordinates": [[[[-120.49813490083376, 38.104269716961326, 0.0], [-120.49852844287827, 38.103877575894295, 0.0], [-120.49881118222405, 38.103726247950064, 0.0], [-120.49910843475156, 38.10368012968962, 0.0], [-120.4993320281207, 38.10367058680691, 0.0], [-120.49896652878444, 38.104125315092304, 0.0], [-120.49885701606645, 38.10415159178341, 0.0], [-120.49876965490509, 38.10405913522493, 0.0], [-120.4986226617785, 38.10412275832233, 0.0], [-120.49869111969137, 38.10423865265018, 0.0], [-120.49853664719173, 38.10452145077728, 0.0], [-120.49826467684959, 38.1048875742196, 0.0], [-120.49802137893467, 38.105120798030924, 0.0], [-120.49786687409568, 38.10505075108973, 0.0], [-120.49777185838978, 38.10500581272005, 0.0], [-120.49794279880518, 38.104771046859106, 0.0], [-120.4978300171179, 38.10471619517135, 0.0], [-120.49813490083376, 38.104269716961326, 0.0]]]]}}, {"type": "Feature", "properties": {"Symb_class": "C", "Crop2016": "Olives", "County": "Calaveras", "Acres": 4.72357995, "SUBCLASS2": "6"}, "geometry": {"type": "MultiPolygon", "coordinates": [[[[-120.88604278913151, 38.13322517396206, 0.0], [-120.886101228134, 38.13133076817787, 0.0], [-120.88662636079121, 38.13130743724095, 0.0], [-120.88663415008305, 38.131429768768804, 0.0], [-120.88643402340405, 38.13143510792579, 0.0], [-120.88640564831917, 38.13150314398629, 0.0], [-120.88634761984677, 38.13155276430545, 0.0], [-120.88634161460908, 38.1316301430497, 0.0], [-120.88635257405555, 38.13177339388399, 0.0], [-120.8864427370623, 38.131786938149965, 0.0], [-120.8864519879131, 38.13185863198934, 0.0], [-120.88725875858154, 38.13188209205922, 0.0], [-120.88730563806297, 38.13195744108052, 0.0], [-120.8874896507624, 38.131987575014435, 0.0], [-120.88751441731478, 38.132044644747864, 0.0], [-120.88766809121213, 38.13208019265574, 0.0], [-120.88769637107558, 38.13214626799367, 0.0], [-120.88798692396772, 38.132145533831434, 0.0], [-120.88795356862288, 38.132386337237335, 0.0], [-120.88742208936821, 38.13236783485292, 0.0], [-120.88729378299617, 38.13236850612535, 0.0], [-120.8872365270749, 38.1323913187836, 0.0], [-120.88732385769357, 38.13250316112061, 0.0], [-120.88733103972426, 38.132777475910146, 0.0], [-120.88730412530002, 38.13279487307084, 0.0], [-120.88728732231264, 38.132854177141894, 0.0], [-120.88727463360927, 38.1329016329415, 0.0], [-120.88739539862448, 38.13290082530074, 0.0], [-120.88742831020153, 38.13293718113859, 0.0], [-120.88756004364637, 38.13294849234247, 0.0], [-120.88761327062359, 38.13293454765154, 0.0], [-120.8875993889575, 38.1328925736564, 0.0], [-120.88749842460778, 38.13286095482773, 0.0], [-120.887473745192, 38.13280090530092, 0.0], [-120.88774904289394, 38.13280585784839, 0.0], [-120.88775786614669, 38.13289244505565, 0.0], [-120.88793125536957, 38.13289854369783, 0.0], [-120.88794402132807, 38.13297924131284, 0.0], [-120.8879501900591, 38.13302703619726, 0.0], [-120.88792970308074, 38.13308329394616, 0.0], [-120.88793141167639, 38.13315485084594, 0.0], [-120.88791495274378, 38.133202240030144, 0.0], [-120.88717579108022, 38.13318894192171, 0.0], [-120.88713356217703, 38.1328216079221, 0.0], [-120.88710271313188, 38.13271376189147, 0.0], [-120.88704726282434, 38.13267402133058, 0.0], [-120.88699154481881, 38.13277434709172, 0.0], [-120.88686683709781, 38.13278104281951, 0.0], [-120.88680906464528, 38.13282172804381, 0.0], [-120.88660789322559, 38.13299394417322, 0.0], [-120.8864677560413, 38.13301228388177, 0.0], [-120.88640347259955, 38.133017088029646, 0.0], [-120.88638306916448, 38.13307036465904, 0.0], [-120.88617119521653, 38.13309039311168, 0.0], [-120.88617109730015, 38.13322450411072, 0.0], [-120.88604278913151, 38.13322517396206, 0.0]]]]}}, {"type": "Feature", "properties": {"Symb_class": "D", "Crop2016": "Walnuts", "County": "Calaveras", "Acres": 3.02905394, "SUBCLASS2": "13"}, "geometry": {"type": "MultiPolygon", "coordinates": [[[[-120.49889412277591, 38.103594505953254, 0.0], [-120.49902057233025, 38.10342554565173, 0.0], [-120.49945418103306, 38.10291981887079, 0.0], [-120.49947631641997, 38.102624665170644, 0.0], [-120.49994777833221, 38.10260132506079, 0.0], [-120.50019467489817, 38.10261611886558, 0.0], [-120.5004075055519, 38.10256819874638, 0.0], [-120.50056949784879, 38.10259548685119, 0.0], [-120.50079325111804, 38.1025811779693, 0.0], [-120.50096987966586, 38.102356064010294, 0.0], [-120.50107760473641, 38.10238219783848, 0.0], [-120.50082001013375, 38.10285830125243, 0.0], [-120.50060752533138, 38.10307311292161, 0.0], [-120.50039830680339, 38.10336905510557, 0.0], [-120.50031323904095, 38.10338631719034, 0.0], [-120.50011979492933, 38.10339650266677, 0.0], [-120.50003082758023, 38.10352811707498, 0.0], [-120.49979566301191, 38.10352311093914, 0.0], [-120.4996807702837, 38.10353020025512, 0.0], [-120.49945163430922, 38.10352532065123, 0.0], [-120.49932484429338, 38.103527389693795, 0.0], [-120.49920376037626, 38.1035391147385, 0.0], [-120.49902074929835, 38.10359720411792, 0.0], [-120.49889412277591, 38.103594505953254, 0.0]]]]}}, {"type": "Feature", "properties": {"Symb_class": "V", "Crop2016": "Grapes", "County": "Calaveras", "Acres": 11.59948198, "SUBCLASS2": "**"}, "geometry": {"type": "MultiPolygon", "coordinates": [[[[-120.55237390028455, 38.1513580717032, 0.0], [-120.55236038423278, 38.15140703497441, 0.0], [-120.55234134893192, 38.15142131168386, 0.0], [-120.55229375888311, 38.15143320917501, 0.0], [-120.55224855026813, 38.15146176187437, 0.0], [-120.55222713533007, 38.151556940990254, 0.0], [-120.55219144436552, 38.15171636493641, 0.0], [-120.5521569724148, 38.15183163767008, 0.0], [-120.55210340317946, 38.151882928256065, 0.0], [-120.55203677782978, 38.15188530604399, 0.0], [-120.55185356013938, 38.151840096977665, 0.0], [-120.55173458726316, 38.15182819884646, 0.0], [-120.55164892571426, 38.15183771706904, 0.0], [-120.55163582827744, 38.1518398998882, 0.0], [-120.551463329285, 38.151868650930595, 0.0], [-120.55145634578199, 38.15187137132963, 0.0], [-120.55128010889965, 38.15194003399788, 0.0], [-120.55115875818286, 38.15199000280986, 0.0], [-120.55077328390793, 38.152128011664445, 0.0], [-120.55008649222881, 38.15234851969606, 0.0], [-120.54990124165091, 38.15240270901909, 0.0], [-120.54943109577057, 38.15257196288795, 0.0], [-120.54928850079563, 38.15261104201176, 0.0], [-120.54925994784433, 38.15261104201176, 0.0], [-120.54920046140622, 38.15259200718009, 0.0], [-120.54913383515823, 38.1525848682339, 0.0], [-120.54910573675446, 38.152575254743915, 0.0], [-120.54907196908293, 38.15250634613738, 0.0], [-120.54903151884398, 38.1524849306844, 0.0], [-120.54898868896787, 38.15241592592104, 0.0], [-120.54894585819346, 38.15238737288883, 0.0], [-120.54889350976858, 38.15234216272088, 0.0], [-120.54880547037916, 38.15223746716694, 0.0], [-120.54870077442774, 38.15212801095802, 0.0], [-120.54861987215325, 38.15203997229402, 0.0], [-120.54856514498951, 38.15194955220588, 0.0], [-120.54853204027465, 38.15194955220588, 0.0], [-120.54822610193666, 38.151527068034824, 0.0], [-120.54826741994817, 38.15144443415453, 0.0], [-120.54899792095405, 38.15120149172791, 0.0], [-120.54923499444236, 38.15113683518306, 0.0], [-120.54937626440227, 38.151108004733004, 0.0], [-120.5498024638006, 38.151057254014596, 0.0], [-120.54998568777923, 38.151058888674, 0.0], [-120.55018793717724, 38.15106069287456, 0.0], [-120.55024388515145, 38.15106069287456, 0.0], [-120.55045327795261, 38.150975032859094, 0.0], [-120.5505686512795, 38.15087165564792, 0.0], [-120.55102103477174, 38.150684641132976, 0.0], [-120.55105446288007, 38.150674670647795, 0.0], [-120.55114940672078, 38.150639203853444, 0.0], [-120.55180636894256, 38.150393782714765, 0.0], [-120.55237390028455, 38.1513580717032, 0.0]]]]}}, {"type": "Feature", "properties": {"Symb_class": "P", "Crop2016": "Mixed Pasture", "County": "Calaveras", "Acres": 11.65477485, "SUBCLASS2": "3"}, "geometry": {"type": "MultiPolygon", "coordinates": [[[[-120.46741515736717, 38.08514701273961, 0.0], [-120.4674298591951, 38.08556585374578, 0.0], [-120.46734701476296, 38.08584226803732, 0.0], [-120.46724119771409, 38.08630917869648, 0.0], [-120.46704860430707, 38.086424172922975, 0.0], [-120.46685571176103, 38.08649156366966, 0.0], [-120.46672364504126, 38.08662536218396, 0.0], [-120.46661627570353, 38.08684474805935, 0.0], [-120.46648503992536, 38.087111828117784, 0.0], [-120.4662206046518, 38.08733182270734, 0.0], [-120.46606395733087, 38.08739907333093, 0.0], [-120.46585897974933, 38.087466509136334, 0.0], [-120.46564185964012, 38.08752447200602, 0.0], [-120.46554532398474, 38.087543887223866, 0.0], [-120.46538819876008, 38.087534975031474, 0.0], [-120.46510942457796, 38.08739324592645, 0.0], [-120.4647584563897, 38.08729939792395, 0.0], [-120.46464960123852, 38.08728077805979, 0.0], [-120.46481744516117, 38.08707067976762, 0.0], [-120.464780607048, 38.086975618774474, 0.0], [-120.4645983730128, 38.08681447529973, 0.0], [-120.46456135793154, 38.08669085291662, 0.0], [-120.46463313781432, 38.086576330708986, 0.0], [-120.4646924814203, 38.086404732661116, 0.0], [-120.46481009963706, 38.08589017720561, 0.0], [-120.46523230692232, 38.085783820209436, 0.0], [-120.46503579955557, 38.0852704779381, 0.0], [-120.46514399983494, 38.08518437587127, 0.0], [-120.46559125574355, 38.08522072718283, 0.0], [-120.46741515736717, 38.08514701273961, 0.0]]]]}}, {"type": "Feature", "properties": {"Symb_class": "G", "Crop2016": "Miscellaneous Grain and Hay", "County": "Calaveras", "Acres": 2.06570219, "SUBCLASS2": "6"}, "geometry": {"type": "MultiPolygon", "coordinates": [[[[-120.45803349120469, 38.11700843897654, 0.0], [-120.4579868955909, 38.11729422809998, 0.0], [-120.45768437624086, 38.11723825713763, 0.0], [-120.45719968214449, 38.117040169977486, 0.0], [-120.45710211432484, 38.11689773268056, 0.0], [-120.45705306810696, 38.116783674792394, 0.0], [-120.45699211022841, 38.11669822190058, 0.0], [-120.45681081044116, 38.116698910985924, 0.0], [-120.4566415956894, 38.116699552718735, 0.0], [-120.45633815017631, 38.11649125429817, 0.0], [-120.4563981172131, 38.11641486310212, 0.0], [-120.4565428672464, 38.11636671173676, 0.0], [-120.45660242644804, 38.11622367874211, 0.0], [-120.45666245097702, 38.116156808729755, 0.0], [-120.45671044886097, 38.11609950465307, 0.0], [-120.456709634089, 38.11596622232099, 0.0], [-120.45661269239513, 38.11555522676464, 0.0], [-120.45669578655891, 38.115554910840544, 0.0], [-120.45681772477388, 38.11572998203725, 0.0], [-120.45686813732932, 38.11594400103652, 0.0], [-120.45687271514399, 38.11607488890559, 0.0], [-120.45694124761702, 38.116163882684496, 0.0], [-120.45709284101618, 38.116246610940564, 0.0], [-120.45738142659783, 38.11649542627984, 0.0], [-120.45762118784546, 38.11678905389202, 0.0], [-120.45772013996897, 38.11691065776465, 0.0], [-120.4578222496707, 38.11693109491311, 0.0], [-120.45803349120469, 38.11700843897654, 0.0]]]]}}, {"type": "Feature", "properties": {"Symb_class": "C", "Crop2016": "Olives", "County": "Calaveras", "Acres": 1.1847372, "SUBCLASS2": "6"}, "geometry": {"type": "MultiPolygon", "coordinates": [[[[-120.88883579597861, 38.1430717203287, 0.0], [-120.88884128468497, 38.14301221331745, 0.0], [-120.88894372317007, 38.14299319293683, 0.0], [-120.8889224726237, 38.14281399403039, 0.0], [-120.88897871165207, 38.14269579413633, 0.0], [-120.88918985526973, 38.14244030613089, 0.0], [-120.88946802937723, 38.14221582513016, 0.0], [-120.88965249931915, 38.142231061662024, 0.0], [-120.88959780629138, 38.14229564626546, 0.0], [-120.88957414736174, 38.14233098429338, 0.0], [-120.88958871803565, 38.14234912665988, 0.0], [-120.88973607228499, 38.14234283522483, 0.0], [-120.88974857863036, 38.142563600331435, 0.0], [-120.88942386729957, 38.14256968474182, 0.0], [-120.88922696557243, 38.14259296827519, 0.0], [-120.8891216093593, 38.14271326523484, 0.0], [-120.88919532600978, 38.14277419609101, 0.0], [-120.889191633934, 38.14290228192041, 0.0], [-120.88930049896663, 38.14292211974566, 0.0], [-120.88932887135657, 38.14298521584903, 0.0], [-120.88955517584125, 38.14298928387425, 0.0], [-120.88957617935094, 38.142915155065126, 0.0], [-120.8897383647856, 38.142918068672664, 0.0], [-120.88972824077234, 38.143138427921734, 0.0], [-120.8896863217879, 38.14315257625383, 0.0], [-120.88958062780821, 38.14315365719594, 0.0], [-120.8895288417287, 38.143379226847294, 0.0], [-120.88948675116606, 38.14339933301118, 0.0], [-120.88941217482781, 38.143368189261125, 0.0], [-120.88923628289858, 38.143186211207144, 0.0], [-120.88915527731781, 38.14311620784265, 0.0], [-120.88911156260114, 38.14306177706292, 0.0], [-120.88894534732411, 38.14306772931649, 0.0], [-120.88892828562193, 38.14313596789486, 0.0], [-120.88885027502434, 38.143223974209334, 0.0], [-120.88885884225722, 38.14331949824694, 0.0], [-120.88883526058268, 38.143482987706065, 0.0], [-120.88875219516501, 38.14348447629076, 0.0], [-120.88870402121125, 38.14345380592883, 0.0], [-120.88871131463304, 38.14333174465578, 0.0], [-120.88880476277878, 38.1431009651372, 0.0], [-120.88883579597861, 38.1430717203287, 0.0]]]]}}, {"type": "Feature", "properties": {"Symb_class": "P", "Crop2016": "Mixed Pasture", "County": "Calaveras", "Acres": 8.2709426, "SUBCLASS2": "3"}, "geometry": {"type": "MultiPolygon", "coordinates": [[[[-120.53799641806114, 38.088332851278, 0.0], [-120.53929845869182, 38.0882985872493, 0.0], [-120.53855606668654, 38.09068566323521, 0.0], [-120.53669437922709, 38.08963489226524, 0.0], [-120.53799641806114, 38.088332851278, 0.0]]]]}}, {"type": "Feature", "properties": {"Symb_class": "V", "Crop2016": "Grapes", "County": "Calaveras", "Acres": 1.02561008, "SUBCLASS2": "**"}, "geometry": {"type": "MultiPolygon", "coordinates": [[[[-120.49134013205958, 38.08935627580996, 0.0], [-120.49135726472866, 38.08852822494085, 0.0], [-120.49144863507117, 38.08852822494085, 0.0], [-120.49155713808277, 38.088499670954, 0.0], [-120.49164851112019, 38.08844827431516, 0.0], [-120.49180841034246, 38.088448275022145, 0.0], [-120.49181412093272, 38.08852822494085, 0.0], [-120.49173988056437, 38.08857391087242, 0.0], [-120.49173416997414, 38.08886515633578, 0.0], [-120.4918426729857, 38.08888800026037, 0.0], [-120.49187122773365, 38.08903647923311, 0.0], [-120.49187693922222, 38.089065032303296, 0.0], [-120.49179127857167, 38.08909358394826, 0.0], [-120.49165422081214, 38.08923635119703, 0.0], [-120.49165422081214, 38.08937912028811, 0.0], [-120.49168277376346, 38.08961325827887, 0.0], [-120.49136297621725, 38.089613258985835, 0.0], [-120.49138010708971, 38.08951617569478, 0.0], [-120.49142579271012, 38.089459069895746, 0.0], [-120.49142008301818, 38.089373408992465, 0.0], [-120.49134013205958, 38.08935627580996, 0.0]]]]}}, {"type": "Feature", "properties": {"Symb_class": "V", "Crop2016": "Grapes", "County": "Calaveras", "Acres": 12.50156938, "SUBCLASS2": "**"}, "geometry": {"type": "MultiPolygon", "coordinates": [[[[-120.93361375861997, 38.16148079164808, 0.0], [-120.93379816657813, 38.16145104777645, 0.0], [-120.93390524306507, 38.16145699782313, 0.0], [-120.9339885231801, 38.16145699782313, 0.0], [-120.93407775373558, 38.16140940803092, 0.0], [-120.93424431666062, 38.1613261270559, 0.0], [-120.9346488253381, 38.1611417188441, 0.0], [-120.93479159189127, 38.16111792420215, 0.0], [-120.93505333221897, 38.1609930029108, 0.0], [-120.93515446006211, 38.16093946484633, 0.0], [-120.93523774107545, 38.160903772781495, 0.0], [-120.93528533022597, 38.160832390012025, 0.0], [-120.93542809767743, 38.160761005760044, 0.0], [-120.93578501720442, 38.16073721028752, 0.0], [-120.93604080888831, 38.16083238930569, 0.0], [-120.9361895249836, 38.16083833728388, 0.0], [-120.9362311663886, 38.160903772781495, 0.0], [-120.93629660236883, 38.16242662786611, 0.0], [-120.93631444740195, 38.16286087883418, 0.0], [-120.93626090870933, 38.162878725802365, 0.0], [-120.93357211811329, 38.162950108687276, 0.0], [-120.93344124794946, 38.162950110099864, 0.0], [-120.93341745337422, 38.1622243739011, 0.0], [-120.93337581286754, 38.161558125233825, 0.0], [-120.93361375861997, 38.16148079164808, 0.0]]]]}}, {"type": "Feature", "properties": {"Symb_class": "C", "Crop2016": "Olives", "County": "Calaveras", "Acres": 0.60001544, "SUBCLASS2": "6"}, "geometry": {"type": "MultiPolygon", "coordinates": [[[[-120.887042452346, 38.131702660949074, 0.0], [-120.88705377561013, 38.13157173184598, 0.0], [-120.88735161114427, 38.131580071259265, 0.0], [-120.88737945981639, 38.13166103884357, 0.0], [-120.88796038863255, 38.131665529345916, 0.0], [-120.88797057193459, 38.131966720236306, 0.0], [-120.88796054044782, 38.132052969268464, 0.0], [-120.88794485316802, 38.13207354773925, 0.0], [-120.88784328964198, 38.132062781192595, 0.0], [-120.88785323578881, 38.131979511930744, 0.0], [-120.88753285793094, 38.13196778721196, 0.0], [-120.88753114933526, 38.131896229854966, 0.0], [-120.88733513334701, 38.13188972412334, 0.0], [-120.88734096610817, 38.13181830165193, 0.0], [-120.88734139640117, 38.13180340706393, 0.0], [-120.88712669725165, 38.1317906033263, 0.0], [-120.88712884512348, 38.13171613598055, 0.0], [-120.887042452346, 38.131702660949074, 0.0]]]]}}, {"type": "Feature", "properties": {"Symb_class": "P", "Crop2016": "Mixed Pasture", "County": "Calaveras", "Acres": 14.89415895, "SUBCLASS2": "3"}, "geometry": {"type": "MultiPolygon", "coordinates": [[[[-120.50454757389679, 38.05058793815337, 0.0], [-120.50446919409161, 38.050439889028894, 0.0], [-120.50413482137992, 38.04996658368603, 0.0], [-120.50411086420961, 38.04993267165244, 0.0], [-120.50398132265407, 38.04974930630746, 0.0], [-120.50393843079418, 38.04982650995766, 0.0], [-120.50381660307201, 38.049712295752606, 0.0], [-120.50310847460825, 38.04962092482617, 0.0], [-120.5031160896269, 38.04952955307828, 0.0], [-120.50332167626621, 38.04938488179516, 0.0], [-120.50345873133078, 38.04936204109425, 0.0], [-120.50349680283085, 38.04921736806531, 0.0], [-120.50363385879376, 38.04908792595393, 0.0], [-120.50374046097019, 38.04914884083268, 0.0], [-120.50398411731291, 38.049148840125255, 0.0], [-120.5041211732758, 38.04900416879713, 0.0], [-120.5043115316744, 38.048943253797994, 0.0], [-120.50444097531359, 38.048973712011325, 0.0], [-120.50448665823903, 38.04912599581371, 0.0], [-120.50469224398, 38.049240210933505, 0.0], [-120.50482930173955, 38.049240210933505, 0.0], [-120.50490544473968, 38.04911076674031, 0.0], [-120.50501204422116, 38.04901939718528, 0.0], [-120.50513387284171, 38.049049853952084, 0.0], [-120.50533945768434, 38.04912599793591, 0.0], [-120.50545367218453, 38.049240212348344, 0.0], [-120.50556788668469, 38.04930112497812, 0.0], [-120.50569732942553, 38.04924782474974, 0.0], [-120.5057354000273, 38.049049853952084, 0.0], [-120.5058572286478, 38.04888234016302, 0.0], [-120.5059866713887, 38.04885188403395, 0.0], [-120.50619225712964, 38.04885188332653, 0.0], [-120.50619225712964, 38.04892802610142, 0.0], [-120.50610849911088, 38.049057467788124, 0.0], [-120.5060704267125, 38.049240212348344, 0.0], [-120.50604758524977, 38.04938488179516, 0.0], [-120.50617702888896, 38.04950671100772, 0.0], [-120.50630646983318, 38.04937726799318, 0.0], [-120.50635215455527, 38.049148840125255, 0.0], [-120.50642068613, 38.049057467788124, 0.0], [-120.50659581269463, 38.04903462627769, 0.0], [-120.50658058355563, 38.0487909689081, 0.0], [-120.50640545609265, 38.04859299828981, 0.0], [-120.50629124159249, 38.04862345381922, 0.0], [-120.50603997202774, 38.04866152533539, 0.0], [-120.50584200130544, 38.04873005514641, 0.0], [-120.50584961542579, 38.048486396763096, 0.0], [-120.5056897144069, 38.04846355365963, 0.0], [-120.50603235700906, 38.04822751326356, 0.0], [-120.50607042761084, 38.047938168802226, 0.0], [-120.50625317009244, 38.04774781409457, 0.0], [-120.50645114171307, 38.04752699796713, 0.0], [-120.50665672655573, 38.04736709894981, 0.0], [-120.50688515555605, 38.047268113904614, 0.0], [-120.50707551215802, 38.04720719887581, 0.0], [-120.50725064141763, 38.04718435678807, 0.0], [-120.50741054243653, 38.04721481290349, 0.0], [-120.50747145539931, 38.04731379872813, 0.0], [-120.50748668364, 38.04744324326902, 0.0], [-120.50744099801958, 38.047907712987794, 0.0], [-120.50739531239918, 38.04806761294658, 0.0], [-120.50736485501947, 38.048197054739774, 0.0], [-120.50730394115837, 38.048356956188876, 0.0], [-120.50734201265844, 38.048433098063754, 0.0], [-120.50739531239918, 38.04848639817789, 0.0], [-120.5073572400008, 38.04864629828759, 0.0], [-120.50722018493623, 38.04864629687274, 0.0], [-120.50721256991754, 38.04876051203359, 0.0], [-120.50729632703802, 38.04882142576994, 0.0], [-120.50728871112106, 38.049057469202964, 0.0], [-120.50735724089913, 38.04918691066078, 0.0], [-120.50729632793633, 38.04952193929134, 0.0], [-120.50485975911926, 38.05084682179425, 0.0], [-120.50471508723939, 38.05078590903583, 0.0], [-120.50454757389679, 38.05058793815337, 0.0]]]]}}, {"type": "Feature", "properties": {"Symb_class": "V", "Crop2016": "Grapes", "County": "Calaveras", "Acres": 5.11974044, "SUBCLASS2": "**"}, "geometry": {"type": "MultiPolygon", "coordinates": [[[[-120.5402115180247, 38.21689776622586, 0.0], [-120.53992598222342, 38.21687635134307, 0.0], [-120.53989756940932, 38.21688487509108, 0.0], [-120.5398565325705, 38.21687842070056, 0.0], [-120.539883151449, 38.21661222970229, 0.0], [-120.53979749079846, 38.215955499774246, 0.0], [-120.53985459939601, 38.21588411588272, 0.0], [-120.54199611296477, 38.215955499774246, 0.0], [-120.54200325187634, 38.21609826734723, 0.0], [-120.54232447864214, 38.216126820828194, 0.0], [-120.54233875556694, 38.2164480488346, 0.0], [-120.54221740305356, 38.21651943217293, 0.0], [-120.54188903737617, 38.216605092792264, 0.0], [-120.5416677481857, 38.21677641302263, 0.0], [-120.54153211784916, 38.21681924495811, 0.0], [-120.54138221238445, 38.216819244252314, 0.0], [-120.54101101593263, 38.216912042810925, 0.0], [-120.54036856240099, 38.21691204422246, 0.0], [-120.5402115180247, 38.21689776622586, 0.0]]]]}}, {"type": "Feature", "properties": {"Symb_class": "C", "Crop2016": "Olives", "County": "Calaveras", "Acres": 8.83842546, "SUBCLASS2": "6"}, "geometry": {"type": "MultiPolygon", "coordinates": [[[[-120.89172929915316, 38.118143348169454, 0.0], [-120.8916622884262, 38.11811234276357, 0.0], [-120.89107358199632, 38.11811965328693, 0.0], [-120.89107101011969, 38.11820901631902, 0.0], [-120.89093372957795, 38.118260196260096, 0.0], [-120.89090647918383, 38.118420642814115, 0.0], [-120.89089345001895, 38.118873412093116, 0.0], [-120.89102044664727, 38.11891741681846, 0.0], [-120.89110939603007, 38.11897265997311, 0.0], [-120.8911758947173, 38.11902153896734, 0.0], [-120.8911918326271, 38.11899202231193, 0.0], [-120.89116355366193, 38.11892594708176, 0.0], [-120.89120211564213, 38.118896836759106, 0.0], [-120.89147359280922, 38.11890171180255, 0.0], [-120.89146828017263, 38.11908639499992, 0.0], [-120.89134745227533, 38.11909018519854, 0.0], [-120.89131163195337, 38.119286242018894, 0.0], [-120.89130032036731, 38.1194171712484, 0.0], [-120.89105129389581, 38.119418660323994, 0.0], [-120.89103981162987, 38.11929328104077, 0.0], [-120.8908915617602, 38.11920120973292, 0.0], [-120.89075599430574, 38.11919281519399, 0.0], [-120.89067715815641, 38.1190483438823, 0.0], [-120.89073543097057, 38.11885865267687, 0.0], [-120.89074178655119, 38.11732689824498, 0.0], [-120.89115002233882, 38.11729846576333, 0.0], [-120.89114796519682, 38.117369956153595, 0.0], [-120.89102576826703, 38.11742140807366, 0.0], [-120.89097812431929, 38.11750399991665, 0.0], [-120.89102782540903, 38.11761218221272, 0.0], [-120.89118601064574, 38.11762098331192, 0.0], [-120.89139766989634, 38.11760690282483, 0.0], [-120.89143708797101, 38.1175480047604, 0.0], [-120.89146193896502, 38.11747096375605, 0.0], [-120.89143468857088, 38.11736914410049, 0.0], [-120.89141498133017, 38.11726745999876, 0.0], [-120.89132483179816, 38.117253920813084, 0.0], [-120.89115122158971, 38.11725676265002, 0.0], [-120.89116373242669, 38.117084131989024, 0.0], [-120.89142080780312, 38.11706490484049, 0.0], [-120.89144188677125, 38.11685666329547, 0.0], [-120.89171369811159, 38.11684962191849, 0.0], [-120.89183520783018, 38.1168220013102, 0.0], [-120.89186040198065, 38.11673304367098, 0.0], [-120.89171883827166, 38.116670896658434, 0.0], [-120.89171215480593, 38.1166409740824, 0.0], [-120.89245303584494, 38.11658870601692, 0.0], [-120.89252810086671, 38.116601975345475, 0.0], [-120.8925418172428, 38.11691217092091, 0.0], [-120.8926319649782, 38.11692570875642, 0.0], [-120.8926678068597, 38.11830324725776, 0.0], [-120.89269677573098, 38.11860775627882, 0.0], [-120.8925858930822, 38.11879054475929, 0.0], [-120.8922328408025, 38.11926105489479, 0.0], [-120.8921228097566, 38.11941405528511, 0.0], [-120.89174524424944, 38.119425158686354, 0.0], [-120.89174027297265, 38.1193356607439, 0.0], [-120.89172056213869, 38.11923397796697, 0.0], [-120.89167617368555, 38.11920337798042, 0.0], [-120.89162372824264, 38.11919051478763, 0.0], [-120.89159459318302, 38.11915422772347, 0.0], [-120.89163778238526, 38.11896426470115, 0.0], [-120.891670345416, 38.11888140312428, 0.0], [-120.89175363900577, 38.11887097527727, 0.0], [-120.89171884815313, 38.11876902117409, 0.0], [-120.89172929915316, 38.118143348169454, 0.0]]]]}}, {"type": "Feature", "properties": {"Symb_class": "C", "Crop2016": "Olives", "County": "Calaveras", "Acres": 1.96958072, "SUBCLASS2": "6"}, "geometry": {"type": "MultiPolygon", "coordinates": [[[[-120.88635992586784, 38.14172505605234, 0.0], [-120.88638215737448, 38.14158240409264, 0.0], [-120.88648903982529, 38.14148776586905, 0.0], [-120.8866590801288, 38.14140141918375, 0.0], [-120.88683127279572, 38.14139736520032, 0.0], [-120.88694926022009, 38.14138876125911, 0.0], [-120.88697428458896, 38.14099223772781, 0.0], [-120.88687111577352, 38.140958194101415, 0.0], [-120.886690077396, 38.140954934927684, 0.0], [-120.88658957837357, 38.14098531384116, 0.0], [-120.8865205536238, 38.141023410752815, 0.0], [-120.88643918871692, 38.141018369741666, 0.0], [-120.88640998358873, 38.140932011903104, 0.0], [-120.8864123569377, 38.140849799824096, 0.0], [-120.88654114570505, 38.140780591173616, 0.0], [-120.88662436563297, 38.140721290717586, 0.0], [-120.88659865495121, 38.14067075885993, 0.0], [-120.88661789416966, 38.14063176730665, 0.0], [-120.88689500826511, 38.14060099118011, 0.0], [-120.88691980356361, 38.14052633429103, 0.0], [-120.88703840543565, 38.140496280893856, 0.0], [-120.88696774395538, 38.14043421133763, 0.0], [-120.88688720370195, 38.1404005751157, 0.0], [-120.8868243593613, 38.140381563239075, 0.0], [-120.88718243322344, 38.140212767174795, 0.0], [-120.88735277895415, 38.14011569389404, 0.0], [-120.88750450530395, 38.14003616782231, 0.0], [-120.88760901171085, 38.14002374422822, 0.0], [-120.8875697131121, 38.140130326077035, 0.0], [-120.88756333237865, 38.14019458471161, 0.0], [-120.88746262674373, 38.14023211328239, 0.0], [-120.88745593519315, 38.140307096180834, 0.0], [-120.88743083087424, 38.14039247622216, 0.0], [-120.88737086024416, 38.140430736650515, 0.0], [-120.8872659388156, 38.14045745881321, 0.0], [-120.88719629782153, 38.14051700394081, 0.0], [-120.88718168672344, 38.14055250391753, 0.0], [-120.88734811669782, 38.14059126165404, 0.0], [-120.88741475821715, 38.14079273626962, 0.0], [-120.88736238284285, 38.14103856133839, 0.0], [-120.88727792413816, 38.14114075493741, 0.0], [-120.88727410989144, 38.14127301066764, 0.0], [-120.88724694393892, 38.14142987972382, 0.0], [-120.88719149722466, 38.14146822297689, 0.0], [-120.88698967093313, 38.14155757509175, 0.0], [-120.88698822823878, 38.14160761813472, 0.0], [-120.88687024081443, 38.141616222756646, 0.0], [-120.8867207809141, 38.141617110136956, 0.0], [-120.88658880492413, 38.14163976800395, 0.0], [-120.88653304918938, 38.14168883317761, 0.0], [-120.88647276774225, 38.14173781706941, 0.0], [-120.88638656630587, 38.141743418294624, 0.0], [-120.88635992586784, 38.14172505605234, 0.0]]]]}}, {"type": "Feature", "properties": {"Symb_class": "C", "Crop2016": "Olives", "County": "Calaveras", "Acres": 2.64156267, "SUBCLASS2": "6"}, "geometry": {"type": "MultiPolygon", "coordinates": [[[[-120.8908347424202, 38.12284390968937, 0.0], [-120.89182266824714, 38.12280919683724, 0.0], [-120.89177659724947, 38.123466416733294, 0.0], [-120.89172209286792, 38.12347259107202, 0.0], [-120.89170406188354, 38.123574790188535, 0.0], [-120.89165154727036, 38.12361676318153, 0.0], [-120.89161472892015, 38.12374246576994, 0.0], [-120.89146355593253, 38.12375167318135, 0.0], [-120.89144065787593, 38.12381325235289, 0.0], [-120.89128900428967, 38.1238391389383, 0.0], [-120.89123778864038, 38.124045648277814, 0.0], [-120.89112603821903, 38.124048409995204, 0.0], [-120.89112130499579, 38.124107931057154, 0.0], [-120.89117491914689, 38.12413273490097, 0.0], [-120.89099899218336, 38.12437276831244, 0.0], [-120.89095531968749, 38.124422052152454, 0.0], [-120.89091994133666, 38.12449771133299, 0.0], [-120.89083472175892, 38.12452240692253, 0.0], [-120.890833422795, 38.12425296688974, 0.0], [-120.8908347424202, 38.12284390968937, 0.0]]]]}}, {"type": "Feature", "properties": {"Symb_class": "P", "Crop2016": "Mixed Pasture", "County": "Calaveras", "Acres": 3.31087588, "SUBCLASS2": "3"}, "geometry": {"type": "MultiPolygon", "coordinates": [[[[-120.47240344734264, 38.137609589352024, 0.0], [-120.47240187079932, 38.137605966154496, 0.0], [-120.47234320631969, 38.13761698765514, 0.0], [-120.47236819026438, 38.13777861965388, 0.0], [-120.4723417546422, 38.13790010872706, 0.0], [-120.47208048233676, 38.13787631780697, 0.0], [-120.47191770760728, 38.13786149581682, 0.0], [-120.47190851694359, 38.13771904402956, 0.0], [-120.4717419558152, 38.13770952679097, 0.0], [-120.4717705087665, 38.13760007068608, 0.0], [-120.47169912593908, 38.137471579879055, 0.0], [-120.4715373213901, 38.13743826801255, 0.0], [-120.47143738381476, 38.137447785286476, 0.0], [-120.47128985798722, 38.13740495471772, 0.0], [-120.47114233126136, 38.13740019607809, 0.0], [-120.4710741078088, 38.13737481030259, 0.0], [-120.47092581841326, 38.13768430504295, 0.0], [-120.47084524492217, 38.1378488478763, 0.0], [-120.47076002714107, 38.13787158816662, 0.0], [-120.47071388876975, 38.137875313800585, 0.0], [-120.47040124989806, 38.13790056586423, 0.0], [-120.47029339816504, 38.13782849995599, 0.0], [-120.47021434192845, 38.13782849995599, 0.0], [-120.4698193509014, 38.137838015765944, 0.0], [-120.46980485209271, 38.137820833891965, 0.0], [-120.46977509270397, 38.13782446697053, 0.0], [-120.46965645220442, 38.1377035437186, 0.0], [-120.46966484516412, 38.13759640721462, 0.0], [-120.46966421634342, 38.137496444184855, 0.0], [-120.46981989528045, 38.137367005706324, 0.0], [-120.46979555722447, 38.13726694697739, 0.0], [-120.4699906722025, 38.13723363431091, 0.0], [-120.47024289487977, 38.137219356944506, 0.0], [-120.47042510466042, 38.137253521016525, 0.0], [-120.47071429301164, 38.13721386983396, 0.0], [-120.47078895468985, 38.13735397967355, 0.0], [-120.47081493576448, 38.137356283746925, 0.0], [-120.47083614498834, 38.13736245196492, 0.0], [-120.47085727066889, 38.13736859615958, 0.0], [-120.47092374599991, 38.13735585769473, 0.0], [-120.47098914784416, 38.137329785839384, 0.0], [-120.47099610619435, 38.13732701402618, 0.0], [-120.47106842057474, 38.137291029196724, 0.0], [-120.4710680603503, 38.13723390774784, 0.0], [-120.47106770012587, 38.13717678625425, 0.0], [-120.4710467954309, 38.13714157926921, 0.0], [-120.47107073643153, 38.13708649611979, 0.0], [-120.47127558196071, 38.13711466229569, 0.0], [-120.47145642091223, 38.137262186915635, 0.0], [-120.47173243816475, 38.13733357226472, 0.0], [-120.47196562643947, 38.13740971406355, 0.0], [-120.47212266991744, 38.137309776920574, 0.0], [-120.47226543826724, 38.13711466017604, 0.0], [-120.47232254416984, 38.13685292007069, 0.0], [-120.47237965097077, 38.13677677698428, 0.0], [-120.47253669624537, 38.136848160688494, 0.0], [-120.47241296409476, 38.137381162223114, 0.0], [-120.4724367577717, 38.13740019678466, 0.0], [-120.472531936971, 38.13740971406355, 0.0], [-120.47266518677203, 38.1374763399271, 0.0], [-120.47270325737378, 38.137571516800435, 0.0], [-120.47260332069673, 38.137619107310215, 0.0], [-120.47240344734264, 38.137609589352024, 0.0]]]]}}, {"type": "Feature", "properties": {"Symb_class": "V", "Crop2016": "Grapes", "County": "Calaveras", "Acres": 2.682792, "SUBCLASS2": "**"}, "geometry": {"type": "MultiPolygon", "coordinates": [[[[-120.5595065487933, 38.21908384097798, 0.0], [-120.55854611770224, 38.21851706091945, 0.0], [-120.55893092003733, 38.21818205693027, 0.0], [-120.5593767332516, 38.21791341178605, 0.0], [-120.5603860030497, 38.21853708284016, 0.0], [-120.56007353934947, 38.21883367326007, 0.0], [-120.55979623930276, 38.2189777690785, 0.0], [-120.5595065487933, 38.21908384097798, 0.0]], [[-120.5596353249842, 38.21850248822688, 0.0], [-120.55964785738074, 38.218559553062036, 0.0], [-120.55964842870927, 38.21863571519161, 0.0], [-120.55974539735259, 38.21865430578553, 0.0], [-120.55974525362215, 38.21863526491256, 0.0], [-120.5597688882973, 38.21855899127129, 0.0], [-120.55981723023599, 38.218549246036055, 0.0], [-120.5598409349797, 38.218482491704314, 0.0], [-120.5597681022714, 38.218454268035735, 0.0], [-120.5596353249842, 38.21850248822688, 0.0]], [[-120.55966181809858, 38.21880702428916, 0.0], [-120.55958905635717, 38.21878832010611, 0.0], [-120.5595286832819, 38.21880764183341, 0.0], [-120.55963818342346, 38.21888329696465, 0.0], [-120.55968630976648, 38.21884499231206, 0.0], [-120.55966181809858, 38.21880702428916, 0.0]]]]}}, {"type": "Feature", "properties": {"Symb_class": "P", "Crop2016": "Mixed Pasture", "County": "Calaveras", "Acres": 20.09411331, "SUBCLASS2": "3"}, "geometry": {"type": "MultiPolygon", "coordinates": [[[[-120.46725420981099, 38.1350179990857, 0.0], [-120.46721952316291, 38.13499759526305, 0.0], [-120.46695552986047, 38.13500786112031, 0.0], [-120.46679133758947, 38.13485141068394, 0.0], [-120.46643553107512, 38.13450291334043, 0.0], [-120.46638335422846, 38.13441311097276, 0.0], [-120.4663419921995, 38.13438129495954, 0.0], [-120.46618209118063, 38.13415286691116, 0.0], [-120.46630772596299, 38.1340843380039, 0.0], [-120.46646762608357, 38.13394728070297, 0.0], [-120.46635341158341, 38.13374169603546, 0.0], [-120.4661826831704, 38.13371942716649, 0.0], [-120.46602354212625, 38.13386901764735, 0.0], [-120.46591527087998, 38.13395512170093, 0.0], [-120.4657521089766, 38.13396289274591, 0.0], [-120.46571474714564, 38.133906690082256, 0.0], [-120.46560324915089, 38.13373896224176, 0.0], [-120.46577739385692, 38.133655761311715, 0.0], [-120.46578543737198, 38.13349150225951, 0.0], [-120.46572112069258, 38.133356083847524, 0.0], [-120.46561248832357, 38.133258147173485, 0.0], [-120.46561169331454, 38.133256543205334, 0.0], [-120.46561111479951, 38.13316372073108, 0.0], [-120.46556497912316, 38.133035373324496, 0.0], [-120.46554349681146, 38.13298216026328, 0.0], [-120.465584928909, 38.13281347568391, 0.0], [-120.46560888787593, 38.13280671212567, 0.0], [-120.46574395676542, 38.13265624328385, 0.0], [-120.4657611109941, 38.13249908897776, 0.0], [-120.46575124210237, 38.13237060120172, 0.0], [-120.46575088726782, 38.132366201187935, 0.0], [-120.4658503433462, 38.13227971722703, 0.0], [-120.46598618029526, 38.132241166350475, 0.0], [-120.46614000510957, 38.132190588344045, 0.0], [-120.46619396062049, 38.132118976090325, 0.0], [-120.46627426910855, 38.13191159502426, 0.0], [-120.46630066700149, 38.13178296701215, 0.0], [-120.4662516908522, 38.13172572466162, 0.0], [-120.46626204124092, 38.13169726174993, 0.0], [-120.46654668321845, 38.13162855671101, 0.0], [-120.46700531359521, 38.13182387466768, 0.0], [-120.46721001719057, 38.132051327117125, 0.0], [-120.46746417214402, 38.13224971696182, 0.0], [-120.46763788655703, 38.13285473464758, 0.0], [-120.46764403193188, 38.13286224578179, 0.0], [-120.46754123861224, 38.13303356797155, 0.0], [-120.46735849792724, 38.132999303000496, 0.0], [-120.46741560382985, 38.13286224578179, 0.0], [-120.467175753649, 38.13279371919568, 0.0], [-120.4669355486336, 38.13287058434101, 0.0], [-120.466898002648, 38.13305877224888, 0.0], [-120.46675899823924, 38.133106945109766, 0.0], [-120.46668307083479, 38.13328157782317, 0.0], [-120.46691359740132, 38.133424424071855, 0.0], [-120.4672535818886, 38.133371568123636, 0.0], [-120.467380476109, 38.13336393409471, 0.0], [-120.467516481043, 38.13336340626985, 0.0], [-120.46764350911239, 38.13337719401524, 0.0], [-120.46765311210277, 38.13346284007089, 0.0], [-120.4676180831966, 38.13354030016791, 0.0], [-120.46766301782542, 38.13362123095477, 0.0], [-120.4677354031727, 38.133616060832786, 0.0], [-120.46786103885339, 38.13369601008259, 0.0], [-120.468043781335, 38.133650324807725, 0.0], [-120.46826078825652, 38.13362748074636, 0.0], [-120.46831789505742, 38.13375311734253, 0.0], [-120.46854632315946, 38.13375311734253, 0.0], [-120.46888896486334, 38.13390159417219, 0.0], [-120.46874048682159, 38.13439271616657, 0.0], [-120.46891180902101, 38.13459830182654, 0.0], [-120.46924303044267, 38.134552614996764, 0.0], [-120.46924303044267, 38.13431276626679, 0.0], [-120.46907170914159, 38.13430134434069, 0.0], [-120.4693021530631, 38.133869260713624, 0.0], [-120.46962126339811, 38.13386487633512, 0.0], [-120.46989523159347, 38.133861110220884, 0.0], [-120.470352493836, 38.13412450881402, 0.0], [-120.4712948068061, 38.134369743739434, 0.0], [-120.4718064027503, 38.13497466895389, 0.0], [-120.47176291530741, 38.134982675180495, 0.0], [-120.4714632373286, 38.135037851772836, 0.0], [-120.4696558108073, 38.13471888470649, 0.0], [-120.46948393794062, 38.13478381794342, 0.0], [-120.469570934386, 38.13549197283278, 0.0], [-120.4688274024186, 38.13564143179115, 0.0], [-120.46882239880246, 38.13484474976845, 0.0], [-120.46858004681354, 38.1348819221489, 0.0], [-120.4682770271019, 38.1349284008462, 0.0], [-120.46725420981099, 38.1350179990857, 0.0]]]]}}, {"type": "Feature", "properties": {"Symb_class": "V", "Crop2016": "Grapes", "County": "Calaveras", "Acres": 3.28345958, "SUBCLASS2": "**"}, "geometry": {"type": "MultiPolygon", "coordinates": [[[[-120.4810296258596, 38.156713171815106, 0.0], [-120.48070542477188, 38.15631758699375, 0.0], [-120.4806849261154, 38.156233538028296, 0.0], [-120.48071617221593, 38.15618870603443, 0.0], [-120.4809712497392, 38.155979313105185, 0.0], [-120.48099958080662, 38.155973866256126, 0.0], [-120.48101773036862, 38.1559606669519, 0.0], [-120.48109208572131, 38.155924975275475, 0.0], [-120.48115454737965, 38.15586846388961, 0.0], [-120.48115566488386, 38.155815982332044, 0.0], [-120.48115631885737, 38.15578523380241, 0.0], [-120.48118726581893, 38.15575841271046, 0.0], [-120.48126879781243, 38.15571097530816, 0.0], [-120.48132150556341, 38.15570139331082, 0.0], [-120.48134939465972, 38.15568758364786, 0.0], [-120.4813657260316, 38.155690002987996, 0.0], [-120.48144008318093, 38.15566323413295, 0.0], [-120.48173336605319, 38.155502844718335, 0.0], [-120.48179523302682, 38.15548909717904, 0.0], [-120.48182674592697, 38.15547287731155, 0.0], [-120.48186822204197, 38.15547287731155, 0.0], [-120.48188028282296, 38.155472878017946, 0.0], [-120.48221638299496, 38.15590415488737, 0.0], [-120.48225343041557, 38.15597255028149, 0.0], [-120.48225851308345, 38.1559799311823, 0.0], [-120.482375959722, 38.15615051108654, 0.0], [-120.48246027739121, 38.15627297120106, 0.0], [-120.48249002061026, 38.15631758628736, 0.0], [-120.48244233444171, 38.15634125111096, 0.0], [-120.48194673030622, 38.15658718907642, 0.0], [-120.48169885008502, 38.15671019730466, 0.0], [-120.48169012025708, 38.156700496768956, 0.0], [-120.48156500470095, 38.15656148080942, 0.0], [-120.48123076044835, 38.15674803524433, 0.0], [-120.48122800082382, 38.15674734583071, 0.0], [-120.4811872649206, 38.15668937572798, 0.0], [-120.48112635285614, 38.156721934294204, 0.0], [-120.48109142815451, 38.156740600031064, 0.0], [-120.48106222931455, 38.15675620719698, 0.0], [-120.4810296258596, 38.156713171815106, 0.0]]]]}}, {"type": "Feature", "properties": {"Symb_class": "P", "Crop2016": "Mixed Pasture", "County": "Calaveras", "Acres": 4.61517667, "SUBCLASS2": "3"}, "geometry": {"type": "MultiPolygon", "coordinates": [[[[-120.78591727902923, 38.22101039520846, 0.0], [-120.78520803306128, 38.22090076916517, 0.0], [-120.78518762333803, 38.22068668476585, 0.0], [-120.7853652606939, 38.22031421826035, 0.0], [-120.7853260941475, 38.2200431327317, 0.0], [-120.78552218559426, 38.21969910914738, 0.0], [-120.78570057304337, 38.21939804209633, 0.0], [-120.78578939037384, 38.21921180895939, 0.0], [-120.78593281988366, 38.21903950004353, 0.0], [-120.7860939515945, 38.218824232951995, 0.0], [-120.78661576138346, 38.21837811489122, 0.0], [-120.78674434802984, 38.21852008583973, 0.0], [-120.78669334977288, 38.218848885308965, 0.0], [-120.7865335736198, 38.21919267366035, 0.0], [-120.78650088033336, 38.219535633239204, 0.0], [-120.78591727902923, 38.22101039520846, 0.0]]]]}}, {"type": "Feature", "properties": {"Symb_class": "D", "Crop2016": "Walnuts", "County": "Calaveras", "Acres": 2.12450004, "SUBCLASS2": "13"}, "geometry": {"type": "MultiPolygon", "coordinates": [[[[-120.55957180780541, 38.397049210312375, 0.0], [-120.55953788203038, 38.39737783576553, 0.0], [-120.55948339381852, 38.397392369041874, 0.0], [-120.55953992210442, 38.397649168870544, 0.0], [-120.5594133926, 38.39776400468716, 0.0], [-120.55923119539577, 38.39773628578646, 0.0], [-120.5592117082423, 38.397565001020986, 0.0], [-120.55917413081565, 38.39740808226799, 0.0], [-120.55897448473533, 38.39748041206456, 0.0], [-120.55868374229871, 38.39753888089115, 0.0], [-120.55861094821796, 38.39753921812044, 0.0], [-120.55853815413721, 38.397539553941705, 0.0], [-120.55844555489941, 38.397325765032285, 0.0], [-120.55835402735177, 38.39725478189147, 0.0], [-120.55844426761361, 38.39715439621849, 0.0], [-120.55858846069144, 38.396968074036025, 0.0], [-120.5586605028823, 38.39686777174497, 0.0], [-120.55869539793949, 38.396667673651606, 0.0], [-120.55887684325384, 38.39659542893446, 0.0], [-120.55927763110942, 38.396650699335346, 0.0], [-120.55957180780541, 38.397049210312375, 0.0]]]]}}, {"type": "Feature", "properties": {"Symb_class": "V", "Crop2016": "Grapes", "County": "Calaveras", "Acres": 1.42303871, "SUBCLASS2": "**"}, "geometry": {"type": "MultiPolygon", "coordinates": [[[[-120.4466644722577, 38.12918758932641, 0.0], [-120.44647411475738, 38.129125724261534, 0.0], [-120.44633970343469, 38.12909068793122, 0.0], [-120.446441319063, 38.12887191081717, 0.0], [-120.44644556000945, 38.128873500748966, 0.0], [-120.44653122155835, 38.128840189197675, 0.0], [-120.44680248043476, 38.12870218010066, 0.0], [-120.44684055103653, 38.12858320831052, 0.0], [-120.44712132936003, 38.12835953689126, 0.0], [-120.44719271308576, 38.128330984336706, 0.0], [-120.44731644433806, 38.12848326968054, 0.0], [-120.44740210498863, 38.12890205521119, 0.0], [-120.4470927746121, 38.12935415179108, 0.0], [-120.44704042708554, 38.12935415320431, 0.0], [-120.44686434830669, 38.12928752769876, 0.0], [-120.4466644722577, 38.12918758932641, 0.0]]]]}}, {"type": "Feature", "properties": {"Symb_class": "C", "Crop2016": "Olives", "County": "Calaveras", "Acres": 6.15870107, "SUBCLASS2": "6"}, "geometry": {"type": "MultiPolygon", "coordinates": [[[[-120.91926291234307, 38.145630839026765, 0.0], [-120.91923137339175, 38.14291582977299, 0.0], [-120.92014103439791, 38.142935524175, 0.0], [-120.92018363789859, 38.14462431632749, 0.0], [-120.92014637039068, 38.144820356144685, 0.0], [-120.92017480476439, 38.14493530278506, 0.0], [-120.92017253023009, 38.14517487710454, 0.0], [-120.9201745173035, 38.14526432076097, 0.0], [-120.92022710737515, 38.14532604992509, 0.0], [-120.92032897902334, 38.14540653527767, 0.0], [-120.92039794897589, 38.14552935183368, 0.0], [-120.92044179125335, 38.14558019682695, 0.0], [-120.92043492992119, 38.14566233292841, 0.0], [-120.91926291234307, 38.145630839026765, 0.0]]]]}}, {"type": "Feature", "properties": {"Symb_class": "P", "Crop2016": "Mixed Pasture", "County": "Calaveras", "Acres": 1.8662397, "SUBCLASS2": "3"}, "geometry": {"type": "MultiPolygon", "coordinates": [[[[-120.51376719116853, 38.115973106175424, 0.0], [-120.513648183258, 38.115982175334636, 0.0], [-120.5135057481832, 38.11602654790421, 0.0], [-120.51341292256993, 38.116054679094376, 0.0], [-120.51335728092124, 38.11604163865682, 0.0], [-120.5131488780635, 38.116007946667374, 0.0], [-120.51297228544833, 38.1159982689902, 0.0], [-120.51288662120452, 38.116012729317966, 0.0], [-120.51276643560267, 38.1160067776849, 0.0], [-120.51225330443765, 38.11570274124444, 0.0], [-120.51229825972771, 38.11568439718721, 0.0], [-120.51261852709283, 38.1155029678168, 0.0], [-120.51296088762402, 38.11531702316473, 0.0], [-120.51302527167707, 38.11535573988097, 0.0], [-120.51337965885327, 38.11566781084785, 0.0], [-120.5136053605684, 38.11552096772479, 0.0], [-120.51412376304751, 38.11586359485845, 0.0], [-120.51416722982917, 38.11592184688767, 0.0], [-120.51418047099646, 38.11599543205165, 0.0], [-120.51416441001747, 38.11602923288802, 0.0], [-120.51408922911304, 38.11606291214595, 0.0], [-120.51396576915198, 38.11608204626595, 0.0], [-120.51390859138414, 38.11608762967091, 0.0], [-120.51384185644, 38.11601887601661, 0.0], [-120.51376719116853, 38.115973106175424, 0.0]]]]}}, {"type": "Feature", "properties": {"Symb_class": "V", "Crop2016": "Grapes", "County": "Calaveras", "Acres": 6.33672735, "SUBCLASS2": "**"}, "geometry": {"type": "MultiPolygon", "coordinates": [[[[-120.4786235234054, 38.0277823640909, 0.0], [-120.47866992228813, 38.02776451806752, 0.0], [-120.48050448691419, 38.027875163342394, 0.0], [-120.48051519393405, 38.0279108539157, 0.0], [-120.48050091790755, 38.02796439328105, 0.0], [-120.48048664098276, 38.028017929776894, 0.0], [-120.48052590095395, 38.02805719088678, 0.0], [-120.48063654644747, 38.028100021164484, 0.0], [-120.48104343386383, 38.02811072873, 0.0], [-120.48112552640607, 38.02814285212477, 0.0], [-120.48118977211855, 38.028157128162476, 0.0], [-120.4813146927403, 38.02815712887009, 0.0], [-120.48142176922724, 38.02815712887009, 0.0], [-120.48147173711658, 38.028185682352394, 0.0], [-120.48157167469195, 38.02822494266477, 0.0], [-120.48162164437794, 38.02826420507891, 0.0], [-120.48162878059453, 38.02835700372006, 0.0], [-120.48158951972506, 38.0285782937283, 0.0], [-120.48147173711658, 38.028703215120665, 0.0], [-120.48119334112519, 38.02906370286897, 0.0], [-120.48063654644747, 38.02966689667414, 0.0], [-120.48059728467967, 38.029695450275604, 0.0], [-120.48054017877705, 38.02970258778972, 0.0], [-120.48049020909106, 38.02969901867895, 0.0], [-120.48031175067504, 38.02954197480227, 0.0], [-120.48029747375023, 38.02948486676101, 0.0], [-120.48030461086516, 38.02922788603895, 0.0], [-120.48025107396916, 38.02887453598573, 0.0], [-120.4802189502146, 38.02876389080497, 0.0], [-120.48019753617486, 38.028678231000754, 0.0], [-120.48014399927888, 38.02859613884583, 0.0], [-120.4800833216747, 38.02853546302259, 0.0], [-120.47997267618118, 38.028460509758105, 0.0], [-120.47986203338257, 38.0284105420518, 0.0], [-120.47980849468995, 38.02839983382253, 0.0], [-120.47854856977472, 38.02834986465965, 0.0], [-120.47849503198042, 38.02834629689816, 0.0], [-120.4784807550556, 38.028253496828256, 0.0], [-120.4784950310821, 38.028085745115604, 0.0], [-120.47856284580122, 38.027921562924064, 0.0], [-120.47858426073927, 38.02783233222561, 0.0], [-120.4786235234054, 38.0277823640909, 0.0]]]]}}, {"type": "Feature", "properties": {"Symb_class": "D", "Crop2016": "Walnuts", "County": "Calaveras", "Acres": 4.2311528, "SUBCLASS2": "13"}, "geometry": {"type": "MultiPolygon", "coordinates": [[[[-120.52783519209848, 38.39283634127231, 0.0], [-120.52786384206782, 38.392820917131004, 0.0], [-120.52792489157453, 38.39285267788955, 0.0], [-120.52830631175257, 38.39305111296332, 0.0], [-120.52837727327015, 38.39308803094189, 0.0], [-120.52837552604691, 38.393116866872866, 0.0], [-120.52832564709077, 38.39394038286394, 0.0], [-120.52832535693493, 38.393945174011215, 0.0], [-120.52821947071574, 38.394163459191695, 0.0], [-120.52816188062123, 38.394312096098446, 0.0], [-120.5281530465887, 38.39433489775611, 0.0], [-120.52853702786365, 38.39462311780551, 0.0], [-120.52877513621117, 38.39474734066564, 0.0], [-120.5286575296725, 38.39480281313481, 0.0], [-120.52835181501497, 38.39494700967306, 0.0], [-120.52833038211061, 38.39494218831785, 0.0], [-120.52808877213013, 38.3948878213198, 0.0], [-120.52732246607363, 38.39454470280284, 0.0], [-120.52732046372887, 38.394543805834275, 0.0], [-120.52732504873008, 38.39450271776341, 0.0], [-120.52744292476335, 38.39344653109785, 0.0], [-120.5274730901906, 38.393176231285345, 0.0], [-120.52753424929175, 38.39309023327631, 0.0], [-120.52764012383282, 38.39294135588127, 0.0], [-120.52783519209848, 38.39283634127231, 0.0]]]]}}, {"type": "Feature", "properties": {"Symb_class": "C", "Crop2016": "Olives", "County": "Calaveras", "Acres": 12.28891729, "SUBCLASS2": "6"}, "geometry": {"type": "MultiPolygon", "coordinates": [[[[-120.71317489184894, 38.05004827979663, 0.0], [-120.7125992190755, 38.05004184176042, 0.0], [-120.71258583058454, 38.05008449718799, 0.0], [-120.71085624667583, 38.05005081228401, 0.0], [-120.71084609301816, 38.050086376745504, 0.0], [-120.70985195534101, 38.050059850716764, 0.0], [-120.70974812716216, 38.050005375343396, 0.0], [-120.70961293610179, 38.049893067861085, 0.0], [-120.70948072565155, 38.04987856898448, 0.0], [-120.7093539068896, 38.049787882322576, 0.0], [-120.70919722094112, 38.049784827763915, 0.0], [-120.70919780574437, 38.04957264597963, 0.0], [-120.70911659894101, 38.04956629491222, 0.0], [-120.7091347359266, 38.049178024920145, 0.0], [-120.71448291076784, 38.04928933322732, 0.0], [-120.71519417165698, 38.04929839792813, 0.0], [-120.7153324583118, 38.0494083747162, 0.0], [-120.71562303456012, 38.04975973269922, 0.0], [-120.71562145532185, 38.04990752075383, 0.0], [-120.71559962087058, 38.049930939230215, 0.0], [-120.71557529359434, 38.04993761920684, 0.0], [-120.71562187483511, 38.04999097623234, 0.0], [-120.71566309582853, 38.05002277170121, 0.0], [-120.71568917931113, 38.050056658226744, 0.0], [-120.7156639618045, 38.050091931237255, 0.0], [-120.71317489184894, 38.05004827979663, 0.0]]]]}}, {"type": "Feature", "properties": {"Symb_class": "V", "Crop2016": "Grapes", "County": "Calaveras", "Acres": 5.14670081, "SUBCLASS2": "**"}, "geometry": {"type": "MultiPolygon", "coordinates": [[[[-120.47657480670381, 38.030941097647016, 0.0], [-120.4764677302169, 38.03087685329741, 0.0], [-120.47638206956634, 38.03088399069641, 0.0], [-120.47633210077866, 38.03090183666748, 0.0], [-120.47625001093135, 38.03090897477165, 0.0], [-120.47596090612348, 38.03083759228349, 0.0], [-120.47592164525398, 38.030805468655146, 0.0], [-120.47590736832919, 38.03077691619394, 0.0], [-120.47598232016324, 38.030687686143, 0.0], [-120.47619647223874, 38.03045568891711, 0.0], [-120.4762857018959, 38.03038430527958, 0.0], [-120.47662120558654, 38.030005970061254, 0.0], [-120.47676754294298, 38.02987034216838, 0.0], [-120.477302920886, 38.02962049678272, 0.0], [-120.47738858333318, 38.02964548199644, 0.0], [-120.47749208901682, 38.02970258920494, 0.0], [-120.47755990373594, 38.02975612726087, 0.0], [-120.47755633383102, 38.029798957252915, 0.0], [-120.47755990373594, 38.02990246408398, 0.0], [-120.4775813177757, 38.02996670928814, 0.0], [-120.47772051801718, 38.03006664608171, 0.0], [-120.47786685357696, 38.03017729071007, 0.0], [-120.47793466829607, 38.03028079771418, 0.0], [-120.47798820609037, 38.03038787364937, 0.0], [-120.47803460587141, 38.0304985192077, 0.0], [-120.47807743574754, 38.030616302023994, 0.0], [-120.4780845746591, 38.03069839333029, 0.0], [-120.4780560217078, 38.0308126081839, 0.0], [-120.47798463708376, 38.03093753001172, 0.0], [-120.4778954074266, 38.03114097268477, 0.0], [-120.47786328457035, 38.03125161922832, 0.0], [-120.4776098716253, 38.03133727885383, 0.0], [-120.47754205690619, 38.031308725184736, 0.0], [-120.47742427429773, 38.03123734096333, 0.0], [-120.47723510706517, 38.031169527126856, 0.0], [-120.47701024707149, 38.031073158051484, 0.0], [-120.47669616011554, 38.0309839276538, 0.0], [-120.47657480670381, 38.030941097647016, 0.0]]]]}}, {"type": "Feature", "properties": {"Symb_class": "C", "Crop2016": "Olives", "County": "Calaveras", "Acres": 4.21448104, "SUBCLASS2": "6"}, "geometry": {"type": "MultiPolygon", "coordinates": [[[[-120.92059985342084, 38.144638840220765, 0.0], [-120.92047321791524, 38.144633022327284, 0.0], [-120.92046666290861, 38.14470443296362, 0.0], [-120.92035802964129, 38.14470250921024, 0.0], [-120.92034919471047, 38.14310014701182, 0.0], [-120.92040060798915, 38.14304383622587, 0.0], [-120.92041723131348, 38.142936838971835, 0.0], [-120.92103701316397, 38.14295854618657, 0.0], [-120.92109372290953, 38.14303465314949, 0.0], [-120.92112597871645, 38.14556728035106, 0.0], [-120.92111820469597, 38.14568158504301, 0.0], [-120.92092799811267, 38.14568179274624, 0.0], [-120.92083446732192, 38.145626492091566, 0.0], [-120.92064419875483, 38.14546933887097, 0.0], [-120.92059985342084, 38.144638840220765, 0.0]]]]}}, {"type": "Feature", "properties": {"Symb_class": "V", "Crop2016": "Grapes", "County": "Calaveras", "Acres": 7.57372784, "SUBCLASS2": "**"}, "geometry": {"type": "MultiPolygon", "coordinates": [[[[-120.49438396470367, 38.09729501580729, 0.0], [-120.49445832364961, 38.097265271926695, 0.0], [-120.49489257644449, 38.097613268351274, 0.0], [-120.4967128623491, 38.09900525303055, 0.0], [-120.49716793360069, 38.099356222966314, 0.0], [-120.49716793539731, 38.09938596599585, 0.0], [-120.49695675674536, 38.09955847801499, 0.0], [-120.49695378422008, 38.099600117006666, 0.0], [-120.4968229122596, 38.09974585965306, 0.0], [-120.49642435312423, 38.1000641128341, 0.0], [-120.49638866126136, 38.10006113813513, 0.0], [-120.49628158477445, 38.099915396824535, 0.0], [-120.49615368803417, 38.099769653809396, 0.0], [-120.49605850973322, 38.099635810076826, 0.0], [-120.495927641366, 38.09954063110976, 0.0], [-120.49579082076168, 38.09945140075971, 0.0], [-120.49563913034449, 38.09938299197621, 0.0], [-120.49555287500922, 38.09934729878261, 0.0], [-120.49543092781109, 38.09929078811723, 0.0], [-120.49514836633175, 38.09915694280061, 0.0], [-120.49494611334046, 38.09905581585091, 0.0], [-120.49479442292328, 38.09899930425323, 0.0], [-120.49468437211445, 38.098975507725235, 0.0], [-120.49457432220393, 38.098939817160236, 0.0], [-120.4945178091894, 38.098916022026756, 0.0], [-120.49446427229343, 38.09888330476591, 0.0], [-120.49445237410748, 38.098847612035115, 0.0], [-120.49444642636199, 38.09880894665777, 0.0], [-120.49443155475248, 38.09872566633512, 0.0], [-120.49439586199126, 38.097717367850116, 0.0], [-120.49439288766938, 38.097336656088764, 0.0], [-120.49438396470367, 38.09729501580729, 0.0]]]]}}, {"type": "Feature", "properties": {"Symb_class": "C", "Crop2016": "Olives", "County": "Calaveras", "Acres": 0.79991522, "SUBCLASS2": "6"}, "geometry": {"type": "MultiPolygon", "coordinates": [[[[-120.88488016433796, 38.144305589686915, 0.0], [-120.88495416575444, 38.14425208599957, 0.0], [-120.88516483506163, 38.14427495499451, 0.0], [-120.88512550771681, 38.144591346838816, 0.0], [-120.88508063686834, 38.14478604513476, 0.0], [-120.88504428923532, 38.1447901596874, 0.0], [-120.88502439604336, 38.14485179034531, 0.0], [-120.88515695683658, 38.14486133067269, 0.0], [-120.8852170316712, 38.14487194979597, 0.0], [-120.88520632824458, 38.14492897766195, 0.0], [-120.88513685703211, 38.1449301108573, 0.0], [-120.88505510944292, 38.14493817604252, 0.0], [-120.88453274359678, 38.144940686168766, 0.0], [-120.88451080673755, 38.14486399622751, 0.0], [-120.88434203665186, 38.14485380169849, 0.0], [-120.88457112321899, 38.14455275018613, 0.0], [-120.88485901889449, 38.14451501966355, 0.0], [-120.88491656856488, 38.14440399901016, 0.0], [-120.88482413012551, 38.14436418568885, 0.0], [-120.88488016433796, 38.144305589686915, 0.0]]]]}}, {"type": "Feature", "properties": {"Symb_class": "D", "Crop2016": "Almonds", "County": "Calaveras", "Acres": 32.72368565, "SUBCLASS2": "12"}, "geometry": {"type": "MultiPolygon", "coordinates": [[[[-120.88742775594102, 38.07218860184167, 0.0], [-120.88718441041536, 38.072050707761484, 0.0], [-120.88688810111891, 38.07188782777923, 0.0], [-120.88500515233333, 38.07085275092911, 0.0], [-120.88509243803624, 38.07075418377676, 0.0], [-120.8852311783403, 38.070596937292585, 0.0], [-120.88557791726016, 38.07033852732784, 0.0], [-120.88588848102358, 38.07007946369992, 0.0], [-120.88625731490617, 38.06968197091038, 0.0], [-120.88665275778584, 38.0693028380319, 0.0], [-120.88686835704728, 38.06919942367067, 0.0], [-120.88716359824689, 38.06900088095463, 0.0], [-120.88762377192927, 38.0687301986537, 0.0], [-120.88770999043359, 38.06872101966858, 0.0], [-120.88895401965988, 38.06872192066465, 0.0], [-120.89051044880598, 38.068714113682034, 0.0], [-120.89057374859249, 38.068715250181874, 0.0], [-120.89060447636507, 38.06874799013891, 0.0], [-120.890886247327, 38.06870297994319, 0.0], [-120.89140663238793, 38.068698015269675, 0.0], [-120.89147774392416, 38.06874220792435, 0.0], [-120.89144302942829, 38.06932095681719, 0.0], [-120.8913458227314, 38.06955525380596, 0.0], [-120.89096601502928, 38.069705796776475, 0.0], [-120.89081392935337, 38.06980320481354, 0.0], [-120.8902826459314, 38.07002970614522, 0.0], [-120.89022509985429, 38.07014311566903, 0.0], [-120.88990602006201, 38.07038415602633, 0.0], [-120.88986039642535, 38.0705550010208, 0.0], [-120.88996316189723, 38.07075712430844, 0.0], [-120.88999697358621, 38.07099734795243, 0.0], [-120.8900677787969, 38.071052265963445, 0.0], [-120.89006418373913, 38.0711249210935, 0.0], [-120.88994648377567, 38.07123248183981, 0.0], [-120.88954432958252, 38.07137308176714, 0.0], [-120.88923932279748, 38.07149158310856, 0.0], [-120.88895130495109, 38.071648537721636, 0.0], [-120.88878715310429, 38.071693273129824, 0.0], [-120.88870603703074, 38.071787184301506, 0.0], [-120.88824961740794, 38.07192680370823, 0.0], [-120.88796173161387, 38.07207899024815, 0.0], [-120.88764575909417, 38.07215914193432, 0.0], [-120.8875301108828, 38.07219520977547, 0.0], [-120.88742775594102, 38.07218860184167, 0.0]]]]}}, {"type": "Feature", "properties": {"Symb_class": "V", "Crop2016": "Grapes", "County": "Calaveras", "Acres": 7.43870633, "SUBCLASS2": "**"}, "geometry": {"type": "MultiPolygon", "coordinates": [[[[-120.92491127720281, 38.16851915887294, 0.0], [-120.92537289178289, 38.16850488197964, 0.0], [-120.92544903478301, 38.168604818761516, 0.0], [-120.92548710538473, 38.16868572124444, 0.0], [-120.92548234700868, 38.17027520107436, 0.0], [-120.92536813340683, 38.17044176296431, 0.0], [-120.92509211525599, 38.17057025431394, 0.0], [-120.92493031160534, 38.17060832517987, 0.0], [-120.92323137731583, 38.170598807288705, 0.0], [-120.92316951124053, 38.170560735711554, 0.0], [-120.92320758274059, 38.17035134309447, 0.0], [-120.92328372394405, 38.17011815605272, 0.0], [-120.92344552759472, 38.16966129986461, 0.0], [-120.92365968056858, 38.16955184509082, 0.0], [-120.92409750057344, 38.16943763007179, 0.0], [-120.92421647255136, 38.16939955930063, 0.0], [-120.9243021341002, 38.16936624718304, 0.0], [-120.92473995500337, 38.16910926495593, 0.0], [-120.92478278577781, 38.16907595199941, 0.0], [-120.92486368715399, 38.16902360424765, 0.0], [-120.92490175865404, 38.16889035429234, 0.0], [-120.92491127720281, 38.16851915887294, 0.0]]]]}}, {"type": "Feature", "properties": {"Symb_class": "D", "Crop2016": "Walnuts", "County": "Calaveras", "Acres": 16.41212361, "SUBCLASS2": "13"}, "geometry": {"type": "MultiPolygon", "coordinates": [[[[-120.88500515233333, 38.07085275092911, 0.0], [-120.88688810111891, 38.07188782777923, 0.0], [-120.88742775594102, 38.07218860184167, 0.0], [-120.8873754461437, 38.07227706918335, 0.0], [-120.88700031417262, 38.07226436320959, 0.0], [-120.88686435415435, 38.07227264574808, 0.0], [-120.88680464493407, 38.07230375971221, 0.0], [-120.88645092161283, 38.0723331601579, 0.0], [-120.88611055713822, 38.07236995277584, 0.0], [-120.88610181742882, 38.0725164271957, 0.0], [-120.88564481210443, 38.07251893203273, 0.0], [-120.88534452416958, 38.07257790175562, 0.0], [-120.88504175688453, 38.072880018740314, 0.0], [-120.88488594679346, 38.07310610108995, 0.0], [-120.88483732997027, 38.07322324609128, 0.0], [-120.88472695397132, 38.07328563372615, 0.0], [-120.88447279722124, 38.073470604077094, 0.0], [-120.88434309666388, 38.073575559690866, 0.0], [-120.88419427816066, 38.07371593377015, 0.0], [-120.88410835160879, 38.073871747897684, 0.0], [-120.88410031707689, 38.07415055913724, 0.0], [-120.88382025021907, 38.07444950507227, 0.0], [-120.88361367543297, 38.074553076072725, 0.0], [-120.88344153486834, 38.07456070422737, 0.0], [-120.88332057941025, 38.074519183918035, 0.0], [-120.88320744288845, 38.07436336126946, 0.0], [-120.88314024710857, 38.074183332726996, 0.0], [-120.88314509172288, 38.07401533123987, 0.0], [-120.88305168040806, 38.073960001053315, 0.0], [-120.8829824238929, 38.073851464182084, 0.0], [-120.88280546835837, 38.073712371754944, 0.0], [-120.88266848785396, 38.073599035653395, 0.0], [-120.88258494363421, 38.073515274018284, 0.0], [-120.88264960436834, 38.07331258624847, 0.0], [-120.8831153997078, 38.07269153999088, 0.0], [-120.88393153531311, 38.07184433784821, 0.0], [-120.8840996720865, 38.071661395848174, 0.0], [-120.88438990428008, 38.071323291147074, 0.0], [-120.8845669801889, 38.07114408466146, 0.0], [-120.8848030421742, 38.07095878806697, 0.0], [-120.88486912404314, 38.07086341617602, 0.0], [-120.88500515233333, 38.07085275092911, 0.0]]]]}}, {"type": "Feature", "properties": {"Symb_class": "D", "Crop2016": "Walnuts", "County": "Calaveras", "Acres": 48.21935991, "SUBCLASS2": "13"}, "geometry": {"type": "MultiPolygon", "coordinates": [[[[-120.95145487777931, 38.111778148761466, 0.0], [-120.95137635514203, 38.1118209802311, 0.0], [-120.94515882310816, 38.11198516223323, 0.0], [-120.9450160556567, 38.11194947095526, 0.0], [-120.9449875027054, 38.108458802045355, 0.0], [-120.94784999423969, 38.10838027911641, 0.0], [-120.94798562277961, 38.108444523998855, 0.0], [-120.94807128432848, 38.10854446107716, 0.0], [-120.94812125221785, 38.1086515377296, 0.0], [-120.94833540429337, 38.10872292066378, 0.0], [-120.94834254230662, 38.10913694808124, 0.0], [-120.94799276079286, 38.10992216967974, 0.0], [-120.948007038616, 38.10995786124155, 0.0], [-120.94845675680679, 38.10920119300505, 0.0], [-120.94845675680679, 38.108630122128936, 0.0], [-120.94846389482001, 38.10855160009099, 0.0], [-120.94855669438213, 38.108501631927204, 0.0], [-120.94867090798401, 38.108458801338514, 0.0], [-120.94876370664781, 38.10841597072476, 0.0], [-120.94885650620989, 38.10837314079268, 0.0], [-120.94894216596215, 38.10837314079268, 0.0], [-120.94902068859943, 38.10841597072476, 0.0], [-120.94909921123673, 38.108387416732654, 0.0], [-120.94917773297573, 38.10835172511035, 0.0], [-120.95106940530103, 38.10835886272938, 0.0], [-120.95106226638946, 38.1091298091246, 0.0], [-120.95101943561502, 38.109222607731446, 0.0], [-120.95072676180051, 38.109351098785524, 0.0], [-120.95062682512348, 38.10945817496242, 0.0], [-120.95041267394626, 38.109501004965146, 0.0], [-120.95027704360972, 38.10958666489529, 0.0], [-120.95028418341957, 38.10965091225081, 0.0], [-120.95027704360972, 38.109815094183006, 0.0], [-120.95027704540635, 38.109965000117256, 0.0], [-120.95019852097242, 38.110079214258846, 0.0], [-120.95009858429536, 38.11012918205027, 0.0], [-120.95006289333084, 38.110200567074536, 0.0], [-120.95006289333084, 38.11034333408651, 0.0], [-120.9500628924325, 38.110421856318936, 0.0], [-120.95008430826886, 38.11070739202601, 0.0], [-120.95010572320693, 38.11084302067179, 0.0], [-120.95019138295916, 38.11090726692233, 0.0], [-120.9502484897601, 38.11090726692233, 0.0], [-120.95039125810987, 38.11082160571361, 0.0], [-120.95063396403505, 38.110543209272194, 0.0], [-120.95073390071208, 38.110521794226074, 0.0], [-120.95079814642457, 38.11053607115978, 0.0], [-120.95084811521224, 38.110600316266655, 0.0], [-120.95091949893799, 38.110728807017715, 0.0], [-120.95121217185417, 38.11127846291894, 0.0], [-120.95139063296514, 38.11149975313862, 0.0], [-120.95145487688102, 38.11159255085505, 0.0], [-120.95149056874388, 38.111692487867316, 0.0], [-120.95145487777931, 38.111778148761466, 0.0]]]]}}, {"type": "Feature", "properties": {"Symb_class": "V", "Crop2016": "Grapes", "County": "Calaveras", "Acres": 0.63318393, "SUBCLASS2": "**"}, "geometry": {"type": "MultiPolygon", "coordinates": [[[[-120.48038095329129, 38.023106425709656, 0.0], [-120.48029767137959, 38.023106425001984, 0.0], [-120.48022033990836, 38.0231183228719, 0.0], [-120.48015192960621, 38.02315996292462, 0.0], [-120.48001213737496, 38.023145090772296, 0.0], [-120.47994670229302, 38.02309155425413, 0.0], [-120.47993777842899, 38.0230528877479, 0.0], [-120.47997644461378, 38.02302611910616, 0.0], [-120.48007459723667, 38.02296365819648, 0.0], [-120.48014003231859, 38.022895247927316, 0.0], [-120.48030064570148, 38.022797095982064, 0.0], [-120.48039879922268, 38.02278222375608, 0.0], [-120.48074679488566, 38.02315996433996, 0.0], [-120.48076464081711, 38.02324324508208, 0.0], [-120.48085684569449, 38.02335031998068, 0.0], [-120.48086874208383, 38.0233770892116, 0.0], [-120.48079438313783, 38.02343062693647, 0.0], [-120.48086279344001, 38.02351390807862, 0.0], [-120.48075869217328, 38.023579342790924, 0.0], [-120.4807111030228, 38.02353770226892, 0.0], [-120.4806040274342, 38.023400882738656, 0.0], [-120.48058618060443, 38.02335329496914, 0.0], [-120.4804047478665, 38.023106425001984, 0.0], [-120.48038095329129, 38.023106425709656, 0.0]]]]}}, {"type": "Feature", "properties": {"Symb_class": "V", "Crop2016": "Grapes", "County": "Calaveras", "Acres": 0.30763673, "SUBCLASS2": "**"}, "geometry": {"type": "MultiPolygon", "coordinates": [[[[-120.53369779976357, 38.05283555317616, 0.0], [-120.53354182707741, 38.05297905118585, 0.0], [-120.53344555642505, 38.053027080206306, 0.0], [-120.53339691085577, 38.052979694185574, 0.0], [-120.53313007797874, 38.052819029676456, 0.0], [-120.53315348358348, 38.052714201321486, 0.0], [-120.5332377446588, 38.052675745687225, 0.0], [-120.53333435577267, 38.052675317726326, 0.0], [-120.5333947369328, 38.05267505033921, 0.0], [-120.53346719504363, 38.052674727776925, 0.0], [-120.53358816217977, 38.052702753196435, 0.0], [-120.53369779976357, 38.05283555317616, 0.0]]]]}}, {"type": "Feature", "properties": {"Symb_class": "D", "Crop2016": "Walnuts", "County": "Calaveras", "Acres": 7.73437075, "SUBCLASS2": "13"}, "geometry": {"type": "MultiPolygon", "coordinates": [[[[-120.92648872602824, 38.1035625733048, 0.0], [-120.92655803734058, 38.101911511810606, 0.0], [-120.92665434662052, 38.10186671995861, 0.0], [-120.92676865185054, 38.10182582096702, 0.0], [-120.92743254008317, 38.10171594135158, 0.0], [-120.92753638263507, 38.101724925332384, 0.0], [-120.92767283493009, 38.10218153334277, 0.0], [-120.9276390052748, 38.102577912840665, 0.0], [-120.92806433420566, 38.10258184103286, 0.0], [-120.92817130918294, 38.10248001405192, 0.0], [-120.92837477400154, 38.10248717910654, 0.0], [-120.92821018198025, 38.1035071191533, 0.0], [-120.92812330141751, 38.1036987100321, 0.0], [-120.92790452211995, 38.1039130102783, 0.0], [-120.92777975331354, 38.10400379525755, 0.0], [-120.92753908297082, 38.10403173527341, 0.0], [-120.92724503563223, 38.10402654679789, 0.0], [-120.92710148664646, 38.10398109672598, 0.0], [-120.9269642806649, 38.10387138434749, 0.0], [-120.92686617205946, 38.103819582166416, 0.0], [-120.9266682390664, 38.10377674883267, 0.0], [-120.92654670329668, 38.103753146131716, 0.0], [-120.92642567238012, 38.10371166926148, 0.0], [-120.92638617076214, 38.10366805476183, 0.0], [-120.92648872602824, 38.1035625733048, 0.0]]]]}}, {"type": "Feature", "properties": {"Symb_class": "V", "Crop2016": "Grapes", "County": "Calaveras", "Acres": 1.81192253, "SUBCLASS2": "**"}, "geometry": {"type": "MultiPolygon", "coordinates": [[[[-120.48303471767606, 38.154962807895245, 0.0], [-120.4831565480932, 38.154898086165524, 0.0], [-120.48342685475546, 38.154844785915905, 0.0], [-120.4835296471768, 38.15486001415898, 0.0], [-120.48353517361241, 38.154915283090176, 0.0], [-120.48350854125918, 38.15493615815213, 0.0], [-120.48348015359787, 38.15493615815213, 0.0], [-120.4833887832554, 38.15501610805855, 0.0], [-120.48341923973679, 38.15511128606796, 0.0], [-120.48334228196472, 38.15530368103429, 0.0], [-120.48322765334119, 38.15555021020544, 0.0], [-120.48277555641154, 38.15566620868611, 0.0], [-120.48271904429534, 38.15572569619216, 0.0], [-120.48269822404198, 38.15574948906191, 0.0], [-120.4822844761918, 38.15587076102091, 0.0], [-120.48222827938424, 38.15584169368735, 0.0], [-120.48218961499612, 38.15577625929801, 0.0], [-120.48195748673342, 38.15545268829718, 0.0], [-120.48206389756872, 38.155419663660346, 0.0], [-120.48233420512929, 38.15531306317824, 0.0], [-120.48243319228709, 38.15526357133094, 0.0], [-120.48250552822702, 38.15520265726389, 0.0], [-120.48266161859246, 38.15514935723688, 0.0], [-120.48298903385228, 38.15503894966195, 0.0], [-120.48303471767606, 38.154962807895245, 0.0]]]]}}, {"type": "Feature", "properties": {"Symb_class": "D", "Crop2016": "Miscellaneous Deciduous", "County": "Calaveras", "Acres": 9.89992659, "SUBCLASS2": "10"}, "geometry": {"type": "MultiPolygon", "coordinates": [[[[-120.93417145879953, 38.18217857392997, 0.0], [-120.93424090396087, 38.182126152267216, 0.0], [-120.9343009491511, 38.18213912934908, 0.0], [-120.93443130458027, 38.181801670804624, 0.0], [-120.93451605972902, 38.18120710730635, 0.0], [-120.93455098622726, 38.180772599856965, 0.0], [-120.93450555662672, 38.18050953564869, 0.0], [-120.93428549992483, 38.180547386657146, 0.0], [-120.93412197779703, 38.180455101001556, 0.0], [-120.93406734495638, 38.17998325397469, 0.0], [-120.93410174234695, 38.17983484622651, 0.0], [-120.93433271088458, 38.17967797574384, 0.0], [-120.93446404637575, 38.17957299673308, 0.0], [-120.93488527629393, 38.179374770188254, 0.0], [-120.93537855109791, 38.17928807715234, 0.0], [-120.93555024609819, 38.18216706982178, 0.0], [-120.93559911804289, 38.18244211509637, 0.0], [-120.935608685999, 38.18262706114729, 0.0], [-120.93542282995658, 38.18279068914765, 0.0], [-120.93514959298987, 38.182839526805765, 0.0], [-120.93400182183956, 38.18283721075308, 0.0], [-120.93390122759573, 38.18238839789676, 0.0], [-120.93392690234488, 38.1822815600493, 0.0], [-120.93419979974841, 38.18224463990099, 0.0], [-120.93417145879953, 38.18217857392997, 0.0]]]]}}, {"type": "Feature", "properties": {"Symb_class": "C", "Crop2016": "Olives", "County": "Calaveras", "Acres": 2.64912177, "SUBCLASS2": "6"}, "geometry": {"type": "MultiPolygon", "coordinates": [[[[-120.88617378236454, 38.14492533999177, 0.0], [-120.88611259721225, 38.14469177702495, 0.0], [-120.8859690329551, 38.144435867878855, 0.0], [-120.88594400589128, 38.144387732875344, 0.0], [-120.88577230999272, 38.14432205506932, 0.0], [-120.88573322788795, 38.144237904675784, 0.0], [-120.88576281210523, 38.144128167997, 0.0], [-120.88585051013483, 38.14409696309348, 0.0], [-120.88597438781251, 38.14398892319173, 0.0], [-120.88599942655443, 38.143905926113426, 0.0], [-120.88603877905209, 38.14385000875859, 0.0], [-120.88609587058164, 38.14383315611235, 0.0], [-120.88610342720982, 38.143702159754014, 0.0], [-120.88624306942242, 38.14370169276229, 0.0], [-120.88622771182432, 38.143841489885595, 0.0], [-120.88612509996436, 38.143866465059425, 0.0], [-120.8860904537405, 38.14402081484941, 0.0], [-120.8859916139064, 38.14404585919784, 0.0], [-120.88596732525774, 38.144364310736954, 0.0], [-120.88655307173876, 38.14433611274159, 0.0], [-120.88661038066061, 38.1437887728899, 0.0], [-120.88670587876184, 38.14374876918647, 0.0], [-120.88673014225768, 38.14369257900497, 0.0], [-120.88692618878864, 38.143699089336366, 0.0], [-120.88698867559982, 38.14375683874127, 0.0], [-120.88708296995854, 38.143758535029086, 0.0], [-120.88712735212349, 38.14405140090079, 0.0], [-120.88714610535332, 38.14431698390716, 0.0], [-120.88737944185009, 38.144339063736176, 0.0], [-120.88742461902403, 38.14434285615618, 0.0], [-120.8872418334233, 38.1446614378048, 0.0], [-120.8871478714412, 38.144778957704304, 0.0], [-120.88711168999652, 38.14485579397665, 0.0], [-120.88709934265293, 38.144891334937626, 0.0], [-120.88632122824204, 38.144916073787414, 0.0], [-120.88625531076478, 38.144846339839305, 0.0], [-120.88621527195426, 38.14492608674211, 0.0], [-120.88617378236454, 38.14492533999177, 0.0]]]]}}, {"type": "Feature", "properties": {"Symb_class": "C", "Crop2016": "Olives", "County": "Calaveras", "Acres": 5.11937894, "SUBCLASS2": "6"}, "geometry": {"type": "MultiPolygon", "coordinates": [[[[-120.92013829184135, 38.11068341200592, 0.0], [-120.92013229468851, 38.11068660114337, 0.0], [-120.92004953020643, 38.11068723374045, 0.0], [-120.92001432972204, 38.110773189140325, 0.0], [-120.92005123161559, 38.11091153605593, 0.0], [-120.92000343405594, 38.11097669685778, 0.0], [-120.91993939315932, 38.11110669598244, 0.0], [-120.91955449829776, 38.111111799845, 0.0], [-120.91923026217573, 38.11110605702777, 0.0], [-120.91905683432529, 38.11110298382521, 0.0], [-120.91889831761027, 38.11110613477668, 0.0], [-120.91886595670047, 38.11118305032234, 0.0], [-120.91883495134846, 38.111212302960844, 0.0], [-120.91869202309854, 38.111197848750656, 0.0], [-120.91860187536315, 38.11118433035078, 0.0], [-120.91847335070048, 38.11119397403228, 0.0], [-120.9184277719796, 38.111205087165004, 0.0], [-120.91840667324854, 38.11115106727334, 0.0], [-120.91840425228885, 38.11017348396009, 0.0], [-120.9183969516805, 38.109899166227144, 0.0], [-120.91938522785046, 38.109898795853475, 0.0], [-120.91943249899735, 38.10982810675265, 0.0], [-120.91959101301742, 38.109824955039215, 0.0], [-120.91965667806808, 38.10990360505648, 0.0], [-120.9197929075809, 38.109888137007324, 0.0], [-120.91978739641664, 38.109816510651825, 0.0], [-120.91987084631326, 38.10980010887383, 0.0], [-120.91995373925444, 38.10980543618301, 0.0], [-120.92018891999246, 38.1100971101876, 0.0], [-120.92013829184135, 38.11068341200592, 0.0]]]]}}, {"type": "Feature", "properties": {"Symb_class": "YP", "Crop2016": "Young Perennials", "County": "Calaveras", "Acres": 0.39854195, "SUBCLASS2": "**"}, "geometry": {"type": "MultiPolygon", "coordinates": [[[[-120.48171831028905, 38.23684931711428, 0.0], [-120.4817209531326, 38.23727557467648, 0.0], [-120.48126854538583, 38.23727738168141, 0.0], [-120.481259479588, 38.23704535369495, 0.0], [-120.48140324237278, 38.23704478005198, 0.0], [-120.48140957819051, 38.236854343736034, 0.0], [-120.48171831028905, 38.23684931711428, 0.0]]]]}}, {"type": "Feature", "properties": {"Symb_class": "P", "Crop2016": "Mixed Pasture", "County": "Calaveras", "Acres": 9.69078927, "SUBCLASS2": "3"}, "geometry": {"type": "MultiPolygon", "coordinates": [[[[-120.4748860835641, 38.08536928572387, 0.0], [-120.47490167382588, 38.08534164967796, 0.0], [-120.47509583838635, 38.08517604035147, 0.0], [-120.47520434139793, 38.085113221654794, 0.0], [-120.47532426469174, 38.08506753568169, 0.0], [-120.47540421475203, 38.085056115244555, 0.0], [-120.47541563683083, 38.08497045483847, 0.0], [-120.47560409080106, 38.08490192573433, 0.0], [-120.47567710496904, 38.0848958421744, 0.0], [-120.47574114766225, 38.084890503857174, 0.0], [-120.47585536126412, 38.084890505271275, 0.0], [-120.4759524430952, 38.084850530101406, 0.0], [-120.47592388924555, 38.084724894215846, 0.0], [-120.47590454761921, 38.08465827324766, 0.0], [-120.47587249393322, 38.084547862975775, 0.0], [-120.47590601816131, 38.084553226772364, 0.0], [-120.4760152613847, 38.08457070471417, 0.0], [-120.47620371355826, 38.08450788691148, 0.0], [-120.47631792895675, 38.08451930884841, 0.0], [-120.47645498581795, 38.08454215200977, 0.0], [-120.47654635795708, 38.08459354785946, 0.0], [-120.4766948351005, 38.08459925882146, 0.0], [-120.47673481013064, 38.08449646567986, 0.0], [-120.47667199273944, 38.08440509434843, 0.0], [-120.47658062060034, 38.0843993826642, 0.0], [-120.47654635705875, 38.08437082989295, 0.0], [-120.47654635705875, 38.0842280630411, 0.0], [-120.4764949608481, 38.084233774031645, 0.0], [-120.4763236386487, 38.08423377332456, 0.0], [-120.47623797979477, 38.08428516868397, 0.0], [-120.47611234321575, 38.08436512032727, 0.0], [-120.47598670843338, 38.08429087967005, 0.0], [-120.47610092113692, 38.08417095593948, 0.0], [-120.47614089796367, 38.084079584908345, 0.0], [-120.4760894999564, 38.08396536972145, 0.0], [-120.47610350020011, 38.08395136971725, 0.0], [-120.47612376439626, 38.083931105766965, 0.0], [-120.4762436885884, 38.083891132193685, 0.0], [-120.47634648190804, 38.08393681678071, 0.0], [-120.47644234472527, 38.08400448416353, 0.0], [-120.47644356463744, 38.08400534466826, 0.0], [-120.4764468776242, 38.08400519476931, 0.0], [-120.47656920031814, 38.08399963507404, 0.0], [-120.4766605706606, 38.08390826312172, 0.0], [-120.47676907457051, 38.08392539475278, 0.0], [-120.47680904870235, 38.084028187990256, 0.0], [-120.47688524829633, 38.0840739078451, 0.0], [-120.47689470935289, 38.084079584908345, 0.0], [-120.47704318829295, 38.084108137793336, 0.0], [-120.47711544967271, 38.08410999102237, 0.0], [-120.47726590670302, 38.08411384879324, 0.0], [-120.47735000159004, 38.084146755089414, 0.0], [-120.47739725207568, 38.08416524423695, 0.0], [-120.47712884894351, 38.08421664105869, 0.0], [-120.47672910043869, 38.08422806233401, 0.0], [-120.4766605706606, 38.08434798809216, 0.0], [-120.47679762842014, 38.084433647813384, 0.0], [-120.47695752674407, 38.084347986678004, 0.0], [-120.47694610736018, 38.084513597880175, 0.0], [-120.47706032096202, 38.08450788691148, 0.0], [-120.47714027012402, 38.084485045153464, 0.0], [-120.47732301440227, 38.084462201267186, 0.0], [-120.47740867325616, 38.08438225185128, 0.0], [-120.4775457301174, 38.08434798809216, 0.0], [-120.47765423492561, 38.084365118913105, 0.0], [-120.47772847259901, 38.084473623211245, 0.0], [-120.47788266212933, 38.084479332768446, 0.0], [-120.47800258632144, 38.08450217664943, 0.0], [-120.4781681979306, 38.08450788832558, 0.0], [-120.47835665010417, 38.08454215200977, 0.0], [-120.47828812302102, 38.08467920800007, 0.0], [-120.47831096538205, 38.084764868747385, 0.0], [-120.47825956827309, 38.08486766221875, 0.0], [-120.47826527886335, 38.08498187599606, 0.0], [-120.47831667597234, 38.08514177625728, 0.0], [-120.47843088867587, 38.08531309586054, 0.0], [-120.47831667687065, 38.08537020419123, 0.0], [-120.47808253728005, 38.08545586412894, 0.0], [-120.47791121597895, 38.08541588997521, 0.0], [-120.47777986880966, 38.085524394127994, 0.0], [-120.4777170523168, 38.08559292194166, 0.0], [-120.47759712722639, 38.085587211057295, 0.0], [-120.47740867325616, 38.085575789287205, 0.0], [-120.47726019611277, 38.0857071360001, 0.0], [-120.47711552333458, 38.08574330321778, 0.0], [-120.47708887301506, 38.085849902791956, 0.0], [-120.47689471025122, 38.08598696128012, 0.0], [-120.47665486096867, 38.086015512713146, 0.0], [-120.47635219339662, 38.08602122427113, 0.0], [-120.47623797889644, 38.08602122427113, 0.0], [-120.47586678334294, 38.086038356821206, 0.0], [-120.4755983802108, 38.08605548866021, 0.0], [-120.47544419157879, 38.08591843171465, 0.0], [-120.47554127340986, 38.0859127208557, 0.0], [-120.47558695813196, 38.085849904206086, 0.0], [-120.4754384791919, 38.08574710999459, 0.0], [-120.47522718375899, 38.085701425124654, 0.0], [-120.4750844172058, 38.085855613655816, 0.0], [-120.47501588742776, 38.08576424331597, 0.0], [-120.47477603904352, 38.08581563901364, 0.0], [-120.47477603724688, 38.085735688956554, 0.0], [-120.4747760381452, 38.0855643682224, 0.0], [-120.4748860835641, 38.08536928572387, 0.0]], [[-120.47695943296911, 38.08511893328327, 0.0], [-120.47712694541342, 38.08522172625678, 0.0], [-120.47705841743196, 38.085347361288584, 0.0], [-120.47727542525179, 38.08547680289532, 0.0], [-120.47781097297641, 38.085219885075915, 0.0], [-120.47784649415937, 38.08506943979475, 0.0], [-120.47765613665908, 38.085046596798136, 0.0], [-120.47740867325616, 38.08503898175722, 0.0], [-120.47719928225166, 38.08508847597337, 0.0], [-120.47708887391335, 38.08507705412542, 0.0], [-120.47688328907067, 38.08503898175722, 0.0], [-120.47653303234817, 38.084962839789675, 0.0], [-120.47667008920936, 38.08501233335031, 0.0], [-120.47695943296911, 38.08511893328327, 0.0]]]]}}, {"type": "Feature", "properties": {"Symb_class": "V", "Crop2016": "Grapes", "County": "Calaveras", "Acres": 1.80985693, "SUBCLASS2": "**"}, "geometry": {"type": "MultiPolygon", "coordinates": [[[[-120.66017250333677, 38.09459602500066, 0.0], [-120.6602772001865, 38.094617439766196, 0.0], [-120.66027481965102, 38.094638855939465, 0.0], [-120.66017964314668, 38.094762587893605, 0.0], [-120.66012253634571, 38.09477448472356, 0.0], [-120.66004877118615, 38.09478400190341, 0.0], [-120.65995835215958, 38.09478638225861, 0.0], [-120.65990600373469, 38.09476972471927, 0.0], [-120.65985603494701, 38.094757829302445, 0.0], [-120.65977751410634, 38.09476496683555, 0.0], [-120.65967995526988, 38.09478876190677, 0.0], [-120.65959191498213, 38.0948101759089, 0.0], [-120.65952767016795, 38.094824453792114, 0.0], [-120.65929448279157, 38.094819693791024, 0.0], [-120.65921833979144, 38.09477686507908, 0.0], [-120.65913981715414, 38.0946983422917, 0.0], [-120.65903750083991, 38.09461506081944, 0.0], [-120.65899704970269, 38.094548434724985, 0.0], [-120.65906367505234, 38.09454367682685, 0.0], [-120.65932303664118, 38.0945508157948, 0.0], [-120.6593349330305, 38.09450560514709, 0.0], [-120.6593349339288, 38.094469913813015, 0.0], [-120.65932065700399, 38.09445087866336, 0.0], [-120.65899229222492, 38.09444611793101, 0.0], [-120.65893994290172, 38.09443660212118, 0.0], [-120.6588257292999, 38.094320007898716, 0.0], [-120.65876624196345, 38.09425100399054, 0.0], [-120.65874006775101, 38.094186757938935, 0.0], [-120.6587947958131, 38.094170101676895, 0.0], [-120.65906843432673, 38.09416058371018, 0.0], [-120.6591247389321, 38.094152266181226, 0.0], [-120.65914457732683, 38.09410585626116, 0.0], [-120.65938252307929, 38.094072543696356, 0.0], [-120.65953004890683, 38.094072543696356, 0.0], [-120.65986079511973, 38.09408919998069, 0.0], [-120.65997976799596, 38.094120132868, 0.0], [-120.66009160196062, 38.09417248134512, 0.0], [-120.6601210882615, 38.094218814869954, 0.0], [-120.66010295037759, 38.094454205661464, 0.0], [-120.66008544580596, 38.094470518978724, 0.0], [-120.65987724417087, 38.09446754475899, 0.0], [-120.65987724417087, 38.09458107616005, 0.0], [-120.66017250333677, 38.09459602500066, 0.0]]]]}}, {"type": "Feature", "properties": {"Symb_class": "P", "Crop2016": "Mixed Pasture", "County": "Calaveras", "Acres": 0.6788337, "SUBCLASS2": "3"}, "geometry": {"type": "MultiPolygon", "coordinates": [[[[-120.5032881628179, 38.0368908259217, 0.0], [-120.50282416770229, 38.036640983255694, 0.0], [-120.50259216969532, 38.03642683111431, 0.0], [-120.50258503078375, 38.0363804312596, 0.0], [-120.50259573870196, 38.03633046329543, 0.0], [-120.50264927739457, 38.03627692509179, 0.0], [-120.50295265822895, 38.0364589529849, 0.0], [-120.50296336524882, 38.036494645036306, 0.0], [-120.50296336614713, 38.03658387508866, 0.0], [-120.5029847810852, 38.036655259759826, 0.0], [-120.50304188788614, 38.03668381205228, 0.0], [-120.50314896257642, 38.036673105739894, 0.0], [-120.50318822524255, 38.03664098184062, 0.0], [-120.50325960896826, 38.03661599830544, 0.0], [-120.50328459201465, 38.03661599901299, 0.0], [-120.5033559766387, 38.036644552028235, 0.0], [-120.50343092937104, 38.03667667380332, 0.0], [-120.50351659091993, 38.036698089255594, 0.0], [-120.50354871287784, 38.0366481208006, 0.0], [-120.50361652759696, 38.036591013346666, 0.0], [-120.50369148122765, 38.036576736829964, 0.0], [-120.5037949869113, 38.03659458282917, 0.0], [-120.50384138579406, 38.0366481208006, 0.0], [-120.50384495480068, 38.036712365748635, 0.0], [-120.50382710976754, 38.036740920141334, 0.0], [-120.50376286405506, 38.03678375029455, 0.0], [-120.50370575725412, 38.036801596243265, 0.0], [-120.50367720430285, 38.0368479958311, 0.0], [-120.50365935657479, 38.0368908259217, 0.0], [-120.50363794163671, 38.03693722474547, 0.0], [-120.50360938868539, 38.036983624954914, 0.0], [-120.50355942079605, 38.03698719371075, 0.0], [-120.50351302101498, 38.03698719371075, 0.0], [-120.5032881628179, 38.0368908259217, 0.0]]]]}}, {"type": "Feature", "properties": {"Symb_class": "D", "Crop2016": "Walnuts", "County": "Calaveras", "Acres": 26.08262223, "SUBCLASS2": "13"}, "geometry": {"type": "MultiPolygon", "coordinates": [[[[-120.90741041472026, 38.07213614073812, 0.0], [-120.90735453861127, 38.07198017016094, 0.0], [-120.90727965864244, 38.071460115910234, 0.0], [-120.90701466641339, 38.06961966365262, 0.0], [-120.90716107563505, 38.06950901992532, 0.0], [-120.9077008876623, 38.06935173681831, 0.0], [-120.90805042932588, 38.06925663015864, 0.0], [-120.90859658525571, 38.06914118106917, 0.0], [-120.90920166887152, 38.06907446315922, 0.0], [-120.90977694728451, 38.06899528900111, 0.0], [-120.91009396813817, 38.06898304709799, 0.0], [-120.91034849589245, 38.06904718092743, 0.0], [-120.91050268182951, 38.06919297883262, 0.0], [-120.91062926792777, 38.06924887627409, 0.0], [-120.91071676383643, 38.06928301627369, 0.0], [-120.90934285169482, 38.072729263076766, 0.0], [-120.9090603162666, 38.073437914321524, 0.0], [-120.90897060870572, 38.07348122085462, 0.0], [-120.90882123773858, 38.073430877953335, 0.0], [-120.90861259503068, 38.07334371532805, 0.0], [-120.90836626889495, 38.073255880783265, 0.0], [-120.90812079166714, 38.07313825778344, 0.0], [-120.90783179735205, 38.07296025299558, 0.0], [-120.90763907818088, 38.07284356865329, 0.0], [-120.90755067766872, 38.0727704661716, 0.0], [-120.90745128267578, 38.07255411289125, 0.0], [-120.90741041472026, 38.07213614073812, 0.0]]]]}}, {"type": "Feature", "properties": {"Symb_class": "C", "Crop2016": "Olives", "County": "Calaveras", "Acres": 1.5492567, "SUBCLASS2": "6"}, "geometry": {"type": "MultiPolygon", "coordinates": [[[[-120.90387519193763, 38.13164017902591, 0.0], [-120.9036330726124, 38.131613433849296, 0.0], [-120.90310278182879, 38.131750703982455, 0.0], [-120.90286066340185, 38.13172395813978, 0.0], [-120.90237711465744, 38.13172758374914, 0.0], [-120.90226889281854, 38.13177599773542, 0.0], [-120.90187031032697, 38.13180754707995, 0.0], [-120.90181908120294, 38.131569912324636, 0.0], [-120.90184164867954, 38.13143645190094, 0.0], [-120.90226406078064, 38.131376161660626, 0.0], [-120.9027234277759, 38.13137271833977, 0.0], [-120.90338911084245, 38.13143437092995, 0.0], [-120.90396971177351, 38.13145857519793, 0.0], [-120.90387519193763, 38.13164017902591, 0.0]]]]}}, {"type": "Feature", "properties": {"Symb_class": "D", "Crop2016": "Walnuts", "County": "Calaveras", "Acres": 26.80226834, "SUBCLASS2": "13"}, "geometry": {"type": "MultiPolygon", "coordinates": [[[[-120.54781679895049, 38.397549877804195, 0.0], [-120.54782372406302, 38.397638448655144, 0.0], [-120.54781250230849, 38.397762269968105, 0.0], [-120.54765555405194, 38.397867711101696, 0.0], [-120.54758360169265, 38.397982286082495, 0.0], [-120.54760884704707, 38.398115463261746, 0.0], [-120.54760961690326, 38.39822018789069, 0.0], [-120.54738001380485, 38.39834499876333, 0.0], [-120.54737782461049, 38.3983632399174, 0.0], [-120.54736858184452, 38.39844025893302, 0.0], [-120.54745385891445, 38.39848747676794, 0.0], [-120.54739487822785, 38.39871624300664, 0.0], [-120.54740820114183, 38.398878036334494, 0.0], [-120.5471108722575, 38.39914162108355, 0.0], [-120.54699779771944, 38.39916551877274, 0.0], [-120.54669455612392, 38.39917641194865, 0.0], [-120.54640309593337, 38.39913964773742, 0.0], [-120.54566266405202, 38.39909538999758, 0.0], [-120.54555368134005, 38.399124443888596, 0.0], [-120.54523760820902, 38.39904018412285, 0.0], [-120.544677841006, 38.398814208922204, 0.0], [-120.54430082975938, 38.39869213889211, 0.0], [-120.5441180773963, 38.398588233015175, 0.0], [-120.54392319328531, 38.398484381902385, 0.0], [-120.54375299218339, 38.3984375442357, 0.0], [-120.54361918812181, 38.39839054179816, 0.0], [-120.54337667892769, 38.39841067393654, 0.0], [-120.54325584114893, 38.39847786409814, 0.0], [-120.54303864019134, 38.39864069427263, 0.0], [-120.54283363925362, 38.39881298886359, 0.0], [-120.5425204182736, 38.39911906101006, 0.0], [-120.54243604490887, 38.39919560612464, 0.0], [-120.54167141960028, 38.39916095395918, 0.0], [-120.5417062921996, 38.398951339719765, 0.0], [-120.54173007240179, 38.39888458719133, 0.0], [-120.54174040212925, 38.398637000999095, 0.0], [-120.54165360331324, 38.39838032929081, 0.0], [-120.54156867658627, 38.39838070875733, 0.0], [-120.54148312642849, 38.39829540617457, 0.0], [-120.54148832857233, 38.39734330311783, 0.0], [-120.54168279137345, 38.39739003518501, 0.0], [-120.54168819743484, 38.398132632248185, 0.0], [-120.54197715491901, 38.39782667068145, 0.0], [-120.5418543749826, 38.39762728630922, 0.0], [-120.54176931081341, 38.397608624665295, 0.0], [-120.5417686873826, 38.39752294099646, 0.0], [-120.54176792471291, 38.39741821606146, 0.0], [-120.54191351107775, 38.3974175627226, 0.0], [-120.54192605964397, 38.39747463128754, 0.0], [-120.54198672018015, 38.39747435882855, 0.0], [-120.54208259916703, 38.39731207517049, 0.0], [-120.54208169725852, 38.39718830870494, 0.0], [-120.54221438830744, 38.39708298415383, 0.0], [-120.54217632668886, 38.39685465699262, 0.0], [-120.54195801810852, 38.396865156961496, 0.0], [-120.54193479396346, 38.39700807297496, 0.0], [-120.54176445811423, 38.39694219094981, 0.0], [-120.54177534210223, 38.396770767720106, 0.0], [-120.5416765516755, 38.39653319133589, 0.0], [-120.541773261604, 38.39648515413238, 0.0], [-120.5423677343197, 38.39648248582815, 0.0], [-120.54250285261654, 38.39671037907061, 0.0], [-120.54278244696049, 38.39678528985389, 0.0], [-120.54301295735735, 38.396784254218275, 0.0], [-120.54335279541925, 38.396801767089904, 0.0], [-120.54354732739064, 38.39685801734891, 0.0], [-120.54371731559183, 38.396876294079846, 0.0], [-120.54396065393097, 38.39697040720246, 0.0], [-120.54414298408585, 38.39701718879298, 0.0], [-120.54441100723066, 38.39716831421634, 0.0], [-120.5445825297544, 38.39739604125812, 0.0], [-120.5448023052836, 38.39758546569018, 0.0], [-120.54492467289327, 38.39772772623964, 0.0], [-120.54515525605368, 38.397736206231556, 0.0], [-120.54527553058874, 38.397592852344474, 0.0], [-120.54542084027246, 38.397554113234534, 0.0], [-120.54568718985588, 38.39747674407675, 0.0], [-120.54598979724081, 38.39738016821475, 0.0], [-120.54620768810456, 38.39731253771821, 0.0], [-120.54643659141536, 38.39709252519782, 0.0], [-120.54652046711345, 38.39694933266617, 0.0], [-120.54656836618271, 38.39686342926123, 0.0], [-120.5467244053442, 38.396634224177056, 0.0], [-120.54699103071042, 38.3965949339965, 0.0], [-120.54705169214493, 38.39659465871805, 0.0], [-120.54728220074513, 38.396593615335256, 0.0], [-120.54744075878268, 38.39670714613791, 0.0], [-120.54770920683062, 38.396915386977994, 0.0], [-120.54778200001302, 38.396915056786135, 0.0], [-120.54778284083613, 38.397029303085326, 0.0], [-120.54766306127277, 38.397239303778285, 0.0], [-120.54751817559386, 38.39733516875847, 0.0], [-120.54738542166285, 38.3974309779932, 0.0], [-120.54743472120565, 38.39753548325298, 0.0], [-120.5475925803539, 38.39755380979863, 0.0], [-120.54777463382771, 38.39756250524341, 0.0], [-120.54781679895049, 38.397549877804195, 0.0]]]]}}, {"type": "Feature", "properties": {"Symb_class": "V", "Crop2016": "Grapes", "County": "Calaveras", "Acres": 1.19795512, "SUBCLASS2": "**"}, "geometry": {"type": "MultiPolygon", "coordinates": [[[[-120.60195746162378, 38.17937427729753, 0.0], [-120.60205026208422, 38.17937070913566, 0.0], [-120.60218589242074, 38.179388554180086, 0.0], [-120.60231795195405, 38.17942067821487, 0.0], [-120.60233222798053, 38.17947778427977, 0.0], [-120.60235364291859, 38.179509906156746, 0.0], [-120.60235364291859, 38.17963126004976, 0.0], [-120.60235721192521, 38.17972405870311, 0.0], [-120.60229653701597, 38.179852549222616, 0.0], [-120.60226084425481, 38.17990965706746, 0.0], [-120.6021073679868, 38.18000959374628, 0.0], [-120.6019717394469, 38.180055992846775, 0.0], [-120.6019182016526, 38.18008454634199, 0.0], [-120.6015470060991, 38.180095254959035, 0.0], [-120.60147919138001, 38.18008454704813, 0.0], [-120.60151845224948, 38.17963126004976, 0.0], [-120.60155414501067, 38.17958485997263, 0.0], [-120.60160411200172, 38.179556306987756, 0.0], [-120.60168977265226, 38.179517045291234, 0.0], [-120.60178971112595, 38.179456368981064, 0.0], [-120.60182540298882, 38.17940996879256, 0.0], [-120.6018646638583, 38.179388554886245, 0.0], [-120.60195746162378, 38.17937427729753, 0.0]]]]}}, {"type": "Feature", "properties": {"Symb_class": "V", "Crop2016": "Grapes", "County": "Calaveras", "Acres": 9.05083673, "SUBCLASS2": "**"}, "geometry": {"type": "MultiPolygon", "coordinates": [[[[-120.43540441895463, 38.128271507703055, 0.0], [-120.43518360407464, 38.12827150911632, 0.0], [-120.43503512603291, 38.12834384379922, 0.0], [-120.4350046686532, 38.12841237314986, 0.0], [-120.43468106225019, 38.12850755195085, 0.0], [-120.43392724996266, 38.12793267270441, 0.0], [-120.43391202172198, 38.127890794763324, 0.0], [-120.43489045594966, 38.127597644969576, 0.0], [-120.43490187802848, 38.127689016707905, 0.0], [-120.43640189027983, 38.12727403801806, 0.0], [-120.4364894517655, 38.12752531025386, 0.0], [-120.43647803238159, 38.12791363708688, 0.0], [-120.43645518912224, 38.128084958879185, 0.0], [-120.43645518912224, 38.128347651183354, 0.0], [-120.43655036742324, 38.12883115767395, 0.0], [-120.43662270336317, 38.12908242878982, 0.0], [-120.43678260258544, 38.12940984211965, 0.0], [-120.43688920386356, 38.129619235000604, 0.0], [-120.43698438126624, 38.12976009925985, 0.0], [-120.43711763106728, 38.12997710714775, 0.0], [-120.4372051952479, 38.13009512696269, 0.0], [-120.43664173866405, 38.13027786972576, 0.0], [-120.43599452585802, 38.1302321837246, 0.0], [-120.43576990391787, 38.13014462104672, 0.0], [-120.43570899005677, 38.13000756270716, 0.0], [-120.43563665501514, 38.12968776386048, 0.0], [-120.43557574025573, 38.12940603479092, 0.0], [-120.43566330533469, 38.129371770943415, 0.0], [-120.43565949737618, 38.12932227774864, 0.0], [-120.43562142677443, 38.12913192214717, 0.0], [-120.43598691083936, 38.129040550095034, 0.0], [-120.4359526472978, 38.128918721220806, 0.0], [-120.43601736732074, 38.128880651201726, 0.0], [-120.4358308195756, 38.128530392668154, 0.0], [-120.43576990391787, 38.12841998720412, 0.0], [-120.43563284705664, 38.12832480828896, 0.0], [-120.43540441895463, 38.128271507703055, 0.0]]]]}}, {"type": "Feature", "properties": {"Symb_class": "V", "Crop2016": "Grapes", "County": "Calaveras", "Acres": 1.10861782, "SUBCLASS2": "**"}, "geometry": {"type": "MultiPolygon", "coordinates": [[[[-120.65945368761611, 38.09241043528687, 0.0], [-120.65938328664727, 38.09232579732184, 0.0], [-120.65940682340603, 38.092286391102924, 0.0], [-120.65942400278753, 38.09225762295193, 0.0], [-120.65931288028855, 38.09214205534047, 0.0], [-120.65932779411892, 38.09213566201363, 0.0], [-120.65937538416772, 38.092126143781975, 0.0], [-120.65959429372099, 38.091997652835666, 0.0], [-120.65960694918674, 38.09196889588291, 0.0], [-120.6599353840344, 38.091791571106725, 0.0], [-120.66003504762358, 38.091793152654894, 0.0], [-120.66015307008222, 38.0919302098983, 0.0], [-120.66017971860514, 38.09208820587842, 0.0], [-120.66016829832293, 38.092122470251816, 0.0], [-120.65989989519076, 38.09220051575962, 0.0], [-120.65977373130069, 38.09225413607397, 0.0], [-120.65978187363044, 38.0922785633051, 0.0], [-120.65985040161189, 38.09232615223082, 0.0], [-120.65995129229975, 38.09233947686995, 0.0], [-120.66001410969095, 38.09235851327645, 0.0], [-120.66009596328131, 38.09238896967838, 0.0], [-120.66025586160525, 38.09259455483182, 0.0], [-120.66025966866542, 38.09261359117188, 0.0], [-120.65995129229975, 38.09279823690923, 0.0], [-120.65991314174795, 38.09279239367448, 0.0], [-120.65983224127008, 38.09265438432253, 0.0], [-120.65975609916828, 38.092523515289955, 0.0], [-120.65971326839387, 38.09249258101996, 0.0], [-120.65966567924337, 38.09248068523246, 0.0], [-120.6596237395977, 38.09246437500608, 0.0], [-120.65957819321616, 38.09240039109098, 0.0], [-120.65953475697722, 38.09241404234557, 0.0], [-120.65951339414144, 38.09240692084363, 0.0], [-120.65945866607942, 38.0924116802948, 0.0], [-120.65945368761611, 38.09241043528687, 0.0]]]]}}, {"type": "Feature", "properties": {"Symb_class": "V", "Crop2016": "Grapes", "County": "Calaveras", "Acres": 2.3756129, "SUBCLASS2": "**"}, "geometry": {"type": "MultiPolygon", "coordinates": [[[[-120.62964640700106, 38.04575427467723, 0.0], [-120.62976545174249, 38.045551340922266, 0.0], [-120.62999125766223, 38.04547875519554, 0.0], [-120.63023155430575, 38.04533468926152, 0.0], [-120.63029112698213, 38.04523917077988, 0.0], [-120.63041117334514, 38.04515523801787, 0.0], [-120.63045645472367, 38.04515500102344, 0.0], [-120.6305622106871, 38.04516634633437, 0.0], [-120.63073195813982, 38.04560577928582, 0.0], [-120.63071826871322, 38.04577245871856, 0.0], [-120.63062971458913, 38.04601093566393, 0.0], [-120.63073738126921, 38.04624838392881, 0.0], [-120.63055715586702, 38.04635643400292, 0.0], [-120.63033225185585, 38.04653612212211, 0.0], [-120.63018211462578, 38.04663211430588, 0.0], [-120.6300611618627, 38.0466089459126, 0.0], [-120.62964640700106, 38.04575427467723, 0.0]], [[-120.6303819727085, 38.04545131984772, 0.0], [-120.63030408697675, 38.04552313095216, 0.0], [-120.63030476879804, 38.04560405171327, 0.0], [-120.63047394043068, 38.045617444997866, 0.0], [-120.63055838566062, 38.04560748209788, 0.0], [-120.63058189367331, 38.045531195088316, 0.0], [-120.6305631377485, 38.04545512872153, 0.0], [-120.6304844102953, 38.045426980969374, 0.0], [-120.6303819727085, 38.04545131984772, 0.0]]]]}}, {"type": "Feature", "properties": {"Symb_class": "P", "Crop2016": "Mixed Pasture", "County": "Calaveras", "Acres": 18.62465767, "SUBCLASS2": "3"}, "geometry": {"type": "MultiPolygon", "coordinates": [[[[-120.74755387860792, 38.04179413225569, 0.0], [-120.74755002573367, 38.04179598726425, 0.0], [-120.74736950658236, 38.0418566131919, 0.0], [-120.74619214043503, 38.04185202378272, 0.0], [-120.74598166965554, 38.04193663526445, 0.0], [-120.74562062686138, 38.04205788117675, 0.0], [-120.745242590637, 38.041988820880164, 0.0], [-120.74471267804417, 38.04182549406299, 0.0], [-120.74444183508768, 38.04191047487855, 0.0], [-120.74409517072796, 38.041960223962526, 0.0], [-120.74367399021712, 38.042105637909714, 0.0], [-120.74326813586332, 38.04227475831304, 0.0], [-120.74272632508453, 38.04243281487447, 0.0], [-120.74245464938981, 38.042434492998794, 0.0], [-120.74242440131755, 38.04242833232975, 0.0], [-120.74242316433741, 38.04230377888446, 0.0], [-120.74211846836945, 38.04202004323121, 0.0], [-120.74180834208559, 38.041188906668, 0.0], [-120.74177496787615, 38.04086779368025, 0.0], [-120.74171270833877, 38.04067776584474, 0.0], [-120.74169596194524, 38.04051125876181, 0.0], [-120.74169348259505, 38.0402613598201, 0.0], [-120.7416913571811, 38.04004716095812, 0.0], [-120.7416584563838, 38.03977364698283, 0.0], [-120.74191349438118, 38.03961736475043, 0.0], [-120.7420795111305, 38.03961634029111, 0.0], [-120.74245658705588, 38.03959021020626, 0.0], [-120.74277364743538, 38.039600154115064, 0.0], [-120.74303045511388, 38.03962236818685, 0.0], [-120.74311585525298, 38.0406214999085, 0.0], [-120.74317882805272, 38.040882926835025, 0.0], [-120.74328554162028, 38.04098937317341, 0.0], [-120.74357372475669, 38.04113039981232, 0.0], [-120.74371015100056, 38.04118906019206, 0.0], [-120.74395187416879, 38.041211365754826, 0.0], [-120.74402698141138, 38.04117519915767, 0.0], [-120.74420762183524, 38.041126478930934, 0.0], [-120.74441974910809, 38.04120847002226, 0.0], [-120.74452551764797, 38.04121971618945, 0.0], [-120.74473681757246, 38.04121840805144, 0.0], [-120.7448575592315, 38.0412176602408, 0.0], [-120.74506885915599, 38.04121635068776, 0.0], [-120.74528003870627, 38.041203141251444, 0.0], [-120.74553507400869, 38.04104685075004, 0.0], [-120.74589623088889, 38.04093750521449, 0.0], [-120.74600140564236, 38.04088924964872, 0.0], [-120.74604573301002, 38.04079376781699, 0.0], [-120.74630124082628, 38.040685077038546, 0.0], [-120.7464203179071, 38.040517728058205, 0.0], [-120.7465552008453, 38.040421683993635, 0.0], [-120.74684124778798, 38.04034850384037, 0.0], [-120.74699205605955, 38.04033566568113, 0.0], [-120.74706977739963, 38.040561296745025, 0.0], [-120.74704125678768, 38.040728083879735, 0.0], [-120.74711814808441, 38.04087041492116, 0.0], [-120.74727204925554, 38.04116697677267, 0.0], [-120.7474247619555, 38.04134453819967, 0.0], [-120.74754740804292, 38.041534187925045, 0.0], [-120.74754954962657, 38.041748386682244, 0.0], [-120.74755387860792, 38.04179413225569, 0.0]]]]}}, {"type": "Feature", "properties": {"Symb_class": "P", "Crop2016": "Mixed Pasture", "County": "Calaveras", "Acres": 14.85214502, "SUBCLASS2": "3"}, "geometry": {"type": "MultiPolygon", "coordinates": [[[[-120.53120409180622, 38.08657116432664, 0.0], [-120.53120093602462, 38.08657215277643, 0.0], [-120.53110095263519, 38.08656250230982, 0.0], [-120.53091122485392, 38.086641882998535, 0.0], [-120.53030715723268, 38.08707296704464, 0.0], [-120.53020824104182, 38.08718050787107, 0.0], [-120.5301456230766, 38.08729502983931, 0.0], [-120.53012881829258, 38.08748075168817, 0.0], [-120.530084169328, 38.0875737743469, 0.0], [-120.52997938174848, 38.08774437273239, 0.0], [-120.5299049060215, 38.08776565234078, 0.0], [-120.52981448609657, 38.087770412094216, 0.0], [-120.52961461274249, 38.08773710017716, 0.0], [-120.52951467516712, 38.08773710017716, 0.0], [-120.52942901271994, 38.0877418592254, 0.0], [-120.52927672941466, 38.08775613424714, 0.0], [-120.52913396106489, 38.08779420732139, 0.0], [-120.52860096186075, 38.087660956777434, 0.0], [-120.5285390948871, 38.08757053682916, 0.0], [-120.52848674825887, 38.08750391209073, 0.0], [-120.5282345246833, 38.08724217231765, 0.0], [-120.52818693463448, 38.08714223367779, 0.0], [-120.52818693643111, 38.086975671802605, 0.0], [-120.52824404233371, 38.08683290367395, 0.0], [-120.52858668493593, 38.08642839470097, 0.0], [-120.52882463158667, 38.086080994093464, 0.0], [-120.52906733661354, 38.08586208389362, 0.0], [-120.5291910678658, 38.085724074891026, 0.0], [-120.52932907694124, 38.085628896896964, 0.0], [-120.52942425614052, 38.08552895887993, 0.0], [-120.52949297636144, 38.085526938114654, 0.0], [-120.52950322793545, 38.08551634429757, 0.0], [-120.5296236650656, 38.085462260868276, 0.0], [-120.52968318743632, 38.08533704390498, 0.0], [-120.52973562209948, 38.085277310241445, 0.0], [-120.52983239221511, 38.085080523669255, 0.0], [-120.52996738025625, 38.08494902381243, 0.0], [-120.53004997585504, 38.08488320697796, 0.0], [-120.53012544332206, 38.08487692402492, 0.0], [-120.53025448361768, 38.08497155997502, 0.0], [-120.5302777706448, 38.08506071113638, 0.0], [-120.53026309127472, 38.085120278817826, 0.0], [-120.53031742587471, 38.085328299016204, 0.0], [-120.53029557525375, 38.08544145078205, 0.0], [-120.53024343703463, 38.08554283484739, 0.0], [-120.53010098040025, 38.085686270126295, 0.0], [-120.53001880611131, 38.08581158830709, 0.0], [-120.52994452172554, 38.08585436429394, 0.0], [-120.52994773679593, 38.08585732472306, 0.0], [-120.53007622732262, 38.08604292295513, 0.0], [-120.53036652239823, 38.085909674168484, 0.0], [-120.53043790522567, 38.085923950254994, 0.0], [-120.5304902527522, 38.085966781326086, 0.0], [-120.53059495139857, 38.08593346788017, 0.0], [-120.53063778037638, 38.085814494294844, 0.0], [-120.53084235910593, 38.085722233722805, 0.0], [-120.53073222834703, 38.08555433934809, 0.0], [-120.53070383529584, 38.08551105410548, 0.0], [-120.53038279987118, 38.08563568108712, 0.0], [-120.5302668920467, 38.08565578830589, 0.0], [-120.53025119758037, 38.08557255168105, 0.0], [-120.5303340060799, 38.0855364861949, 0.0], [-120.53034800991685, 38.08538171720382, 0.0], [-120.53034767215031, 38.08533411668647, 0.0], [-120.53035480118041, 38.08527458170395, 0.0], [-120.53033893872913, 38.08516754715652, 0.0], [-120.53032324516109, 38.08508431280404, 0.0], [-120.53038289239765, 38.08497694424527, 0.0], [-120.53056356516088, 38.08489879415755, 0.0], [-120.53081244969854, 38.08485604377294, 0.0], [-120.53098645965726, 38.08490287885358, 0.0], [-120.53100211100447, 38.08498016278721, 0.0], [-120.53095701557721, 38.085010113179614, 0.0], [-120.53085134585203, 38.08501652975563, 0.0], [-120.53085172583938, 38.08507008109833, 0.0], [-120.53092010829374, 38.08512928180822, 0.0], [-120.53097313404834, 38.08515284880784, 0.0], [-120.53104160004604, 38.085223949956344, 0.0], [-120.53113225263462, 38.08522949965974, 0.0], [-120.5312376286107, 38.08518143309136, 0.0], [-120.53129879669503, 38.08528826822808, 0.0], [-120.531269101985, 38.08535980267107, 0.0], [-120.53125990682975, 38.0853730182791, 0.0], [-120.53127547643025, 38.08538619075428, 0.0], [-120.53128975335508, 38.085467094305464, 0.0], [-120.5313420999833, 38.08552896029406, 0.0], [-120.53142300315612, 38.08552419968768, 0.0], [-120.53148486923142, 38.08558130785346, 0.0], [-120.53155625205883, 38.08554323716198, 0.0], [-120.53164191181106, 38.085609862273124, 0.0], [-120.53170377878469, 38.08559558471115, 0.0], [-120.53182275076261, 38.08577642372485, 0.0], [-120.53190841231145, 38.08575262925498, 0.0], [-120.53200834898851, 38.085876360696545, 0.0], [-120.53210828836049, 38.08593346788017, 0.0], [-120.53220822413923, 38.08598581585699, 0.0], [-120.53224629563928, 38.08609527085358, 0.0], [-120.5322700902145, 38.08620472568635, 0.0], [-120.53222725944009, 38.08623327986252, 0.0], [-120.53218918883834, 38.08628086989576, 0.0], [-120.53210828656388, 38.086376047748104, 0.0], [-120.53202738518767, 38.08636653018054, 0.0], [-120.53197027838677, 38.0863808068849, 0.0], [-120.53192744761233, 38.086442672100304, 0.0], [-120.53189889466101, 38.08649978025568, 0.0], [-120.5318846168379, 38.08655212782702, 0.0], [-120.5318417878601, 38.08656640378807, 0.0], [-120.53176564486, 38.0866235118468, 0.0], [-120.53173709101038, 38.0866806177398, 0.0], [-120.5317513679352, 38.08676627967737, 0.0], [-120.5316752258334, 38.08678531400007, 0.0], [-120.53160384120932, 38.08660923377573, 0.0], [-120.53155625205883, 38.086585440283976, 0.0], [-120.53147534978434, 38.08656640378807, 0.0], [-120.53132306378411, 38.086547368701325, 0.0], [-120.53120409180622, 38.08657116432664, 0.0]]]]}}, {"type": "Feature", "properties": {"Symb_class": "V", "Crop2016": "Grapes", "County": "Calaveras", "Acres": 7.62984549, "SUBCLASS2": "**"}, "geometry": {"type": "MultiPolygon", "coordinates": [[[[-120.4953547264205, 38.10731557900586, 0.0], [-120.49543681716611, 38.10730130214957, 0.0], [-120.49570450703594, 38.10740837921062, 0.0], [-120.49601859578851, 38.10761896118904, 0.0], [-120.49611139355397, 38.10769748281578, 0.0], [-120.49622560805413, 38.10775101966188, 0.0], [-120.49655397373154, 38.10788665026271, 0.0], [-120.49665391130688, 38.10802584873056, 0.0], [-120.49675027987564, 38.10803298708827, 0.0], [-120.49710006138938, 38.10816861575194, 0.0], [-120.49722498290942, 38.10822572318914, 0.0], [-120.49731421076997, 38.10827212272816, 0.0], [-120.49736417955765, 38.10837206074917, 0.0], [-120.49741414834533, 38.108454151078035, 0.0], [-120.4974641180313, 38.108504119981134, 0.0], [-120.49750694790743, 38.108529105126635, 0.0], [-120.49752479383886, 38.10857550376611, 0.0], [-120.49752122393393, 38.10861833428639, 0.0], [-120.49710006138938, 38.10924294171416, 0.0], [-120.49542967915285, 38.109221527700505, 0.0], [-120.49540469430985, 38.10920011297379, 0.0], [-120.49537257235191, 38.10915371331742, 0.0], [-120.4952369420154, 38.10873968670172, 0.0], [-120.49524051192031, 38.10868257895947, 0.0], [-120.49524051192031, 38.10861833499323, 0.0], [-120.49518697412603, 38.10844701417516, 0.0], [-120.49513700533836, 38.10824713890841, 0.0], [-120.49507632863248, 38.107983017862956, 0.0], [-120.49504777478286, 38.107740313144, 0.0], [-120.49508346664572, 38.107708190753605, 0.0], [-120.49524051192031, 38.10747976194582, 0.0], [-120.49530475673451, 38.107344132710075, 0.0], [-120.4953547264205, 38.10731557900586, 0.0]]]]}}, {"type": "Feature", "properties": {"Symb_class": "D", "Crop2016": "Walnuts", "County": "Calaveras", "Acres": 50.33072116, "SUBCLASS2": "13"}, "geometry": {"type": "MultiPolygon", "coordinates": [[[[-120.88467921480219, 38.09041722887936, 0.0], [-120.88468251161927, 38.09030284401313, 0.0], [-120.88515822525775, 38.09044015928093, 0.0], [-120.88596655001166, 38.09096970582162, 0.0], [-120.8872614822735, 38.092201813088465, 0.0], [-120.88836258863974, 38.09325160616682, 0.0], [-120.8886740426336, 38.094065461239516, 0.0], [-120.8885434868801, 38.094199016125316, 0.0], [-120.88857410865148, 38.094707409143474, 0.0], [-120.88843840734806, 38.09501968992036, 0.0], [-120.88827246875213, 38.095753436329495, 0.0], [-120.88821899563652, 38.09635330371171, 0.0], [-120.88823995063716, 38.0968829813207, 0.0], [-120.88814678096915, 38.09791844897266, 0.0], [-120.88813998790897, 38.098154367238664, 0.0], [-120.88805548069524, 38.09826013786226, 0.0], [-120.88782478614377, 38.098413349787904, 0.0], [-120.8874228196985, 38.098542021740094, 0.0], [-120.88662012109324, 38.09875646789227, 0.0], [-120.88640875020184, 38.09886710766273, 0.0], [-120.88626666277503, 38.09908628501436, 0.0], [-120.88618132731462, 38.09922065004901, 0.0], [-120.88604335866339, 38.09929684785764, 0.0], [-120.88582623585921, 38.09929293928269, 0.0], [-120.8857826522966, 38.09923493272589, 0.0], [-120.88565702739565, 38.099196908026194, 0.0], [-120.88530030998963, 38.09901166908502, 0.0], [-120.8850085713213, 38.098770376695185, 0.0], [-120.88483011110866, 38.09868132991294, 0.0], [-120.88477686257187, 38.09864460708814, 0.0], [-120.88429019667345, 38.09857146819064, 0.0], [-120.88400173505927, 38.0985305079725, 0.0], [-120.88396760985827, 38.09845836573307, 0.0], [-120.88401593832226, 38.098351945726115, 0.0], [-120.88423573810597, 38.09826292105584, 0.0], [-120.88436775092687, 38.09807932831794, 0.0], [-120.8846665207089, 38.09776283666397, 0.0], [-120.88490667991023, 38.097595497320356, 0.0], [-120.88497618885197, 38.09738216826289, 0.0], [-120.88520345094072, 38.09640633774525, 0.0], [-120.8851259496879, 38.096269042169226, 0.0], [-120.8851924106459, 38.09553350808879, 0.0], [-120.88545273522871, 38.09498028373996, 0.0], [-120.88553623183772, 38.09459554002054, 0.0], [-120.88553872466264, 38.09419503233868, 0.0], [-120.8853909167641, 38.0939849433143, 0.0], [-120.88551943783351, 38.093608162700065, 0.0], [-120.88586156031113, 38.09335682395807, 0.0], [-120.88606572132407, 38.093181680052815, 0.0], [-120.88611651386688, 38.092989471267295, 0.0], [-120.88636097779502, 38.0926719981899, 0.0], [-120.88651846593908, 38.092546082346026, 0.0], [-120.88650820089032, 38.09227409512532, 0.0], [-120.88628617328469, 38.09212704519666, 0.0], [-120.88575701797164, 38.09164544283787, 0.0], [-120.88533353238377, 38.09126587801551, 0.0], [-120.88492115895596, 38.09081498368323, 0.0], [-120.88475423760312, 38.0906403137444, 0.0], [-120.88467921480219, 38.09041722887936, 0.0]]]]}}, {"type": "Feature", "properties": {"Symb_class": "V", "Crop2016": "Grapes", "County": "Calaveras", "Acres": 1.68495859, "SUBCLASS2": "**"}, "geometry": {"type": "MultiPolygon", "coordinates": [[[[-120.47683574842921, 38.158101792282956, 0.0], [-120.47673580905723, 38.15804944512712, 0.0], [-120.47656924792882, 38.1580589618314, 0.0], [-120.4765597302784, 38.15800185522995, 0.0], [-120.47637889132687, 38.15796378484379, 0.0], [-120.47629798815407, 38.15795902613243, 0.0], [-120.47616949672909, 38.1578924013152, 0.0], [-120.47614570395045, 38.157835293170564, 0.0], [-120.47641220265423, 38.15780198000667, 0.0], [-120.47659780088014, 38.157773426964056, 0.0], [-120.47667394298193, 38.157768668240294, 0.0], [-120.47675008598203, 38.15781149815592, 0.0], [-120.4768547828318, 38.15778770313358, 0.0], [-120.47694996113275, 38.15774487320391, 0.0], [-120.47695947788488, 38.157702043249074, 0.0], [-120.4770832109338, 38.15771156070507, 0.0], [-120.47718790688523, 38.1577258368867, 0.0], [-120.47735922908464, 38.15771631872625, 0.0], [-120.47759717393879, 38.157659211856405, 0.0], [-120.47787795136396, 38.15766873073068, 0.0], [-120.47808258489076, 38.15767824889738, 0.0], [-120.47819204011653, 38.157702043249074, 0.0], [-120.47827294239104, 38.15772107886618, 0.0], [-120.47830625461671, 38.1576734901674, 0.0], [-120.47838715599289, 38.15766873073068, 0.0], [-120.47850612797079, 38.15769252508553, 0.0], [-120.47852040489562, 38.1577972212847, 0.0], [-120.47852516416998, 38.157897157911854, 0.0], [-120.47840619129377, 38.15791619418434, 0.0], [-120.47833004829364, 38.15794474929008, 0.0], [-120.47824438764309, 38.157997095814714, 0.0], [-120.47683574842921, 38.158101792282956, 0.0]]]]}}, {"type": "Feature", "properties": {"Symb_class": "YP", "Crop2016": "Young Perennials", "County": "Calaveras", "Acres": 11.81739356, "SUBCLASS2": "**"}, "geometry": {"type": "MultiPolygon", "coordinates": [[[[-120.93608907806347, 38.099426618930664, 0.0], [-120.9364169406843, 38.09955259926777, 0.0], [-120.93675279381956, 38.09959282795805, 0.0], [-120.93687186191721, 38.099691868754306, 0.0], [-120.93698222533976, 38.09981954099469, 0.0], [-120.9370217898398, 38.100083434236126, 0.0], [-120.93709671023285, 38.10027564698605, 0.0], [-120.93713475208848, 38.10041816194007, 0.0], [-120.93713824563665, 38.10069661676068, 0.0], [-120.9371599543238, 38.10098207172007, 0.0], [-120.93704482713528, 38.101197185098115, 0.0], [-120.93685773231613, 38.101455703032435, 0.0], [-120.93683358829621, 38.101698671096194, 0.0], [-120.93684444174148, 38.10184139817174, 0.0], [-120.93693686221457, 38.10198349017538, 0.0], [-120.9370387042183, 38.10215407118727, 0.0], [-120.93709442491877, 38.10226074579395, 0.0], [-120.93711738765406, 38.10264615887589, 0.0], [-120.9370464971034, 38.10277524114598, 0.0], [-120.93693917357979, 38.10289032610413, 0.0], [-120.93653393636859, 38.10310055705954, 0.0], [-120.93641683288645, 38.10315859306435, 0.0], [-120.93582693079897, 38.10309891708456, 0.0], [-120.9356179449346, 38.10305769927016, 0.0], [-120.93559212735336, 38.10027307311542, 0.0], [-120.9356823074281, 38.10023666778782, 0.0], [-120.93569417057974, 38.09973673475211, 0.0], [-120.93608907806347, 38.099426618930664, 0.0]]]]}}, {"type": "Feature", "properties": {"Symb_class": "V", "Crop2016": "Grapes", "County": "Calaveras", "Acres": 3.8037364, "SUBCLASS2": "**"}, "geometry": {"type": "MultiPolygon", "coordinates": [[[[-120.72528923130906, 38.06548262531802, 0.0], [-120.72447796816587, 38.06590165887283, 0.0], [-120.72354140082032, 38.0646077389453, 0.0], [-120.72424187563784, 38.06397516605581, 0.0], [-120.72528923130906, 38.06548262531802, 0.0]]]]}}, {"type": "Feature", "properties": {"Symb_class": "V", "Crop2016": "Grapes", "County": "Calaveras", "Acres": 1.81606771, "SUBCLASS2": "**"}, "geometry": {"type": "MultiPolygon", "coordinates": [[[[-120.5605066773351, 38.21848891772183, 0.0], [-120.5606780534334, 38.218745175969836, 0.0], [-120.56066645079319, 38.21881187501094, 0.0], [-120.56065513471555, 38.21891665419292, 0.0], [-120.56070505140096, 38.21911635331735, 0.0], [-120.5606821326831, 38.21928783066571, 0.0], [-120.56068399399238, 38.2195353572879, 0.0], [-120.55999489364298, 38.21964328733781, 0.0], [-120.559751185198, 38.219425446012785, 0.0], [-120.55976271597297, 38.21934922824913, 0.0], [-120.55965221600651, 38.21914028781576, 0.0], [-120.5601340552569, 38.218833391659956, 0.0], [-120.5605066773351, 38.21848891772183, 0.0]]]]}}, {"type": "Feature", "properties": {"Symb_class": "P", "Crop2016": "Mixed Pasture", "County": "Calaveras", "Acres": 20.31057089, "SUBCLASS2": "3"}, "geometry": {"type": "MultiPolygon", "coordinates": [[[[-120.58743539735202, 38.268222014968785, 0.0], [-120.58794575541773, 38.26843374412661, 0.0], [-120.58809255360991, 38.26861867973549, 0.0], [-120.58823924220759, 38.26878933719088, 0.0], [-120.58823969316185, 38.26884645918881, 0.0], [-120.58805960071034, 38.26904727024539, 0.0], [-120.5881691664289, 38.26911814070365, 0.0], [-120.58842350374037, 38.26911690012207, 0.0], [-120.58864105593923, 38.26905871477891, 0.0], [-120.58867942029009, 38.26931558473309, 0.0], [-120.58913348183526, 38.26929908694604, 0.0], [-120.58937032984646, 38.26938361620166, 0.0], [-120.58944525832429, 38.26966886865357, 0.0], [-120.58950100238093, 38.269825686955976, 0.0], [-120.58955719829017, 38.27003962668457, 0.0], [-120.58972137978138, 38.27012451123809, 0.0], [-120.58983264421418, 38.270409585874575, 0.0], [-120.58979789109075, 38.2706096901682, 0.0], [-120.5899981848564, 38.270665833947184, 0.0], [-120.58992777490444, 38.27095179790592, 0.0], [-120.58961904280592, 38.27096758864842, 0.0], [-120.5895837246422, 38.27109628977176, 0.0], [-120.58931211721942, 38.27121186514393, 0.0], [-120.58907695624434, 38.27134154190728, 0.0], [-120.58924204413567, 38.27154066967862, 0.0], [-120.58933378458407, 38.27165446992969, 0.0], [-120.58944346888026, 38.271739619180714, 0.0], [-120.58980682034469, 38.27173784265306, 0.0], [-120.59002517114585, 38.271779618193094, 0.0], [-120.59009897223802, 38.27192206671505, 0.0], [-120.59013677693845, 38.27210753507162, 0.0], [-120.59033752614994, 38.27222079985758, 0.0], [-120.59044653221808, 38.27222026598601, 0.0], [-120.59070212627263, 38.272376106246526, 0.0], [-120.59095772032714, 38.272531944762115, 0.0], [-120.59097849207146, 38.27286030607115, 0.0], [-120.59108874500123, 38.273016855838826, 0.0], [-120.5908172462746, 38.27314671485657, 0.0], [-120.59058106301673, 38.27314787074081, 0.0], [-120.5902541526101, 38.27316375268663, 0.0], [-120.5903620285976, 38.2730204151786, 0.0], [-120.59021589515878, 38.27292116404797, 0.0], [-120.58994326275825, 38.27290821584661, 0.0], [-120.58994235815476, 38.27279397325842, 0.0], [-120.58959536231671, 38.2725671737792, 0.0], [-120.58957651656036, 38.27248157978433, 0.0], [-120.5894851129802, 38.272410622336864, 0.0], [-120.58924870604183, 38.27238321511533, 0.0], [-120.58895621728026, 38.27215614776983, 0.0], [-120.58897393295597, 38.27209893810329, 0.0], [-120.58888275575126, 38.27205654001294, 0.0], [-120.58884596974038, 38.2719995961467, 0.0], [-120.58866429176237, 38.27200048334943, 0.0], [-120.58851895063762, 38.2720011921243, 0.0], [-120.58822477394163, 38.27155991673756, 0.0], [-120.58793195280342, 38.27129000467453, 0.0], [-120.58794967027575, 38.27123279503094, 0.0], [-120.58802076204903, 38.271032514729136, 0.0], [-120.58789190141648, 38.270818927734325, 0.0], [-120.58743625344648, 38.27063549570416, 0.0], [-120.58741673485198, 38.27046421913378, 0.0], [-120.58721565775541, 38.27030810818038, 0.0], [-120.58631804675049, 38.26936992965284, 0.0], [-120.58617192498973, 38.26927067423847, 0.0], [-120.58617102577614, 38.26915643015973, 0.0], [-120.58617012835917, 38.269042187311825, 0.0], [-120.58624099824858, 38.26881334702668, 0.0], [-120.58658571865402, 38.26875454784659, 0.0], [-120.58689466814484, 38.268767324700164, 0.0], [-120.58714889226856, 38.26875180712798, 0.0], [-120.58729400162798, 38.26872253870117, 0.0], [-120.58742060659087, 38.26865051683811, 0.0], [-120.58738280997528, 38.26846504811641, 0.0], [-120.58738179667564, 38.268336524998844, 0.0], [-120.58743539735202, 38.268222014968785, 0.0]]]]}}, {"type": "Feature", "properties": {"Symb_class": "P", "Crop2016": "Mixed Pasture", "County": "Calaveras", "Acres": 37.04481356, "SUBCLASS2": "3"}, "geometry": {"type": "MultiPolygon", "coordinates": [[[[-120.6021881049713, 38.11100442004363, 0.0], [-120.60202059162869, 38.11100442004363, 0.0], [-120.60194136740716, 38.111208137745415, 0.0], [-120.60206073194884, 38.11131211114779, 0.0], [-120.60245342059383, 38.111298245020315, 0.0], [-120.6027552742922, 38.111261031651644, 0.0], [-120.60343413294906, 38.1111386239198, 0.0], [-120.60344006901646, 38.11187326089718, 0.0], [-120.6038632455839, 38.11216178987486, 0.0], [-120.60562975743726, 38.11216178987486, 0.0], [-120.6048074171683, 38.1127557042374, 0.0], [-120.60479020544746, 38.1127442287561, 0.0], [-120.60474683388723, 38.11279812519447, 0.0], [-120.60457968885389, 38.112679957969995, 0.0], [-120.60444324015212, 38.11262114004047, 0.0], [-120.6043979183494, 38.11262136833478, 0.0], [-120.60423173720837, 38.112622202351275, 0.0], [-120.60409754417628, 38.11267235428972, 0.0], [-120.6040003024451, 38.1127557042374, 0.0], [-120.60384801734318, 38.11283184622956, 0.0], [-120.60354344713934, 38.112633874340354, 0.0], [-120.6034368449629, 38.112542504258, 0.0], [-120.60310181737937, 38.11267956075225, 0.0], [-120.60282770455527, 38.11274047427452, 0.0], [-120.60266019031435, 38.11267956004549, 0.0], [-120.60262973293464, 38.11243590403496, 0.0], [-120.60258404821255, 38.11229884708351, 0.0], [-120.60229470355449, 38.112207475168475, 0.0], [-120.60188353297083, 38.11229884566994, 0.0], [-120.6014571341465, 38.112237931779354, 0.0], [-120.60125916432251, 38.11213133323223, 0.0], [-120.60113733570199, 38.11191813284393, 0.0], [-120.60119824866479, 38.11167447570694, 0.0], [-120.60101550708148, 38.11146127681233, 0.0], [-120.60075662070145, 38.111430819170735, 0.0], [-120.60042159491455, 38.11127853289277, 0.0], [-120.60039113573818, 38.11108056174104, 0.0], [-120.6003149936364, 38.11083690534409, 0.0], [-120.60005610905297, 38.11068462065513, 0.0], [-120.59973630881184, 38.110532334941844, 0.0], [-120.59938605208929, 38.110410506284005, 0.0], [-120.5992033114043, 38.11030390719026, 0.0], [-120.59883782464443, 38.110227763269634, 0.0], [-120.5987921381257, 38.110517105222186, 0.0], [-120.59877691078336, 38.11069985033991, 0.0], [-120.5983809693387, 38.110745535134235, 0.0], [-120.59768045409702, 38.110760762685906, 0.0], [-120.59719313961493, 38.11100441933686, 0.0], [-120.59685811292971, 38.111263304742266, 0.0], [-120.5967058269295, 38.11136990526311, 0.0], [-120.59608145558622, 38.11159833321501, 0.0], [-120.59571597062299, 38.1117049332469, 0.0], [-120.59547231428027, 38.11185721934267, 0.0], [-120.59516774407645, 38.11140036222329, 0.0], [-120.59468043139101, 38.11136990526311, 0.0], [-120.59466520225199, 38.11108056315469, 0.0], [-120.59487840211331, 38.110989191835976, 0.0], [-120.5950611427983, 38.110715077194236, 0.0], [-120.59513728669674, 38.11053233423502, 0.0], [-120.59524388707655, 38.11036481986648, 0.0], [-120.59554845728036, 38.11018207815143, 0.0], [-120.59557891376176, 38.110045021211754, 0.0], [-120.59550277076166, 38.10972522186374, 0.0], [-120.59541140131748, 38.10946633666157, 0.0], [-120.59541140041914, 38.10940542111564, 0.0], [-120.59571597241961, 38.109420649653465, 0.0], [-120.59602054172512, 38.10949679300182, 0.0], [-120.59640125582736, 38.10934450834626, 0.0], [-120.59646216879014, 38.10911607970741, 0.0], [-120.5964926279665, 38.10896379425817, 0.0], [-120.59685811382803, 38.108979022888064, 0.0], [-120.59740633857794, 38.10893333698886, 0.0], [-120.59775659709712, 38.10879628124032, 0.0], [-120.59818299592146, 38.10879627982664, 0.0], [-120.5984114249218, 38.10897902218127, 0.0], [-120.59844188230149, 38.10917699408095, 0.0], [-120.59854848178298, 38.10928359411241, 0.0], [-120.59882259640375, 38.10934450834626, 0.0], [-120.59877690988502, 38.10952725074303, 0.0], [-120.59848756792191, 38.10961862106314, 0.0], [-120.59847233878288, 38.109801364187774, 0.0], [-120.59912716660757, 38.10969476491191, 0.0], [-120.59935559560789, 38.10955770776471, 0.0], [-120.59962970933034, 38.109603393273424, 0.0], [-120.59994950867316, 38.10980136489461, 0.0], [-120.6002336961032, 38.10971094123744, 0.0], [-120.60024854076327, 38.10952416616484, 0.0], [-120.60030858505515, 38.10947626400635, 0.0], [-120.60335532913908, 38.110734397193234, 0.0], [-120.60326632136578, 38.11093715367979, 0.0], [-120.60297938329437, 38.110950493302504, 0.0], [-120.60285862277073, 38.11096299888734, 0.0], [-120.60218380383773, 38.11098793300839, 0.0], [-120.6021881049713, 38.11100442004363, 0.0]]]]}}, {"type": "Feature", "properties": {"Symb_class": "V", "Crop2016": "Grapes", "County": "Calaveras", "Acres": 2.10668956, "SUBCLASS2": "**"}, "geometry": {"type": "MultiPolygon", "coordinates": [[[[-120.89420203683852, 38.12027029422763, 0.0], [-120.89417565601356, 38.121009220262636, 0.0], [-120.89376488068865, 38.121155925848534, 0.0], [-120.89287972033355, 38.12047064118943, 0.0], [-120.89287972123184, 38.120191851135196, 0.0], [-120.89420203683852, 38.12027029422763, 0.0]]]]}}, {"type": "Feature", "properties": {"Symb_class": "V", "Crop2016": "Grapes", "County": "Calaveras", "Acres": 0.47501234, "SUBCLASS2": "**"}, "geometry": {"type": "MultiPolygon", "coordinates": [[[[-120.6750573621175, 38.20873494469404, 0.0], [-120.67488796231281, 38.20867776768672, 0.0], [-120.67486462138677, 38.20877310431977, 0.0], [-120.67485983426464, 38.20880791884628, 0.0], [-120.6746625741097, 38.20902490398498, 0.0], [-120.67459404612825, 38.20890307602014, 0.0], [-120.67459404612825, 38.20879647470722, 0.0], [-120.67462450260963, 38.208735560912004, 0.0], [-120.67463211673, 38.20852236187452, 0.0], [-120.67475394624883, 38.20833200476082, 0.0], [-120.67499760169322, 38.208309162212515, 0.0], [-120.6750573621175, 38.20873494469404, 0.0]]]]}}, {"type": "Feature", "properties": {"Symb_class": "D", "Crop2016": "Idle", "County": "Calaveras", "Acres": 10.7172921, "SUBCLASS2": "**"}, "geometry": {"type": "MultiPolygon", "coordinates": [[[[-120.91721750323835, 38.16632415698415, 0.0], [-120.91721857133523, 38.16644577084859, 0.0], [-120.917175481846, 38.16652726193325, 0.0], [-120.91692503783297, 38.16657288706958, 0.0], [-120.9166033196887, 38.16673526500306, 0.0], [-120.91624884088434, 38.16677546586137, 0.0], [-120.91605170829018, 38.16685779774321, 0.0], [-120.91559680592187, 38.16692482470983, 0.0], [-120.91477246869803, 38.16692091410476, 0.0], [-120.91464447224479, 38.16696155698414, 0.0], [-120.91368771166997, 38.166994625125994, 0.0], [-120.91352471775156, 38.1669917273118, 0.0], [-120.9135299163021, 38.16680942822413, 0.0], [-120.91355916993932, 38.165783539227505, 0.0], [-120.91354912767275, 38.16518253720681, 0.0], [-120.91569711629806, 38.16515274399283, 0.0], [-120.91573180923436, 38.165207005023895, 0.0], [-120.91563580717825, 38.165555782294, 0.0], [-120.91559724340142, 38.16563735206438, 0.0], [-120.91576282895942, 38.16570824279651, 0.0], [-120.91589140931761, 38.165740345316834, 0.0], [-120.9159191142593, 38.16588313083902, 0.0], [-120.91593901373948, 38.16598569927178, 0.0], [-120.91562753908437, 38.166113687839186, 0.0], [-120.91554119032433, 38.16609345303796, 0.0], [-120.91541247432053, 38.16644670100944, 0.0], [-120.91557016638214, 38.16648358466688, 0.0], [-120.91577515833671, 38.16639467908017, 0.0], [-120.91587386791505, 38.16642190589789, 0.0], [-120.9159875982233, 38.16641113170704, 0.0], [-120.91617523292993, 38.166507545650354, 0.0], [-120.91647759058323, 38.16650524602911, 0.0], [-120.91681634887013, 38.16651218868147, 0.0], [-120.9168154128256, 38.16643602993805, 0.0], [-120.91644884808738, 38.16594223073899, 0.0], [-120.91653205723554, 38.16589713915394, 0.0], [-120.91677395108366, 38.165913677352705, 0.0], [-120.9172072858003, 38.16624824029634, 0.0], [-120.91721750323835, 38.16632415698415, 0.0]]]]}}, {"type": "Feature", "properties": {"Symb_class": "V", "Crop2016": "Grapes", "County": "Calaveras", "Acres": 3.34499707, "SUBCLASS2": "**"}, "geometry": {"type": "MultiPolygon", "coordinates": [[[[-120.47388883142787, 38.02466515122678, 0.0], [-120.47385414927138, 38.02461712907705, 0.0], [-120.47388018424493, 38.02484336901677, 0.0], [-120.4737990600866, 38.024900811144796, 0.0], [-120.47369684528199, 38.02448707665532, 0.0], [-120.47378908878694, 38.02441884613535, 0.0], [-120.47368895627716, 38.02399414317408, 0.0], [-120.47361281327704, 38.023446866929376, 0.0], [-120.47358901780348, 38.023170848834376, 0.0], [-120.47362708930356, 38.02300428709093, 0.0], [-120.47366992007797, 38.022809172233025, 0.0], [-120.47368895358221, 38.022709234739075, 0.0], [-120.47371274995409, 38.02265212703304, 0.0], [-120.47376509658234, 38.02257598524286, 0.0], [-120.47398400793224, 38.0224332159885, 0.0], [-120.47415057085726, 38.02238086782908, 0.0], [-120.47432665143273, 38.02237610877498, 0.0], [-120.47476922981365, 38.02252363577012, 0.0], [-120.4748882035882, 38.02259977903005, 0.0], [-120.47487868683609, 38.022666402725335, 0.0], [-120.47483109588894, 38.022718750680724, 0.0], [-120.4742838206583, 38.022533153151166, 0.0], [-120.47423147313175, 38.02252839481464, 0.0], [-120.47415533013164, 38.02253791290274, 0.0], [-120.4739411780561, 38.02267116317587, 0.0], [-120.4739316604057, 38.02272350971257, 0.0], [-120.47420291928212, 38.022742545836905, 0.0], [-120.47422195458299, 38.02346590215814, 0.0], [-120.47432665233107, 38.02401317896826, 0.0], [-120.47432665143273, 38.02418925770728, 0.0], [-120.4742838206583, 38.024303472094175, 0.0], [-120.47428857993266, 38.024422445932196, 0.0], [-120.47441707135765, 38.024569972345525, 0.0], [-120.47439803515849, 38.024608042922154, 0.0], [-120.47401732195455, 38.02471749916948, 0.0], [-120.47388883142787, 38.02466515122678, 0.0]]]]}}, {"type": "Feature", "properties": {"Symb_class": "V", "Crop2016": "Grapes", "County": "Calaveras", "Acres": 1.48781846, "SUBCLASS2": "**"}, "geometry": {"type": "MultiPolygon", "coordinates": [[[[-120.48131536108687, 38.15535208008463, 0.0], [-120.4813581514371, 38.15532401065958, 0.0], [-120.48134673025659, 38.15523263820292, 0.0], [-120.48121745819563, 38.155088452963845, 0.0], [-120.48126792195502, 38.15506322097681, 0.0], [-120.48134406405684, 38.15498707782272, 0.0], [-120.4814887350384, 38.154979463008445, 0.0], [-120.4816295998581, 38.154960428794865, 0.0], [-120.48188467827966, 38.15478149168649, 0.0], [-120.4823529547659, 38.154412200200206, 0.0], [-120.48272224768762, 38.1541647361581, 0.0], [-120.4828859557667, 38.15404671500638, 0.0], [-120.48301158965076, 38.153940115343026, 0.0], [-120.48309153971104, 38.15398960808847, 0.0], [-120.48309154060935, 38.15410382187963, 0.0], [-120.48308392738731, 38.154183771992116, 0.0], [-120.48298494112784, 38.15429417874261, 0.0], [-120.48283265602593, 38.154317022691224, 0.0], [-120.48279077566907, 38.154427427827194, 0.0], [-120.48278697040551, 38.15450357227202, 0.0], [-120.48266514088671, 38.15455687065181, 0.0], [-120.48250904782628, 38.1547091570725, 0.0], [-120.48220447762247, 38.154888090826475, 0.0], [-120.48208264900195, 38.15497565772017, 0.0], [-120.48191132680253, 38.15507083507593, 0.0], [-120.48178569112186, 38.15516601372026, 0.0], [-120.48171335697856, 38.15526119294677, 0.0], [-120.4814468582748, 38.15538302022576, 0.0], [-120.48131536108687, 38.15535208008463, 0.0]]]]}}, {"type": "Feature", "properties": {"Symb_class": "P", "Crop2016": "Mixed Pasture", "County": "Calaveras", "Acres": 2.80090006, "SUBCLASS2": "3"}, "geometry": {"type": "MultiPolygon", "coordinates": [[[[-120.65400084197627, 38.19575388410865, 0.0], [-120.65387984789066, 38.195754540677896, 0.0], [-120.65377449976232, 38.19581461603163, 0.0], [-120.65374492901982, 38.19589213133689, 0.0], [-120.65326966364064, 38.19602561713469, 0.0], [-120.65323910205638, 38.19599008133122, 0.0], [-120.65328364232478, 38.195894632649086, 0.0], [-120.65336620019434, 38.19582278078054, 0.0], [-120.65325965281512, 38.195746003159414, 0.0], [-120.65307847519874, 38.19578268772471, 0.0], [-120.65304864304647, 38.19583045274909, 0.0], [-120.65295044101626, 38.19584288589708, 0.0], [-120.6528521329848, 38.195843418211716, 0.0], [-120.6527463689365, 38.195855892304834, 0.0], [-120.65270892266388, 38.19589774675796, 0.0], [-120.65278527317483, 38.19598064017805, 0.0], [-120.65292905572258, 38.19599176087224, 0.0], [-120.65291549475505, 38.196170346196006, 0.0], [-120.6527415126441, 38.1961653379426, 0.0], [-120.6526732460724, 38.196141907021385, 0.0], [-120.65252054684713, 38.195976123277994, 0.0], [-120.65247418479531, 38.195863317174286, 0.0], [-120.65247158237595, 38.195565812079145, 0.0], [-120.65246731537835, 38.195077902701556, 0.0], [-120.65314779279932, 38.19506231574273, 0.0], [-120.6531797593487, 38.195258505171175, 0.0], [-120.65305907967341, 38.19529486169539, 0.0], [-120.65304499678471, 38.195413945652334, 0.0], [-120.65293923273641, 38.19542641911301, 0.0], [-120.65291023511905, 38.195569385095695, 0.0], [-120.65302423941345, 38.19563422179612, 0.0], [-120.65319029209542, 38.195597619050886, 0.0], [-120.65320406057378, 38.195442834827844, 0.0], [-120.65335519762874, 38.19543011497897, 0.0], [-120.65331598077671, 38.19526966833527, 0.0], [-120.65321011342216, 38.195270242307664, 0.0], [-120.65329898105828, 38.195055545955135, 0.0], [-120.65368495569481, 38.19508915484867, 0.0], [-120.65400282096482, 38.1951171821336, 0.0], [-120.65400084197627, 38.19575388410865, 0.0]]]]}}, {"type": "Feature", "properties": {"Symb_class": "V", "Crop2016": "Grapes", "County": "Calaveras", "Acres": 2.53282859, "SUBCLASS2": "**"}, "geometry": {"type": "MultiPolygon", "coordinates": [[[[-120.62607496504451, 38.04008304369943, 0.0], [-120.62517993489939, 38.04044471992137, 0.0], [-120.62505075087331, 38.04033828623363, 0.0], [-120.62471363919833, 38.03973310733555, 0.0], [-120.62496946681483, 38.039642522721564, 0.0], [-120.62475498685423, 38.03926281819478, 0.0], [-120.62501806207844, 38.03913649414227, 0.0], [-120.62513900226513, 38.03915966702254, 0.0], [-120.62524439980079, 38.03912936815993, 0.0], [-120.62534245181237, 38.03912290723098, 0.0], [-120.62553374715382, 38.039437278308434, 0.0], [-120.62555698387527, 38.039508561148274, 0.0], [-120.62561800104261, 38.03958559801504, 0.0], [-120.6256479868068, 38.03956163994446, 0.0], [-120.62603534035732, 38.03985713877551, 0.0], [-120.62603578771834, 38.03991068921932, 0.0], [-120.62602879074058, 38.03997617932836, 0.0], [-120.62607496504451, 38.04008304369943, 0.0]]]]}}, {"type": "Feature", "properties": {"Symb_class": "P", "Crop2016": "Mixed Pasture", "County": "Calaveras", "Acres": 11.04391559, "SUBCLASS2": "3"}, "geometry": {"type": "MultiPolygon", "coordinates": [[[[-120.50983242739196, 38.116223907025216, 0.0], [-120.50975605981301, 38.11626952899669, 0.0], [-120.50970284002233, 38.11644112265103, 0.0], [-120.5097593736981, 38.11675505905006, 0.0], [-120.50974173168424, 38.11682653725074, 0.0], [-120.50970634884183, 38.11695521211204, 0.0], [-120.50941763210614, 38.117156364676326, 0.0], [-120.5089646718955, 38.11720112312436, 0.0], [-120.50867459061888, 38.11720234933442, 0.0], [-120.50845761334179, 38.11728895010262, 0.0], [-120.50831461412497, 38.11758944903856, 0.0], [-120.50810695058072, 38.11796420415069, 0.0], [-120.5079155725943, 38.117895855813074, 0.0], [-120.50776685739733, 38.1178185232907, 0.0], [-120.5075408080342, 38.11762221728911, 0.0], [-120.50735640007603, 38.11754488518367, 0.0], [-120.5071898380493, 38.117503243698, 0.0], [-120.50691620043398, 38.117509193088885, 0.0], [-120.50662471509057, 38.11757462787594, 0.0], [-120.50649384492672, 38.11758652523213, 0.0], [-120.50641056481166, 38.117509193088885, 0.0], [-120.50638677023642, 38.117443758243255, 0.0], [-120.50639271888024, 38.117366425242075, 0.0], [-120.50648789718123, 38.11723555523627, 0.0], [-120.50646410080935, 38.117164170726944, 0.0], [-120.50650574311267, 38.11709278685449, 0.0], [-120.50654143497553, 38.11703924908109, 0.0], [-120.50660687005748, 38.11702140432584, 0.0], [-120.50663661237819, 38.116979761834905, 0.0], [-120.5066782537832, 38.11687268820338, 0.0], [-120.50673179157751, 38.116819148855086, 0.0], [-120.50728501724859, 38.11675371268438, 0.0], [-120.5072909640958, 38.116831047041124, 0.0], [-120.5073445036867, 38.11686673805387, 0.0], [-120.50740993697201, 38.116860790024134, 0.0], [-120.50749916662917, 38.11680725208065, 0.0], [-120.50753486118698, 38.116747766058964, 0.0], [-120.50850449012826, 38.116723971071295, 0.0], [-120.50848664509515, 38.11661689494448, 0.0], [-120.50818326336245, 38.11598633815745, 0.0], [-120.5081594687872, 38.11580787794099, 0.0], [-120.50815946788889, 38.11569485375982, 0.0], [-120.50820110839557, 38.11562347127824, 0.0], [-120.50823085161461, 38.11555208731333, 0.0], [-120.50822490386912, 38.11546880487262, 0.0], [-120.50814757060127, 38.11539742075659, 0.0], [-120.50812972466983, 38.115213013057364, 0.0], [-120.50812972466983, 38.11507024496222, 0.0], [-120.50815946788889, 38.11486799186215, 0.0], [-120.50868242841972, 38.11461584984567, 0.0], [-120.50983242739196, 38.116223907025216, 0.0]]]]}}, {"type": "Feature", "properties": {"Symb_class": "D", "Crop2016": "Walnuts", "County": "Calaveras", "Acres": 23.45034199, "SUBCLASS2": "13"}, "geometry": {"type": "MultiPolygon", "coordinates": [[[[-120.54799832690986, 38.39704431024567, 0.0], [-120.547976254405, 38.39693321804112, 0.0], [-120.5479499571234, 38.39665723490522, 0.0], [-120.54802071472335, 38.396380809987335, 0.0], [-120.54791061630382, 38.39625753897998, 0.0], [-120.54780142608104, 38.396258035328366, 0.0], [-120.54759525194356, 38.39626849032534, 0.0], [-120.54747372156373, 38.39624047797045, 0.0], [-120.54750983832972, 38.39620223166842, 0.0], [-120.54753298072805, 38.39604979400297, 0.0], [-120.54751986801985, 38.39591656232742, 0.0], [-120.54751895712815, 38.395792794880954, 0.0], [-120.54752968840255, 38.395602330803406, 0.0], [-120.54752863737367, 38.39545952395482, 0.0], [-120.54752737613902, 38.39528815634983, 0.0], [-120.54781791016651, 38.3952011512442, 0.0], [-120.54808453014283, 38.39516185887679, 0.0], [-120.54900648010208, 38.395148151708, 0.0], [-120.54909196468282, 38.3952239286838, 0.0], [-120.54931287029267, 38.39556567390198, 0.0], [-120.54954646999578, 38.39598352669714, 0.0], [-120.5497285198763, 38.395992218810555, 0.0], [-120.54993427090731, 38.3959246377068, 0.0], [-120.55015243485889, 38.395895081954734, 0.0], [-120.55006227724203, 38.39682853026977, 0.0], [-120.5498792517911, 38.39997122778472, 0.0], [-120.54942978243362, 38.399897105971995, 0.0], [-120.54722796495984, 38.39911687293951, 0.0], [-120.5471108722575, 38.39914162108355, 0.0], [-120.54740820114183, 38.398878036334494, 0.0], [-120.54739487822785, 38.39871624300664, 0.0], [-120.54745385891445, 38.39848747676794, 0.0], [-120.54736858184452, 38.39844025893302, 0.0], [-120.54737782461049, 38.3983632399174, 0.0], [-120.54759776632804, 38.398258324706006, 0.0], [-120.54780282385963, 38.398095542247816, 0.0], [-120.54797134421368, 38.39791388172268, 0.0], [-120.54796973173771, 38.39769491087914, 0.0], [-120.54795598661558, 38.39747599499055, 0.0], [-120.54801489543696, 38.39723770774073, 0.0], [-120.54825739834286, 38.3972175668273, 0.0], [-120.54819561491253, 38.39706551429628, 0.0], [-120.54799832690986, 38.39704431024567, 0.0]]]]}}, {"type": "Feature", "properties": {"Symb_class": "V", "Crop2016": "Grapes", "County": "Calaveras", "Acres": 1.9104835, "SUBCLASS2": "**"}, "geometry": {"type": "MultiPolygon", "coordinates": [[[[-120.69482999568163, 38.04679164564988, 0.0], [-120.69395989198901, 38.04737266284441, 0.0], [-120.69324269323583, 38.04751484726699, 0.0], [-120.69319227259557, 38.047286644915864, 0.0], [-120.69339344581186, 38.04684278010199, 0.0], [-120.69479808303115, 38.04660617985353, 0.0], [-120.69482999568163, 38.04679164564988, 0.0]]]]}}, {"type": "Feature", "properties": {"Symb_class": "V", "Crop2016": "Grapes", "County": "Calaveras", "Acres": 2.03352295, "SUBCLASS2": "**"}, "geometry": {"type": "MultiPolygon", "coordinates": [[[[-120.49219673766673, 38.088779496150615, 0.0], [-120.49218531738452, 38.088459697050496, 0.0], [-120.49270499097976, 38.08845969634345, 0.0], [-120.49275067660015, 38.0885796201094, 0.0], [-120.49281920637824, 38.08862530600885, 0.0], [-120.49290486523216, 38.08868812522293, 0.0], [-120.49287060079226, 38.08882518192514, 0.0], [-120.49276780837093, 38.088893708765845, 0.0], [-120.492762098679, 38.089139270233474, 0.0], [-120.49278494104003, 38.08923635190406, 0.0], [-120.49289915374358, 38.08930488118739, 0.0], [-120.49295055175087, 38.089413383810346, 0.0], [-120.49295626323945, 38.089459069895746, 0.0], [-120.49295055085258, 38.08963610196968, 0.0], [-120.49224813477572, 38.089636101262656, 0.0], [-120.49224242328714, 38.08950475595259, 0.0], [-120.4920368393428, 38.08948762280087, 0.0], [-120.4920653922941, 38.08892226330582, 0.0], [-120.49219673766673, 38.088779496150615, 0.0]]]]}}, {"type": "Feature", "properties": {"Symb_class": "V", "Crop2016": "Grapes", "County": "Calaveras", "Acres": 0.30423838, "SUBCLASS2": "**"}, "geometry": {"type": "MultiPolygon", "coordinates": [[[[-120.62480716639581, 38.039185193052845, 0.0], [-120.62471715700099, 38.039251113972576, 0.0], [-120.62443064832428, 38.0392823537635, 0.0], [-120.62429292581143, 38.03905695718813, 0.0], [-120.62488743805298, 38.038857509152855, 0.0], [-120.62491047534843, 38.038904992045495, 0.0], [-120.62469238056711, 38.03899538017777, 0.0], [-120.62480716639581, 38.039185193052845, 0.0]]]]}}, {"type": "Feature", "properties": {"Symb_class": "D", "Crop2016": "Walnuts", "County": "Calaveras", "Acres": 7.81113304, "SUBCLASS2": "13"}, "geometry": {"type": "MultiPolygon", "coordinates": [[[[-120.49976868570559, 38.1011289200369, 0.0], [-120.50008170366635, 38.10079704372139, 0.0], [-120.50021598114007, 38.10075222220289, 0.0], [-120.5002073321605, 38.10065190475155, 0.0], [-120.50019917096614, 38.10053729626, 0.0], [-120.50019606459192, 38.10045140304195, 0.0], [-120.50017486974112, 38.10036512516269, 0.0], [-120.49993171735326, 38.10024074526456, 0.0], [-120.49975994419957, 38.100146491729404, 0.0], [-120.49975064843301, 38.10006523470844, 0.0], [-120.50003779401526, 38.100138102776434, 0.0], [-120.50038639514274, 38.1003553231171, 0.0], [-120.50062851267137, 38.09997902282329, 0.0], [-120.50072252855237, 38.09987612477051, 0.0], [-120.50060959055821, 38.09982603968699, 0.0], [-120.50066026362508, 38.099755595330095, 0.0], [-120.50056606358945, 38.099686836199616, 0.0], [-120.5004894660418, 38.09963275618545, 0.0], [-120.50046370415609, 38.0995034683053, 0.0], [-120.50035777032619, 38.09942492231951, 0.0], [-120.50023261075262, 38.099379344966934, 0.0], [-120.50019350978323, 38.099464338827914, 0.0], [-120.50007959891363, 38.09944284206589, 0.0], [-120.50013270731323, 38.099300926800694, 0.0], [-120.50019576275797, 38.09922120993227, 0.0], [-120.50053798584693, 38.099271407831075, 0.0], [-120.50088656182157, 38.09931220433482, 0.0], [-120.50111471144585, 38.09934566791337, 0.0], [-120.50115951581897, 38.09927033118763, 0.0], [-120.50119420875525, 38.099137559651226, 0.0], [-120.50126099939492, 38.098948255028645, 0.0], [-120.50133513915196, 38.098897383206996, 0.0], [-120.50144448119003, 38.09887586931193, 0.0], [-120.50156620919923, 38.098845081943665, 0.0], [-120.50170975638837, 38.098705089776416, 0.0], [-120.50187971943677, 38.098675328796496, 0.0], [-120.50201188137798, 38.098692444949094, 0.0], [-120.50206422261634, 38.09892719782288, 0.0], [-120.50188190144458, 38.099142655159994, 0.0], [-120.50195346842665, 38.09934444069659, 0.0], [-120.50202941739064, 38.09941757882044, 0.0], [-120.50209917606405, 38.09949535285679, 0.0], [-120.50207983623427, 38.099885931121854, 0.0], [-120.50203130025947, 38.10007085680422, 0.0], [-120.50167919390579, 38.10048773333004, 0.0], [-120.50153858780087, 38.100718381779224, 0.0], [-120.50101080241862, 38.10115535968678, 0.0], [-120.50068860906556, 38.10104837030708, 0.0], [-120.5005240421971, 38.10127373995263, 0.0], [-120.50022255590963, 38.101267322682986, 0.0], [-120.49998804800977, 38.10124325685637, 0.0], [-120.49983224959678, 38.101211331663094, 0.0], [-120.49976868570559, 38.1011289200369, 0.0]]]]}}, {"type": "Feature", "properties": {"Symb_class": "P", "Crop2016": "Mixed Pasture", "County": "Calaveras", "Acres": 5.54535413, "SUBCLASS2": "3"}, "geometry": {"type": "MultiPolygon", "coordinates": [[[[-120.4545386890166, 38.34486700890974, 0.0], [-120.45472666957464, 38.34499696197607, 0.0], [-120.45492198936856, 38.34521520321537, 0.0], [-120.45508087798613, 38.34542405798257, 0.0], [-120.45510745913539, 38.3454991719416, 0.0], [-120.45507942361367, 38.34553413585488, 0.0], [-120.45510611525572, 38.34558581410398, 0.0], [-120.45521586962049, 38.34569012795105, 0.0], [-120.45522939106215, 38.34591857433579, 0.0], [-120.45525486189374, 38.346118411227565, 0.0], [-120.45538973944204, 38.34636544095078, 0.0], [-120.45539096204915, 38.34656537031125, 0.0], [-120.45526978021564, 38.34657534707336, 0.0], [-120.45513647382073, 38.34658537103721, 0.0], [-120.45506373004568, 38.346585645096894, 0.0], [-120.45486782634683, 38.34627220112391, 0.0], [-120.45455219698353, 38.34620674633299, 0.0], [-120.45424944676648, 38.34626500931457, 0.0], [-120.45404200420782, 38.346046812805625, 0.0], [-120.45393120600068, 38.345771130109625, 0.0], [-120.45393039302532, 38.3456378438781, 0.0], [-120.45363739042743, 38.34530572207534, 0.0], [-120.45386791699397, 38.34533341809032, 0.0], [-120.45394019544172, 38.34525698013511, 0.0], [-120.45379401259554, 38.34514328192686, 0.0], [-120.45358790942495, 38.34514405691834, 0.0], [-120.45347810026294, 38.3450302211478, 0.0], [-120.45363559200024, 38.34501058776184, 0.0], [-120.45371935630722, 38.34482938010131, 0.0], [-120.45345083729238, 38.34453524782151, 0.0], [-120.45319438624509, 38.34423155012804, 0.0], [-120.45312112324376, 38.344146139303724, 0.0], [-120.45315714568663, 38.34408887930315, 0.0], [-120.45335013704734, 38.34392630326586, 0.0], [-120.45419061340357, 38.344570551085376, 0.0], [-120.45447443791423, 38.3448561463049, 0.0], [-120.4545386890166, 38.34486700890974, 0.0]]]]}}, {"type": "Feature", "properties": {"Symb_class": "C", "Crop2016": "Olives", "County": "Calaveras", "Acres": 10.70653482, "SUBCLASS2": "6"}, "geometry": {"type": "MultiPolygon", "coordinates": [[[[-120.89001413859465, 38.143151748238054, 0.0], [-120.88997831018787, 38.14308553803237, 0.0], [-120.89001122984976, 38.142990761871516, 0.0], [-120.89010912285951, 38.142998481086366, 0.0], [-120.89015283937283, 38.143052911206816, 0.0], [-120.89031845367694, 38.14306780915085, 0.0], [-120.89042200158143, 38.14314119598174, 0.0], [-120.89086741324876, 38.14313727703611, 0.0], [-120.89083347669393, 38.14274326897017, 0.0], [-120.89013913557318, 38.14274271577907, 0.0], [-120.89013622503167, 38.14258172780347, 0.0], [-120.89097474934879, 38.14255507000413, 0.0], [-120.891066814089, 38.14250307765894, 0.0], [-120.89106922157397, 38.14215740897526, 0.0], [-120.89006509013925, 38.14216917232795, 0.0], [-120.89007726859955, 38.14200845509287, 0.0], [-120.89142890881033, 38.14198505267944, 0.0], [-120.89144520424958, 38.14141909194899, 0.0], [-120.89305382012381, 38.1413824033288, 0.0], [-120.89312771104751, 38.14143737372561, 0.0], [-120.89338401297448, 38.141447933293506, 0.0], [-120.89326264159644, 38.14225639205355, 0.0], [-120.89268985600836, 38.142752760824656, 0.0], [-120.89220398601726, 38.14311359379834, 0.0], [-120.8924073178852, 38.143129165022906, 0.0], [-120.8923426841005, 38.14327701872115, 0.0], [-120.8922067276755, 38.143280539195054, 0.0], [-120.89217432544322, 38.14335744416262, 0.0], [-120.89203836991653, 38.14336096533914, 0.0], [-120.8919120146853, 38.143555394211894, 0.0], [-120.89181788920983, 38.143678875868176, 0.0], [-120.8917481107735, 38.14374318930993, 0.0], [-120.89156192235444, 38.143656398083685, 0.0], [-120.8912080606927, 38.14362619973162, 0.0], [-120.89098192598959, 38.143616178120595, 0.0], [-120.8906759014133, 38.143497429873186, 0.0], [-120.89057269307203, 38.14341212764722, 0.0], [-120.89048388831797, 38.143350928148784, 0.0], [-120.89042456986482, 38.14331409778771, 0.0], [-120.89031896032675, 38.143312200138006, 0.0], [-120.8902598125535, 38.14326941328181, 0.0], [-120.89015437639029, 38.143261557741695, 0.0], [-120.89008802862003, 38.14320672083432, 0.0], [-120.89006642862903, 38.143170569344974, 0.0], [-120.89001413859465, 38.143151748238054, 0.0]]]]}}, {"type": "Feature", "properties": {"Symb_class": "P", "Crop2016": "Mixed Pasture", "County": "Calaveras", "Acres": 0.59679801, "SUBCLASS2": "3"}, "geometry": {"type": "MultiPolygon", "coordinates": [[[[-120.51088276636825, 38.13309483971711, 0.0], [-120.5095789839042, 38.133040862869, 0.0], [-120.50971734422092, 38.13283201681822, 0.0], [-120.5099062985527, 38.1328401419884, 0.0], [-120.51091185022386, 38.13292810913916, 0.0], [-120.51092342771128, 38.132963761899646, 0.0], [-120.51092387597058, 38.1330292132199, 0.0], [-120.51090900885262, 38.133064978279755, 0.0], [-120.51088276636825, 38.13309483971711, 0.0]]]]}}, {"type": "Feature", "properties": {"Symb_class": "V", "Crop2016": "Grapes", "County": "Calaveras", "Acres": 2.98521867, "SUBCLASS2": "**"}, "geometry": {"type": "MultiPolygon", "coordinates": [[[[-120.48854147391104, 38.15551123366862, 0.0], [-120.4885938223359, 38.15549219818111, 0.0], [-120.48859989584554, 38.15550029822387, 0.0], [-120.48860285669271, 38.15549783084368, 0.0], [-120.48861808493339, 38.155513643125296, 0.0], [-120.48872243683007, 38.155622009257534, 0.0], [-120.48886270067685, 38.15573490310055, 0.0], [-120.48916727267729, 38.15597522885136, 0.0], [-120.4894266333678, 38.15615844717781, 0.0], [-120.48971930718231, 38.15635118409025, 0.0], [-120.48998818642158, 38.156465397714776, 0.0], [-120.49021661542194, 38.156543919786856, 0.0], [-120.49039269420078, 38.15660578633009, 0.0], [-120.49039181744504, 38.156616306971266, 0.0], [-120.49024040909885, 38.15676283008747, 0.0], [-120.49024040909885, 38.1567818659497, 0.0], [-120.49024447307718, 38.156798120844364, 0.0], [-120.48993345925784, 38.15708881668797, 0.0], [-120.48988348867353, 38.15708881668797, 0.0], [-120.48978727371671, 38.15707626673342, 0.0], [-120.48963940024116, 38.157017117970966, 0.0], [-120.48952419220429, 38.156955566815235, 0.0], [-120.48936000801815, 38.15683421401543, 0.0], [-120.48915061611528, 38.15666289331852, 0.0], [-120.48866520516333, 38.15624886769881, 0.0], [-120.48836777297277, 38.1560228179521, 0.0], [-120.48822738426014, 38.1559347783386, 0.0], [-120.4882128225694, 38.155909079730854, 0.0], [-120.48823690280891, 38.155877672192744, 0.0], [-120.48827021503458, 38.15583959999122, 0.0], [-120.48829638924701, 38.15580152776985, 0.0], [-120.48829401140644, 38.15579201006459, 0.0], [-120.48828488362486, 38.155762807781855, 0.0], [-120.4882821132205, 38.155753939231104, 0.0], [-120.48854147391104, 38.15551123366862, 0.0]]]]}}, {"type": "Feature", "properties": {"Symb_class": "V", "Crop2016": "Grapes", "County": "Calaveras", "Acres": 2.04910948, "SUBCLASS2": "**"}, "geometry": {"type": "MultiPolygon", "coordinates": [[[[-120.47272127039183, 38.02848668414728, 0.0], [-120.47229772461688, 38.028243978774995, 0.0], [-120.47223585943989, 38.02817259581275, 0.0], [-120.47239290381617, 38.02792513070624, 0.0], [-120.47243573369228, 38.0278632662449, 0.0], [-120.47248808121886, 38.02767290888416, 0.0], [-120.47255470836514, 38.027211292724644, 0.0], [-120.47264512739174, 38.026711606315665, 0.0], [-120.47267843961743, 38.02652124879309, 0.0], [-120.47272126859524, 38.02639275794645, 0.0], [-120.47278789394491, 38.02622143693883, 0.0], [-120.47279741159534, 38.026245231665115, 0.0], [-120.47274982334316, 38.026411793825105, 0.0], [-120.4728497609185, 38.02648317779534, 0.0], [-120.47276410026795, 38.02697810488418, 0.0], [-120.4727926541176, 38.027059007926304, 0.0], [-120.4726165726438, 38.0278632662449, 0.0], [-120.47260229571899, 38.027944166894315, 0.0], [-120.4726641617943, 38.02798223925575, 0.0], [-120.47270699256873, 38.028063139773835, 0.0], [-120.4727165111175, 38.02818687184472, 0.0], [-120.47270223419267, 38.02827729301738, 0.0], [-120.47272126859524, 38.028315363082875, 0.0], [-120.47274982424148, 38.0282868089435, 0.0], [-120.47278789394491, 38.0281297662851, 0.0], [-120.47279265321927, 38.028086933901974, 0.0], [-120.47278789484322, 38.02801079209859, 0.0], [-120.4727165111175, 38.02788705973033, 0.0], [-120.47274982334316, 38.0278394713365, 0.0], [-120.47281168941846, 38.027810917719265, 0.0], [-120.47292590302034, 38.028044104324245, 0.0], [-120.47291638536989, 38.02822970275417, 0.0], [-120.47289259079461, 38.028315363082875, 0.0], [-120.47299728584775, 38.02834867516998, 0.0], [-120.47312101889665, 38.02839150527728, 0.0], [-120.47316860804716, 38.02841530000639, 0.0], [-120.47321619719763, 38.028381987949565, 0.0], [-120.47324951032164, 38.02834391579588, 0.0], [-120.4733589637508, 38.02838674732115, 0.0], [-120.47338276012267, 38.02842005866823, 0.0], [-120.47360642895033, 38.028453372122925, 0.0], [-120.47367781267607, 38.028453372122925, 0.0], [-120.47374443802575, 38.028453372122925, 0.0], [-120.47387768692846, 38.02847716612437, 0.0], [-120.47393955300375, 38.0285057201895, 0.0], [-120.47410135665442, 38.02865324616471, 0.0], [-120.47413942815449, 38.028686558805795, 0.0], [-120.47410611503048, 38.028734148064615, 0.0], [-120.47397286612775, 38.028753184042536, 0.0], [-120.47369208870258, 38.028729388715554, 0.0], [-120.47353980360066, 38.02869607680156, 0.0], [-120.47329233929943, 38.02866752422581, 0.0], [-120.47321143882158, 38.02865324616471, 0.0], [-120.4730068052948, 38.02860565685334, 0.0], [-120.47272127039183, 38.02848668414728, 0.0]]]]}}, {"type": "Feature", "properties": {"Symb_class": "YP", "Crop2016": "Young Perennials", "County": "Calaveras", "Acres": 60.2289579, "SUBCLASS2": "**"}, "geometry": {"type": "MultiPolygon", "coordinates": [[[[-120.93516669870952, 38.100553459768165, 0.0], [-120.93527470225781, 38.10049014813813, 0.0], [-120.93537838760453, 38.100334238747216, 0.0], [-120.93555940262587, 38.10031378988575, 0.0], [-120.93557061539722, 38.10048335330913, 0.0], [-120.93559128742857, 38.10280620499429, 0.0], [-120.93558310377631, 38.10282584518478, 0.0], [-120.9353570553115, 38.10303999671747, 0.0], [-120.93516669781121, 38.10330173717709, 0.0], [-120.93490633010926, 38.103674333979015, 0.0], [-120.93484818305922, 38.104318043124, 0.0], [-120.93506927372202, 38.10460194790415, 0.0], [-120.93501064068343, 38.10474521571875, 0.0], [-120.93364644741486, 38.104748038250015, 0.0], [-120.93171719406963, 38.10475200308275, 0.0], [-120.93158852837148, 38.104590859921124, 0.0], [-120.93083833270133, 38.104615615258204, 0.0], [-120.9307739738011, 38.10460944003199, 0.0], [-120.92981237669679, 38.10462363824477, 0.0], [-120.92980060966488, 38.10367839076442, 0.0], [-120.92880758859363, 38.10361106605218, 0.0], [-120.9286410265669, 38.10352183713839, 0.0], [-120.92859343831472, 38.10346829931364, 0.0], [-120.92851015460643, 38.10337906881175, 0.0], [-120.9284863609295, 38.103218456319894, 0.0], [-120.92846256725255, 38.10267712772716, 0.0], [-120.92852800233449, 38.10251651510601, 0.0], [-120.92864697521071, 38.102135800778925, 0.0], [-120.92868266617526, 38.10192165013051, 0.0], [-120.92870646164884, 38.10162421688695, 0.0], [-120.9287302571224, 38.10154688410185, 0.0], [-120.92905743163371, 38.101523091231094, 0.0], [-120.9304434683367, 38.101130478762045, 0.0], [-120.93216857773697, 38.10051181919902, 0.0], [-120.93379255929415, 38.099887211348296, 0.0], [-120.9339769681506, 38.099833672981134, 0.0], [-120.93404240323251, 38.099833672981134, 0.0], [-120.93410783831446, 38.099887209934444, 0.0], [-120.93411378695828, 38.100012133345544, 0.0], [-120.9341375806352, 38.1008270979108, 0.0], [-120.93422086344518, 38.10083899516741, 0.0], [-120.93440851971143, 38.100782344273966, 0.0], [-120.93440783609348, 38.10099871229148, 0.0], [-120.93438664663256, 38.10123689613632, 0.0], [-120.93465534800539, 38.10146330788026, 0.0], [-120.93465796928939, 38.10167274485199, 0.0], [-120.93472017402956, 38.10181507328759, 0.0], [-120.93503530572619, 38.1018887907152, 0.0], [-120.93505852088808, 38.10181244433315, 0.0], [-120.93528692204063, 38.10171546207395, 0.0], [-120.9351039963027, 38.10158359274391, 0.0], [-120.93487225880716, 38.10141401985638, 0.0], [-120.93484451703456, 38.10112861182639, 0.0], [-120.93463683103245, 38.100949329935624, 0.0], [-120.93460428237475, 38.10072324601853, 0.0], [-120.93516669870952, 38.100553459768165, 0.0]]]]}}, {"type": "Feature", "properties": {"Symb_class": "V", "Crop2016": "Grapes", "County": "Calaveras", "Acres": 3.19358132, "SUBCLASS2": "**"}, "geometry": {"type": "MultiPolygon", "coordinates": [[[[-120.70256891987056, 38.049699781810496, 0.0], [-120.7005149902454, 38.049597516861674, 0.0], [-120.70054755776772, 38.0492069861629, 0.0], [-120.70066635098087, 38.048996842163575, 0.0], [-120.70267124606626, 38.04902322497355, 0.0], [-120.7026716943256, 38.049070825778, 0.0], [-120.70256891987056, 38.049699781810496, 0.0]]]]}}, {"type": "Feature", "properties": {"Symb_class": "V", "Crop2016": "Grapes", "County": "Calaveras", "Acres": 9.42882136, "SUBCLASS2": "**"}, "geometry": {"type": "MultiPolygon", "coordinates": [[[[-120.46662524897492, 38.12840825202058, 0.0], [-120.46655743335748, 38.12832616080106, 0.0], [-120.46651460437968, 38.12826548428495, 0.0], [-120.46651817158967, 38.12773367471562, 0.0], [-120.46652888040616, 38.12762659918721, 0.0], [-120.46661454015842, 38.12751595421539, 0.0], [-120.46667164785765, 38.12745884702188, 0.0], [-120.46693576872086, 38.12707337406415, 0.0], [-120.4669607517672, 38.12703411307708, 0.0], [-120.4669928764201, 38.12698771415119, 0.0], [-120.46698930561685, 38.12692703793595, 0.0], [-120.4670000126367, 38.12686636096356, 0.0], [-120.46701072055488, 38.12682709986515, 0.0], [-120.467024998378, 38.12678427013006, 0.0], [-120.46702142937141, 38.12674500898749, 0.0], [-120.46719631878081, 38.12675214834227, 0.0], [-120.4672105957056, 38.126777132191755, 0.0], [-120.46723201064367, 38.12684137714461, 0.0], [-120.46725699638499, 38.12686636096356, 0.0], [-120.46732124119914, 38.12688063823534, 0.0], [-120.46734622514383, 38.12681639331705, 0.0], [-120.46734622514383, 38.126787838745635, 0.0], [-120.46736407107527, 38.12675571625274, 0.0], [-120.46739619303321, 38.12674500828088, 0.0], [-120.4675924991773, 38.12676285419313, 0.0], [-120.46763889895834, 38.126791408067646, 0.0], [-120.46766031389642, 38.126819961931055, 0.0], [-120.46766031389642, 38.12685565371459, 0.0], [-120.46769243675264, 38.12689134477397, 0.0], [-120.46771385169072, 38.12689848411443, 0.0], [-120.46772455871059, 38.1269091906505, 0.0], [-120.46779237522632, 38.12688063823534, 0.0], [-120.46786375805377, 38.12683066989192, 0.0], [-120.46792443475961, 38.12680211603276, 0.0], [-120.46828135428663, 38.12681282399625, 0.0], [-120.46835630612065, 38.126819961931055, 0.0], [-120.46864184192191, 38.126834239211895, 0.0], [-120.46876319443535, 38.12684851578328, 0.0], [-120.46886670011902, 38.12686279235183, 0.0], [-120.46890953089346, 38.12688063823534, 0.0], [-120.46895236076955, 38.12693060725116, 0.0], [-120.46899519244232, 38.12699485206889, 0.0], [-120.46902017638698, 38.12708408198786, 0.0], [-120.46905229924323, 38.127273248687935, 0.0], [-120.4690772822896, 38.127366048973904, 0.0], [-120.46910583703755, 38.12745884702188, 0.0], [-120.46935568007761, 38.12836899104478, 0.0], [-120.46936638799582, 38.12841182126337, 0.0], [-120.46905586824987, 38.12842966676814, 0.0], [-120.46907371328295, 38.12836542179984, 0.0], [-120.46907728318791, 38.128336867834335, 0.0], [-120.46904873023662, 38.12829760682014, 0.0], [-120.46897734471426, 38.12828689907445, 0.0], [-120.46890953179177, 38.12827976128309, 0.0], [-120.46884528607927, 38.12829760682014, 0.0], [-120.46883457726277, 38.12834400703343, 0.0], [-120.4688381471677, 38.128404682777564, 0.0], [-120.46885599309915, 38.12842609823288, 0.0], [-120.46883100825613, 38.12844037519955, 0.0], [-120.46877033244859, 38.12844037519955, 0.0], [-120.46867396387988, 38.128383268022674, 0.0], [-120.46863113310542, 38.128383268022674, 0.0], [-120.46856331928464, 38.12839754499771, 0.0], [-120.46852405931345, 38.12840825202058, 0.0], [-120.46847408872917, 38.128368990338124, 0.0], [-120.46855618037307, 38.12830474531642, 0.0], [-120.46862042698388, 38.128247638740035, 0.0], [-120.46865611884674, 38.12820480771846, 0.0], [-120.46865611794841, 38.1281691173012, 0.0], [-120.46856688918957, 38.12816197808506, 0.0], [-120.46849907357213, 38.12823693098701, 0.0], [-120.46846338081096, 38.12827262278436, 0.0], [-120.46841698282654, 38.12827619203384, 0.0], [-120.46837772195704, 38.12827262278436, 0.0], [-120.46833846018922, 38.12829046902982, 0.0], [-120.46834203009418, 38.128319022306876, 0.0], [-120.46834202919585, 38.128383268022674, 0.0], [-120.46831704525117, 38.12841895904182, 0.0], [-120.46823495540387, 38.12843680595815, 0.0], [-120.46758179215742, 38.12844751297521, 0.0], [-120.46758179215742, 38.128397544291055, 0.0], [-120.46755323830783, 38.128372560289485, 0.0], [-120.46751754644494, 38.128340437080674, 0.0], [-120.46747114666388, 38.12834400632677, 0.0], [-120.46744259281425, 38.12836899104478, 0.0], [-120.46741403896463, 38.12842966676814, 0.0], [-120.46740690095139, 38.12845108292279, 0.0], [-120.46670020170725, 38.1284368052515, 0.0], [-120.46662524897492, 38.12840825202058, 0.0]]]]}}, {"type": "Feature", "properties": {"Symb_class": "C", "Crop2016": "Olives", "County": "Calaveras", "Acres": 1.96540581, "SUBCLASS2": "6"}, "geometry": {"type": "MultiPolygon", "coordinates": [[[[-120.56254263167142, 38.09953975594252, 0.0], [-120.56225197726968, 38.09944512471423, 0.0], [-120.5615467683306, 38.09901457596184, 0.0], [-120.56184869119927, 38.09863516888017, 0.0], [-120.56184869209758, 38.09861395535283, 0.0], [-120.56184869209758, 38.09859055387288, 0.0], [-120.56188476574444, 38.09857151414105, 0.0], [-120.56195576678789, 38.09853404120845, 0.0], [-120.56230248774148, 38.09812530731285, 0.0], [-120.56232161017893, 38.098102763894424, 0.0], [-120.56235135339799, 38.098093840971536, 0.0], [-120.56248421243187, 38.098131662648306, 0.0], [-120.56260119643807, 38.098126557878885, 0.0], [-120.56263391397901, 38.09814737919958, 0.0], [-120.56264581126663, 38.09818604492697, 0.0], [-120.56258930004873, 38.098239583087405, 0.0], [-120.56246140330848, 38.09831394106801, 0.0], [-120.56227996877391, 38.09840614474568, 0.0], [-120.56214716274063, 38.098538950836705, 0.0], [-120.56218345018654, 38.09856186879327, 0.0], [-120.56221009960777, 38.09863039710954, 0.0], [-120.56219106340858, 38.098717960818604, 0.0], [-120.56223294107049, 38.09873319087729, 0.0], [-120.56229004966804, 38.09880552583656, 0.0], [-120.56221786464508, 38.09885443600023, 0.0], [-120.56227687497609, 38.09890773614377, 0.0], [-120.56223689994593, 38.09893438514055, 0.0], [-120.56229210411509, 38.09898197468094, 0.0], [-120.56241203010383, 38.09891344598748, 0.0], [-120.56245390686742, 38.09888489322985, 0.0], [-120.56242219633792, 38.098857144943814, 0.0], [-120.56260856801326, 38.09874080519853, 0.0], [-120.5627070817589, 38.09867930809732, 0.0], [-120.56273563560855, 38.09870595788435, 0.0], [-120.5626937579466, 38.098742125033, 0.0], [-120.5627469058721, 38.09881694695338, 0.0], [-120.5628192400154, 38.09881694695338, 0.0], [-120.5628484217874, 38.098830165076976, 0.0], [-120.56303687485928, 38.099084292193865, 0.0], [-120.56304115802656, 38.09918137267312, 0.0], [-120.56299261666187, 38.09920136093736, 0.0], [-120.5630197430885, 38.09924704726709, 0.0], [-120.56263141576423, 38.099546859076455, 0.0], [-120.56258857870158, 38.09954343192755, 0.0], [-120.56254263167142, 38.09953975594252, 0.0]], [[-120.5624291618746, 38.09942740997556, 0.0], [-120.56255479665703, 38.09946548191903, 0.0], [-120.56287650042825, 38.09920849874343, 0.0], [-120.56284223598836, 38.099172331825656, 0.0], [-120.56263093875877, 38.09931319614695, 0.0], [-120.56258906109689, 38.09929225710243, 0.0], [-120.56249388279589, 38.09936839969648, 0.0], [-120.56245771482592, 38.099358880992895, 0.0], [-120.5623987035966, 38.09939695297207, 0.0], [-120.56236063299485, 38.09936839898955, 0.0], [-120.56245390686742, 38.09929035265289, 0.0], [-120.56242535391615, 38.09925989629916, 0.0], [-120.56261190435625, 38.09913426114328, 0.0], [-120.56257192932608, 38.09909999581562, 0.0], [-120.5626937579466, 38.099021949899175, 0.0], [-120.56272421532634, 38.09900672202148, 0.0], [-120.56268994998813, 38.098970554296905, 0.0], [-120.56275086384923, 38.098936288892425, 0.0], [-120.56269946763858, 38.09885062919907, 0.0], [-120.5626176140482, 38.09890392934539, 0.0], [-120.5626328440855, 38.09894390389944, 0.0], [-120.56258335140495, 38.09897436109176, 0.0], [-120.56260048317573, 38.09901623865013, 0.0], [-120.56256812226593, 38.09907334617228, 0.0], [-120.56229971913376, 38.0992541850687, 0.0], [-120.56221024962642, 38.0991837528851, 0.0], [-120.56225022465654, 38.09914948899445, 0.0], [-120.56201418423082, 38.098936288892425, 0.0], [-120.56204844687406, 38.098909639896334, 0.0], [-120.56191900503153, 38.098785907187114, 0.0], [-120.56187141588101, 38.09882778626735, 0.0], [-120.5619646897536, 38.09889631433426, 0.0], [-120.56193042711035, 38.09893438584749, 0.0], [-120.56202370098295, 38.09900672131454, 0.0], [-120.56199895509178, 38.09904288902121, 0.0], [-120.5621074581034, 38.099105707058165, 0.0], [-120.56207890515208, 38.09913997096928, 0.0], [-120.56216456490431, 38.099195173942796, 0.0], [-120.56212839693434, 38.09922372799295, 0.0], [-120.56223309378409, 38.09929987065847, 0.0], [-120.56219882934421, 38.09933413518549, 0.0], [-120.56224070700613, 38.09936839969648, 0.0], [-120.5624291618746, 38.09942740997556, 0.0]]]]}}, {"type": "Feature", "properties": {"Symb_class": "C", "Crop2016": "Olives", "County": "Calaveras", "Acres": 0.66427346, "SUBCLASS2": "6"}, "geometry": {"type": "MultiPolygon", "coordinates": [[[[-120.65321092639749, 38.19708029367222, 0.0], [-120.65310554143822, 38.197061552842406, 0.0], [-120.65311313040577, 38.197021442113304, 0.0], [-120.65305944977932, 38.19701008719222, 0.0], [-120.65305388022458, 38.196996855078254, 0.0], [-120.65296631694224, 38.19690167598716, 0.0], [-120.65282164326574, 38.1968483760936, 0.0], [-120.65285971566412, 38.19669609087195, 0.0], [-120.65301580872452, 38.19660472015086, 0.0], [-120.65314144530353, 38.19664659817689, 0.0], [-120.65328611538678, 38.19675319822036, 0.0], [-120.65346504990988, 38.196844568049144, 0.0], [-120.65380031824192, 38.196999585794806, 0.0], [-120.65380031914023, 38.19704178410684, 0.0], [-120.65380031824192, 38.197070935259525, 0.0], [-120.65374701939949, 38.19717562996223, 0.0], [-120.65321092639749, 38.19708029367222, 0.0]]]]}}, {"type": "Feature", "properties": {"Symb_class": "D", "Crop2016": "Pomegranates", "County": "Calaveras", "Acres": 2.34465219, "SUBCLASS2": "15"}, "geometry": {"type": "MultiPolygon", "coordinates": [[[[-120.48157990236163, 38.09817217065259, 0.0], [-120.48259831072114, 38.09817455019049, 0.0], [-120.4826197265575, 38.09819596602829, 0.0], [-120.48265541842039, 38.09822213881188, 0.0], [-120.4826510705744, 38.09824242495717, 0.0], [-120.48264828130543, 38.09825545231292, 0.0], [-120.48260782926988, 38.098272108350834, 0.0], [-120.48259593198226, 38.09831493925608, 0.0], [-120.48255548174333, 38.098338733171445, 0.0], [-120.48252216861933, 38.09837442473691, 0.0], [-120.48249834709463, 38.098429501041124, 0.0], [-120.48243954068118, 38.09849331072167, 0.0], [-120.48230569619545, 38.09864202821158, 0.0], [-120.48226405658708, 38.09869853867174, 0.0], [-120.4821659039642, 38.09879966682275, 0.0], [-120.4821212891356, 38.09882643532965, 0.0], [-120.48198149600603, 38.09882346199418, 0.0], [-120.48086314917283, 38.09883238412104, 0.0], [-120.48084530324141, 38.098802640866126, 0.0], [-120.48084530234308, 38.0987242058217, 0.0], [-120.48082085469265, 38.09870992870038, 0.0], [-120.48082209616436, 38.09860256601617, 0.0], [-120.48082353167219, 38.09847835772974, 0.0], [-120.48097022476144, 38.0983178256596, 0.0], [-120.48115760704151, 38.09825536465327, 0.0], [-120.4812081714122, 38.09824346768299, 0.0], [-120.48130929835702, 38.098225621870434, 0.0], [-120.48133355825958, 38.098221000649815, 0.0], [-120.48137764757372, 38.098188826709475, 0.0], [-120.48157373003733, 38.098184517244086, 0.0], [-120.48157990236163, 38.09817217065259, 0.0]]]]}}, {"type": "Feature", "properties": {"Symb_class": "D", "Crop2016": "Walnuts", "County": "Calaveras", "Acres": 14.18201579, "SUBCLASS2": "13"}, "geometry": {"type": "MultiPolygon", "coordinates": [[[[-120.5742917314084, 38.39609958385578, 0.0], [-120.57419540955205, 38.39619524899147, 0.0], [-120.5738807863019, 38.39630147319072, 0.0], [-120.57395372501139, 38.39632016896596, 0.0], [-120.57387041704857, 38.39653002105464, 0.0], [-120.57386011966048, 38.39676809097802, 0.0], [-120.5735086556022, 38.39681736427867, 0.0], [-120.57331432305678, 38.39678972386692, 0.0], [-120.57296307818741, 38.39686755701455, 0.0], [-120.57277072373226, 38.397096968344414, 0.0], [-120.57258932782526, 38.397173994341344, 0.0], [-120.5722021242934, 38.397309119652554, 0.0], [-120.57172962662362, 38.39739704379568, 0.0], [-120.57143911325736, 38.3974841068052, 0.0], [-120.57118499423655, 38.397570995815144, 0.0], [-120.57096661379099, 38.39757202791941, 0.0], [-120.57117015766131, 38.397218796065296, 0.0], [-120.57133898523918, 38.3970847062166, 0.0], [-120.57164089912469, 38.39690238206355, 0.0], [-120.57182368472544, 38.397006246009404, 0.0], [-120.57200566633404, 38.39700538497709, 0.0], [-120.5721983163349, 38.39681405672306, 0.0], [-120.57233052498854, 38.396651577268784, 0.0], [-120.57230450259138, 38.39642320016643, 0.0], [-120.5722073731496, 38.396414139188515, 0.0], [-120.57125047692918, 38.396618603715595, 0.0], [-120.5708976249738, 38.396486981111096, 0.0], [-120.57065447258594, 38.3964214837202, 0.0], [-120.57039823893093, 38.39623227801118, 0.0], [-120.57016707456056, 38.396147681863056, 0.0], [-120.57008149386006, 38.39606239776671, 0.0], [-120.56981349676641, 38.395920850656715, 0.0], [-120.56982497274414, 38.39583510866399, 0.0], [-120.57001922893276, 38.395853234988074, 0.0], [-120.57024886077727, 38.39573790119256, 0.0], [-120.57053856835473, 38.395546116881945, 0.0], [-120.57075679518839, 38.39552604519798, 0.0], [-120.57095127056591, 38.395572729860596, 0.0], [-120.57125434866805, 38.39554273534323, 0.0], [-120.57147491740966, 38.3958273163005, 0.0], [-120.57166873611874, 38.39578831504388, 0.0], [-120.57165543296767, 38.39563604618086, 0.0], [-120.57161771989544, 38.395464848669874, 0.0], [-120.57159265330574, 38.39536023973792, 0.0], [-120.57148302560341, 38.3953036327686, 0.0], [-120.57147009076162, 38.395198965871266, 0.0], [-120.57116715998319, 38.395248002272396, 0.0], [-120.57103319781815, 38.39518198980206, 0.0], [-120.57151722805953, 38.3950178472287, 0.0], [-120.57151678878336, 38.3949607253286, 0.0], [-120.57171038560854, 38.3948931629742, 0.0], [-120.57216358207612, 38.39545274467607, 0.0], [-120.57233335468166, 38.39544241981, 0.0], [-120.57248740676975, 38.39496565017838, 0.0], [-120.57246219105973, 38.394841997977096, 0.0], [-120.5731171599199, 38.394819851953834, 0.0], [-120.57358257167873, 38.395388891006036, 0.0], [-120.57377660688176, 38.39537844996288, 0.0], [-120.5738382223271, 38.39550192734694, 0.0], [-120.57360830302173, 38.39557918526652, 0.0], [-120.57368146181845, 38.39562644228453, 0.0], [-120.5740572567462, 38.395586574237974, 0.0], [-120.57426496879947, 38.39577600270692, 0.0], [-120.5742917314084, 38.39609958385578, 0.0]]]]}}, {"type": "Feature", "properties": {"Symb_class": "P", "Crop2016": "Mixed Pasture", "County": "Calaveras", "Acres": 7.73324103, "SUBCLASS2": "3"}, "geometry": {"type": "MultiPolygon", "coordinates": [[[[-120.55490462781479, 38.11142142572958, 0.0], [-120.55489475982135, 38.11141988913496, 0.0], [-120.55489719066253, 38.11141476479659, 0.0], [-120.55513082629825, 38.110922353785014, 0.0], [-120.55538377481426, 38.11080694008956, 0.0], [-120.55560216693794, 38.11092017893037, 0.0], [-120.55580235739733, 38.11086960028886, 0.0], [-120.55569665712943, 38.110624607311735, 0.0], [-120.55597370385124, 38.11049956068291, 0.0], [-120.55611837662943, 38.11045129020679, 0.0], [-120.55630983187099, 38.11019335329923, 0.0], [-120.55648990905117, 38.11003067208655, 0.0], [-120.55670652610382, 38.1099059043417, 0.0], [-120.55693240838036, 38.11004790291102, 0.0], [-120.55698373991233, 38.11001523728483, 0.0], [-120.55717885489032, 38.11014372765143, 0.0], [-120.55730258793925, 38.11031028973907, 0.0], [-120.55754053369171, 38.110567272035475, 0.0], [-120.55784510389553, 38.11090039601977, 0.0], [-120.55796883694445, 38.1112715920513, 0.0], [-120.55719313271345, 38.11113834331702, 0.0], [-120.55741680333773, 38.11185693874264, 0.0], [-120.55693139058913, 38.11173796565459, 0.0], [-120.5556226880523, 38.11153333199871, 0.0], [-120.55544514142628, 38.11150566273072, 0.0], [-120.55505223988057, 38.111731957128924, 0.0], [-120.55473680724832, 38.11157156302613, 0.0], [-120.55488732985565, 38.111459593203115, 0.0], [-120.55490462781479, 38.11142142572958, 0.0]]]]}}, {"type": "Feature", "properties": {"Symb_class": "V", "Crop2016": "Grapes", "County": "Calaveras", "Acres": 2.6772003, "SUBCLASS2": "**"}, "geometry": {"type": "MultiPolygon", "coordinates": [[[[-120.78209980199114, 38.25300732632422, 0.0], [-120.78209504181842, 38.252550468834876, 0.0], [-120.7845030567859, 38.252540951777725, 0.0], [-120.78449829840982, 38.25301208517514, 0.0], [-120.78209980199114, 38.25300732632422, 0.0]]]]}}, {"type": "Feature", "properties": {"Symb_class": "V", "Crop2016": "Grapes", "County": "Calaveras", "Acres": 1.90857489, "SUBCLASS2": "**"}, "geometry": {"type": "MultiPolygon", "coordinates": [[[[-120.47785257665214, 38.02994529399047, 0.0], [-120.47826660298009, 38.02968117383006, 0.0], [-120.47890905830835, 38.02995600128629, 0.0], [-120.47914462442361, 38.030020245735884, 0.0], [-120.4793552065942, 38.03008092315973, 0.0], [-120.47938733034877, 38.030098770034044, 0.0], [-120.47927668395688, 38.03017015324215, 0.0], [-120.4792766848552, 38.03018799867952, 0.0], [-120.47926597693701, 38.03020941390623, 0.0], [-120.4787448750205, 38.03057704087045, 0.0], [-120.47864136843852, 38.030612732957735, 0.0], [-120.47851644691849, 38.03061987109008, 0.0], [-120.47835940164387, 38.03060202505032, 0.0], [-120.47827017288502, 38.030566333665405, 0.0], [-120.4781880821394, 38.03047710265036, 0.0], [-120.47817023441134, 38.03040571903375, 0.0], [-120.47810598959717, 38.03027366025635, 0.0], [-120.47802032984494, 38.030145168207376, 0.0], [-120.47794537621428, 38.03007378497487, 0.0], [-120.47785257575381, 38.029973846775825, 0.0], [-120.47785257665214, 38.02994529399047, 0.0]]]]}}, {"type": "Feature", "properties": {"Symb_class": "V", "Crop2016": "Grapes", "County": "Calaveras", "Acres": 8.72275504, "SUBCLASS2": "**"}, "geometry": {"type": "MultiPolygon", "coordinates": [[[[-120.43862525743893, 38.12551408418691, 0.0], [-120.43861544064953, 38.12551451101491, 0.0], [-120.43857521588771, 38.125211851183906, 0.0], [-120.4383488161816, 38.125255517833736, 0.0], [-120.43837889986216, 38.12552479375268, 0.0], [-120.43836256399872, 38.1255255039548, 0.0], [-120.43842913634779, 38.1261523856963, 0.0], [-120.43723177100725, 38.12624756885729, 0.0], [-120.43716345772319, 38.12605048769343, 0.0], [-120.43715168440305, 38.12601652189639, 0.0], [-120.43672168782602, 38.12587195384646, 0.0], [-120.43638665934418, 38.125910024728, 0.0], [-120.43632193932123, 38.12567779020451, 0.0], [-120.43656178860375, 38.125441746700076, 0.0], [-120.43672549488618, 38.125323727135005, 0.0], [-120.43697676624757, 38.12527042506458, 0.0], [-120.43721661642842, 38.125095298300145, 0.0], [-120.43735367239132, 38.12501154125855, 0.0], [-120.43757829343318, 38.12493920468705, 0.0], [-120.43776865003514, 38.124836413166435, 0.0], [-120.43797042871596, 38.12477549913338, 0.0], [-120.43820647093831, 38.124764077128155, 0.0], [-120.43886129966131, 38.12471839120947, 0.0], [-120.43964556932853, 38.124729811808464, 0.0], [-120.4404755264128, 38.124729811808464, 0.0], [-120.44074964103355, 38.124714582929364, 0.0], [-120.44081816811666, 38.124771692269626, 0.0], [-120.44078009571831, 38.12489352029134, 0.0], [-120.44075725425556, 38.12504580503265, 0.0], [-120.44072298981568, 38.125110525686516, 0.0], [-120.4406430397554, 38.125163827167015, 0.0], [-120.44063161767656, 38.125247583327265, 0.0], [-120.44052121113488, 38.12526661893326, 0.0], [-120.44034988983378, 38.125270425771255, 0.0], [-120.44022806211157, 38.125285653827724, 0.0], [-120.44013288291228, 38.12531991888648, 0.0], [-120.44011384761141, 38.125399868743344, 0.0], [-120.43946663300876, 38.1254531678926, 0.0], [-120.43870139864242, 38.12549123969916, 0.0], [-120.43862525743893, 38.12551408418691, 0.0]]]]}}, {"type": "Feature", "properties": {"Symb_class": "C", "Crop2016": "Olives", "County": "Calaveras", "Acres": 1.78473613, "SUBCLASS2": "6"}, "geometry": {"type": "MultiPolygon", "coordinates": [[[[-120.71583235369941, 38.04971850320471, 0.0], [-120.71579325632332, 38.049715358095696, 0.0], [-120.71577149822882, 38.04973639268967, 0.0], [-120.71576803971499, 38.04975063127066, 0.0], [-120.71569564807949, 38.04975160819227, 0.0], [-120.71564743729483, 38.04975067017778, 0.0], [-120.71563958332429, 38.04971237073717, 0.0], [-120.7156007805956, 38.04969969480004, 0.0], [-120.71557287173634, 38.04962762676057, 0.0], [-120.7155371583139, 38.04961262769747, 0.0], [-120.71552952532893, 38.04956717987386, 0.0], [-120.7154829449865, 38.04951382112469, 0.0], [-120.7154449588264, 38.04947493582947, 0.0], [-120.71542159364586, 38.049450640025626, 0.0], [-120.71541653074092, 38.04941954676122, 0.0], [-120.71539338834258, 38.0493881033181, 0.0], [-120.71538634914401, 38.049323592895185, 0.0], [-120.71540479874332, 38.04931203034752, 0.0], [-120.71626062101956, 38.04932628315915, 0.0], [-120.7165697708347, 38.049468190729385, 0.0], [-120.7165501929514, 38.049904116744486, 0.0], [-120.71657138780218, 38.0500952637906, 0.0], [-120.71657659892915, 38.050121591735035, 0.0], [-120.71658750537503, 38.0501587577105, 0.0], [-120.71622874520001, 38.05015774613178, 0.0], [-120.71622698989195, 38.050117181108234, 0.0], [-120.71574208379317, 38.05010060111044, 0.0], [-120.71573672264755, 38.05007904102408, 0.0], [-120.71575561781123, 38.050053179947476, 0.0], [-120.71571392610058, 38.0498425608818, 0.0], [-120.71587123008999, 38.04972879377973, 0.0], [-120.71583235369941, 38.04971850320471, 0.0]]]]}}, {"type": "Feature", "properties": {"Symb_class": "C", "Crop2016": "Olives", "County": "Calaveras", "Acres": 3.88127002, "SUBCLASS2": "6"}, "geometry": {"type": "MultiPolygon", "coordinates": [[[[-120.8871391389183, 38.136219605095704, 0.0], [-120.88668576368599, 38.136030244664596, 0.0], [-120.8866837173238, 38.1358919227278, 0.0], [-120.8868052566868, 38.135445876750246, 0.0], [-120.88682720971569, 38.135312756210375, 0.0], [-120.88696353534829, 38.135191228914145, 0.0], [-120.88694173593127, 38.13510977276261, 0.0], [-120.88670805537978, 38.135048347261794, 0.0], [-120.88662729144583, 38.13491814416327, 0.0], [-120.88671604679253, 38.13456210791668, 0.0], [-120.88676706930403, 38.13446765772437, 0.0], [-120.886812745043, 38.134349267664106, 0.0], [-120.88690449177959, 38.13430800318605, 0.0], [-120.88690737896492, 38.13420791765217, 0.0], [-120.88684114168744, 38.134201956903446, 0.0], [-120.88681535734383, 38.13425871400834, 0.0], [-120.88662212792961, 38.13426000493768, 0.0], [-120.88669166741404, 38.13415158233919, 0.0], [-120.88677684477098, 38.13391946094562, 0.0], [-120.88679331268678, 38.13376716715887, 0.0], [-120.88687672036258, 38.13338719300842, 0.0], [-120.887190899845, 38.13337854078099, 0.0], [-120.88722490377344, 38.13345544770596, 0.0], [-120.8873998902009, 38.13345859627978, 0.0], [-120.88741017231764, 38.13352077069225, 0.0], [-120.88720501507306, 38.133517080165554, 0.0], [-120.8871804389635, 38.13395056633349, 0.0], [-120.8879526568329, 38.13396922729871, 0.0], [-120.8878890058051, 38.13429233680994, 0.0], [-120.88729753076754, 38.134286465097716, 0.0], [-120.88721730222952, 38.13434701225007, 0.0], [-120.88712555279795, 38.134388276706005, 0.0], [-120.8871404792047, 38.13470803093414, 0.0], [-120.88703776224186, 38.13471095122862, 0.0], [-120.88701306036818, 38.13493939095523, 0.0], [-120.88785194041817, 38.134949716879774, 0.0], [-120.88783669960107, 38.135268928118585, 0.0], [-120.88704019218473, 38.13525459808129, 0.0], [-120.8869481669704, 38.13530539512207, 0.0], [-120.88706527674071, 38.135431481743, 0.0], [-120.88707418174012, 38.135541316996765, 0.0], [-120.88703605184958, 38.1356073892012, 0.0], [-120.88692578903833, 38.13566262608632, 0.0], [-120.8869000019998, 38.13571938276184, 0.0], [-120.88699476078754, 38.13578307790547, 0.0], [-120.88707169340678, 38.13583691565112, 0.0], [-120.88702684142295, 38.13592670778799, 0.0], [-120.8871525965796, 38.135962351311434, 0.0], [-120.88715177282448, 38.13599094610105, 0.0], [-120.88738093485009, 38.13599983895827, 0.0], [-120.88741878895785, 38.13594329871061, 0.0], [-120.88773887755819, 38.13593951927888, 0.0], [-120.8877931852087, 38.135940495755754, 0.0], [-120.88775806736929, 38.13611152879965, 0.0], [-120.88774393507325, 38.13618280222382, 0.0], [-120.8876355946567, 38.1361713162929, 0.0], [-120.8876394313613, 38.13624767975272, 0.0], [-120.8871391389183, 38.136219605095704, 0.0]]]]}}, {"type": "Feature", "properties": {"Symb_class": "V", "Crop2016": "Grapes", "County": "Calaveras", "Acres": 3.22551489, "SUBCLASS2": "**"}, "geometry": {"type": "MultiPolygon", "coordinates": [[[[-120.47694719162673, 38.02661166777577, 0.0], [-120.4769138811977, 38.02661166919104, 0.0], [-120.47687104862663, 38.026635463082954, 0.0], [-120.47662358522373, 38.02660215092448, 0.0], [-120.47658075534764, 38.02657835631407, 0.0], [-120.47744212112748, 38.0250697780915, 0.0], [-120.47797511943331, 38.025150679702726, 0.0], [-120.4778085574066, 38.02546476896277, 0.0], [-120.4778085574066, 38.02558374233036, 0.0], [-120.47782283433142, 38.02566940292219, 0.0], [-120.47782283433142, 38.02577409875057, 0.0], [-120.47777524518091, 38.02588355396358, 0.0], [-120.47768006687994, 38.026126258664036, 0.0], [-120.47766578995513, 38.02619764220483, 0.0], [-120.47768958363207, 38.02627378518493, 0.0], [-120.47771813838, 38.026340411200586, 0.0], [-120.47771813838, 38.02642607232304, 0.0], [-120.47775144970736, 38.02648317779534, 0.0], [-120.47782759180913, 38.0265307677778, 0.0], [-120.47789897643318, 38.0265926340719, 0.0], [-120.47788470040673, 38.02668781174085, 0.0], [-120.47790373570759, 38.026749677902394, 0.0], [-120.47785614565878, 38.02680678524533, 0.0], [-120.47781807505703, 38.02681630207003, 0.0], [-120.47700905770205, 38.02668781103321, 0.0], [-120.47697574457804, 38.02663546379059, 0.0], [-120.47694719162673, 38.02661166777577, 0.0]]]]}}, {"type": "Feature", "properties": {"Symb_class": "V", "Crop2016": "Grapes", "County": "Calaveras", "Acres": 0.6708159, "SUBCLASS2": "**"}, "geometry": {"type": "MultiPolygon", "coordinates": [[[[-120.45144055680684, 38.11289387988853, 0.0], [-120.45166643908337, 38.11197098665518, 0.0], [-120.45194735215418, 38.111995316825194, 0.0], [-120.4517712715787, 38.112889994658296, 0.0], [-120.45158091497673, 38.11286620124085, 0.0], [-120.451571396428, 38.11291379018834, 0.0], [-120.45144055680684, 38.11289387988853, 0.0]]]]}}, {"type": "Feature", "properties": {"Symb_class": "V", "Crop2016": "Grapes", "County": "Calaveras", "Acres": 22.96744664, "SUBCLASS2": "**"}, "geometry": {"type": "MultiPolygon", "coordinates": [[[[-120.52985908295885, 38.154970412115475, 0.0], [-120.5288823950561, 38.156667483292736, 0.0], [-120.52879970513418, 38.15668777227492, 0.0], [-120.52779566892092, 38.15673142432977, 0.0], [-120.52771521939731, 38.15673142503615, 0.0], [-120.52762580289058, 38.15679005414494, 0.0], [-120.52563050630398, 38.15680830098944, 0.0], [-120.52538277699978, 38.156694739878695, 0.0], [-120.52434640233459, 38.15673142503615, 0.0], [-120.52438066677446, 38.15485831389098, 0.0], [-120.52706469899445, 38.154789784651406, 0.0], [-120.5276586120597, 38.15478978606415, 0.0], [-120.52785277662015, 38.15492684094702, 0.0], [-120.52849237620413, 38.15486973401188, 0.0], [-120.52889212470892, 38.15485831318458, 0.0], [-120.5297373100339, 38.15494968399112, 0.0], [-120.52985908295885, 38.154970412115475, 0.0]]]]}}, {"type": "Feature", "properties": {"Symb_class": "YP", "Crop2016": "Young Perennials", "County": "Calaveras", "Acres": 0.97086163, "SUBCLASS2": "**"}, "geometry": {"type": "MultiPolygon", "coordinates": [[[[-120.93712382318473, 38.0995470958947, 0.0], [-120.93671475286222, 38.09945031280821, 0.0], [-120.93643327564943, 38.09940965988657, 0.0], [-120.93620626419057, 38.099375722699726, 0.0], [-120.93610487673438, 38.09924084118941, 0.0], [-120.93614822044684, 38.09908341065886, 0.0], [-120.93647482991781, 38.099109431842734, 0.0], [-120.9364647822614, 38.099030963902095, 0.0], [-120.93672678938873, 38.09896465995002, 0.0], [-120.93688085225658, 38.09896346029694, 0.0], [-120.93715568283461, 38.0991969589247, 0.0], [-120.93712382318473, 38.0995470958947, 0.0]]]]}}, {"type": "Feature", "properties": {"Symb_class": "V", "Crop2016": "Grapes", "County": "Calaveras", "Acres": 0.25624053, "SUBCLASS2": "**"}, "geometry": {"type": "MultiPolygon", "coordinates": [[[[-120.65895217885422, 38.09471762269434, 0.0], [-120.65895127874231, 38.09472323530405, 0.0], [-120.65888172757977, 38.09478995880047, 0.0], [-120.65864852403368, 38.09479115215935, 0.0], [-120.65858065990722, 38.09478150984746, 0.0], [-120.65854020876998, 38.09477675125753, 0.0], [-120.65850808681208, 38.094748198297594, 0.0], [-120.6584926196195, 38.094706555834335, 0.0], [-120.6584890524095, 38.094653019327374, 0.0], [-120.6585009479005, 38.09456616902747, 0.0], [-120.6584921677669, 38.09452940313062, 0.0], [-120.65853692632592, 38.09442111100216, 0.0], [-120.65892470388127, 38.09466714382936, 0.0], [-120.65892092287224, 38.09469228004903, 0.0], [-120.65895217885422, 38.09471762269434, 0.0]]]]}}, {"type": "Feature", "properties": {"Symb_class": "D", "Crop2016": "Miscellaneous Deciduous", "County": "Calaveras", "Acres": 2.27817847, "SUBCLASS2": "10"}, "geometry": {"type": "MultiPolygon", "coordinates": [[[[-120.9095935589142, 38.14098373477103, 0.0], [-120.90957728683114, 38.14091807085718, 0.0], [-120.90898128608117, 38.140922572094254, 0.0], [-120.90902014091216, 38.14014157469819, 0.0], [-120.90930521497936, 38.14014382286785, 0.0], [-120.9095230303846, 38.140145539728984, 0.0], [-120.90960104277885, 38.140148254912944, 0.0], [-120.90964818816158, 38.14029453274077, 0.0], [-120.9096311974263, 38.140360989936994, 0.0], [-120.90958498539314, 38.14039354590073, 0.0], [-120.9095798587078, 38.140467365694676, 0.0], [-120.9095982606964, 38.140563062906956, 0.0], [-120.90962666362906, 38.140625557680146, 0.0], [-120.90966439376932, 38.14067868179856, 0.0], [-120.90970500480667, 38.14073662788756, 0.0], [-120.9097321599794, 38.14073711114823, 0.0], [-120.90971895294808, 38.14056521073733, 0.0], [-120.90982090544462, 38.1404835790077, 0.0], [-120.90989860792007, 38.140511187131715, 0.0], [-120.91001097907727, 38.140699158217565, 0.0], [-120.91009911997632, 38.14078417464835, 0.0], [-120.91019546968045, 38.14079304289968, 0.0], [-120.9103945480255, 38.140798969903585, 0.0], [-120.91051018276212, 38.140872554016106, 0.0], [-120.91052890994085, 38.141168531670424, 0.0], [-120.91051904104916, 38.141196968279715, 0.0], [-120.90962467925061, 38.14122396429031, 0.0], [-120.90955850126193, 38.14121563375066, 0.0], [-120.90956160494123, 38.14100110807339, 0.0], [-120.9095935589142, 38.14098373477103, 0.0]]]]}}, {"type": "Feature", "properties": {"Symb_class": "V", "Crop2016": "Grapes", "County": "Calaveras", "Acres": 3.87932137, "SUBCLASS2": "**"}, "geometry": {"type": "MultiPolygon", "coordinates": [[[[-120.40845811621263, 38.17132713176958, 0.0], [-120.41019106880366, 38.17074575429355, 0.0], [-120.41053489897863, 38.171200487830085, 0.0], [-120.41051400955503, 38.171223815190615, 0.0], [-120.41024161610638, 38.17132617977802, 0.0], [-120.4102215396581, 38.17133372508752, 0.0], [-120.40827255930924, 38.17206614393896, 0.0], [-120.40823877456971, 38.17206107682452, 0.0], [-120.40796542621189, 38.17216177780102, 0.0], [-120.4078179012827, 38.17207992366355, 0.0], [-120.40784755107698, 38.171546218732715, 0.0], [-120.40797441385634, 38.17148940518472, 0.0], [-120.40845811621263, 38.17132713176958, 0.0]]]]}}, {"type": "Feature", "properties": {"Symb_class": "V", "Crop2016": "Grapes", "County": "Calaveras", "Acres": 0.64762326, "SUBCLASS2": "**"}, "geometry": {"type": "MultiPolygon", "coordinates": [[[[-120.44748300636478, 38.12876404623115, 0.0], [-120.4473833328941, 38.12851058908897, 0.0], [-120.44736773364922, 38.12843168069396, 0.0], [-120.44736900835859, 38.12841935970711, 0.0], [-120.44737371283574, 38.128373878175324, 0.0], [-120.44761385586739, 38.12851325029458, 0.0], [-120.44786948136294, 38.12866160705548, 0.0], [-120.44791336765785, 38.12868707924513, 0.0], [-120.44788721320833, 38.12875169703494, 0.0], [-120.44788409785093, 38.12875939514362, 0.0], [-120.4479107688317, 38.128766804236854, 0.0], [-120.44793510509106, 38.128773563223014, 0.0], [-120.44801600556896, 38.12872121480592, 0.0], [-120.44835388889676, 38.12897343884469, 0.0], [-120.44830357874928, 38.12901871719872, 0.0], [-120.44821111964863, 38.12910192977439, 0.0], [-120.44755439009052, 38.12886398306348, 0.0], [-120.44748300636478, 38.12876404623115, 0.0]]]]}}, {"type": "Feature", "properties": {"Symb_class": "C", "Crop2016": "Olives", "County": "Calaveras", "Acres": 7.73850226, "SUBCLASS2": "6"}, "geometry": {"type": "MultiPolygon", "coordinates": [[[[-120.9111126891114, 38.11751618280982, 0.0], [-120.91102823130502, 38.11751468026724, 0.0], [-120.91097380058532, 38.11751847973518, 0.0], [-120.91088974881744, 38.11750267971436, 0.0], [-120.91079674982933, 38.1163184423111, 0.0], [-120.91085131619465, 38.11630987569857, 0.0], [-120.91083378557187, 38.115866096090066, 0.0], [-120.91282577995148, 38.11585859875585, 0.0], [-120.91300474861059, 38.11741630465207, 0.0], [-120.91300820532777, 38.117506966837915, 0.0], [-120.91223546463893, 38.11751230489296, 0.0], [-120.91222266095119, 38.11732610668713, 0.0], [-120.91225980808481, 38.1172933877761, 0.0], [-120.91230325869678, 38.1172512450621, 0.0], [-120.91231641093086, 38.11721333080433, 0.0], [-120.91229390992962, 38.11715571022604, 0.0], [-120.91223425999814, 38.117130805773826, 0.0], [-120.91215583437888, 38.117129412062866, 0.0], [-120.91211828030843, 38.11717642929903, 0.0], [-120.91214016326876, 38.11746769505247, 0.0], [-120.9121326371833, 38.11752001478804, 0.0], [-120.9120181495953, 38.11751321094174, 0.0], [-120.91193972307772, 38.1175118158245, 0.0], [-120.9118656605758, 38.11693351412492, 0.0], [-120.9117577513506, 38.1169077530133, 0.0], [-120.91169139010564, 38.11690657203046, 0.0], [-120.91161804715426, 38.11693864726386, 0.0], [-120.91164128567235, 38.11718225291516, 0.0], [-120.91154476169504, 38.117180536927314, 0.0], [-120.91148416314263, 38.11718899601182, 0.0], [-120.91148280399162, 38.11723665635118, 0.0], [-120.9115303868539, 38.117261345208966, 0.0], [-120.91161471081128, 38.11726761265648, 0.0], [-120.9116566693216, 38.11727789726248, 0.0], [-120.91165794942086, 38.11744481624347, 0.0], [-120.91163794932939, 38.11751121933063, 0.0], [-120.91160724221803, 38.11752974668298, 0.0], [-120.91144435609745, 38.117526849730496, 0.0], [-120.9113237006767, 38.11752470404912, 0.0], [-120.91123320978485, 38.11752309408131, 0.0], [-120.9111126891114, 38.11751618280982, 0.0]]]]}}, {"type": "Feature", "properties": {"Symb_class": "V", "Crop2016": "Grapes", "County": "Calaveras", "Acres": 0.37640489, "SUBCLASS2": "**"}, "geometry": {"type": "MultiPolygon", "coordinates": [[[[-120.65196948431924, 38.19262904098999, 0.0], [-120.65167457369968, 38.19263063588628, 0.0], [-120.65165877502878, 38.192553366334224, 0.0], [-120.65165846331335, 38.192517665745825, 0.0], [-120.65161951056601, 38.19238696865539, 0.0], [-120.65158159806775, 38.192375272709484, 0.0], [-120.6515643962284, 38.19213735094961, 0.0], [-120.65187427008564, 38.19211782304339, 0.0], [-120.65196948431924, 38.19262904098999, 0.0]]]]}}, {"type": "Feature", "properties": {"Symb_class": "V", "Crop2016": "Grapes", "County": "Calaveras", "Acres": 0.65783062, "SUBCLASS2": "**"}, "geometry": {"type": "MultiPolygon", "coordinates": [[[[-120.5268182902137, 38.025482173981395, 0.0], [-120.52670779923038, 38.02586347489757, 0.0], [-120.52665573916471, 38.02597080779072, 0.0], [-120.52663352292943, 38.02603040801637, 0.0], [-120.52658091758636, 38.026060388910594, 0.0], [-120.52646749090873, 38.02602518428584, 0.0], [-120.52633134583752, 38.02597817918604, 0.0], [-120.52619553583793, 38.025978774303944, 0.0], [-120.52618698657136, 38.02583600389579, 0.0], [-120.52635276706377, 38.02580552685903, 0.0], [-120.52636706105659, 38.02569241023108, 0.0], [-120.52636664244166, 38.02563290879933, 0.0], [-120.52634325300662, 38.025525907292305, 0.0], [-120.52638776902052, 38.02541860771394, 0.0], [-120.52640269093571, 38.02539474124788, 0.0], [-120.52647763737984, 38.02532301018243, 0.0], [-120.52675004969312, 38.02543487132591, 0.0], [-120.5268182902137, 38.025482173981395, 0.0]]]]}}, {"type": "Feature", "properties": {"Symb_class": "P", "Crop2016": "Mixed Pasture", "County": "Calaveras", "Acres": 0.97948812, "SUBCLASS2": "3"}, "geometry": {"type": "MultiPolygon", "coordinates": [[[[-120.5575449120804, 38.058307542896785, 0.0], [-120.55731648308006, 38.05814573997992, 0.0], [-120.55747352835468, 38.05803152673142, 0.0], [-120.55775430398323, 38.05802676787163, 0.0], [-120.55801128593487, 38.05801724873657, 0.0], [-120.5581017058598, 38.05799821399931, 0.0], [-120.55815405428467, 38.0580362848835, 0.0], [-120.5581635719351, 38.058126705276074, 0.0], [-120.5582301972848, 38.0581933299008, 0.0], [-120.55831585793533, 38.0581933299008, 0.0], [-120.55835868781143, 38.058188571051545, 0.0], [-120.55841103443969, 38.058188571051545, 0.0], [-120.55851573128943, 38.05826471401673, 0.0], [-120.55853000821422, 38.058278989841355, 0.0], [-120.55864898109047, 38.05845506966843, 0.0], [-120.55830633758995, 38.05864066812717, 0.0], [-120.5580350796118, 38.058431276211614, 0.0], [-120.5577447863328, 38.0583075443114, 0.0], [-120.5575449120804, 38.058307542896785, 0.0]]]]}}, {"type": "Feature", "properties": {"Symb_class": "V", "Crop2016": "Grapes", "County": "Calaveras", "Acres": 2.08106485, "SUBCLASS2": "**"}, "geometry": {"type": "MultiPolygon", "coordinates": [[[[-120.50021565056007, 38.109478457988246, 0.0], [-120.49890545681984, 38.110097964023836, 0.0], [-120.49892964485718, 38.10964802276086, 0.0], [-120.49907352532128, 38.10947605832053, 0.0], [-120.49907261892119, 38.10934039532944, 0.0], [-120.49895425959427, 38.1092623426807, 0.0], [-120.49973930001602, 38.10873070004931, 0.0], [-120.49980274892286, 38.10873043710804, 0.0], [-120.49976821319176, 38.10898763277022, 0.0], [-120.49992421372568, 38.109272598727294, 0.0], [-120.50005111064102, 38.10927207072825, 0.0], [-120.50021565056007, 38.109478457988246, 0.0]]]]}}, {"type": "Feature", "properties": {"Symb_class": "P", "Crop2016": "Mixed Pasture", "County": "Calaveras", "Acres": 32.27757996, "SUBCLASS2": "3"}, "geometry": {"type": "MultiPolygon", "coordinates": [[[[-120.72093327803849, 38.036601539251244, 0.0], [-120.72122565900223, 38.03687112132377, 0.0], [-120.72121030409906, 38.037156829691725, 0.0], [-120.72099366818179, 38.03722953333406, 0.0], [-120.72084933496677, 38.03728752115504, 0.0], [-120.7207228369034, 38.037316840862076, 0.0], [-120.72054228361613, 38.03737504723792, 0.0], [-120.72038135402624, 38.037590223924475, 0.0], [-120.72038383068148, 38.03784726374921, 0.0], [-120.7203861707928, 38.038090024327616, 0.0], [-120.7204057953885, 38.038246994691825, 0.0], [-120.72044366836086, 38.03841813829094, 0.0], [-120.7205355983538, 38.03856039528849, 0.0], [-120.7204464199006, 38.038703738035025, 0.0], [-120.72037494095343, 38.03880413198572, 0.0], [-120.72041212491798, 38.03890387489283, 0.0], [-120.71600566476889, 38.040244031184685, 0.0], [-120.71345620017846, 38.038802542216594, 0.0], [-120.7141772221615, 38.03844124064751, 0.0], [-120.72093327803849, 38.036601539251244, 0.0]]]]}}, {"type": "Feature", "properties": {"Symb_class": "V", "Crop2016": "Grapes", "County": "Calaveras", "Acres": 1.32426787, "SUBCLASS2": "**"}, "geometry": {"type": "MultiPolygon", "coordinates": [[[[-120.65267969956938, 38.188699219952795, 0.0], [-120.65216122522504, 38.18861149728322, 0.0], [-120.65162379283498, 38.18859215271277, 0.0], [-120.65162379193664, 38.188196317247915, 0.0], [-120.6528318795684, 38.18823096086249, 0.0], [-120.65289139565094, 38.18823266811884, 0.0], [-120.65297498837968, 38.188279818173584, 0.0], [-120.65290166608956, 38.18854203176678, 0.0], [-120.65283507218092, 38.18870900378143, 0.0], [-120.65271280608086, 38.18870130493854, 0.0], [-120.65267969956938, 38.188699219952795, 0.0]]]]}}, {"type": "Feature", "properties": {"Symb_class": "YP", "Crop2016": "Young Perennials", "County": "Calaveras", "Acres": 0.38398366, "SUBCLASS2": "**"}, "geometry": {"type": "MultiPolygon", "coordinates": [[[[-120.48172146966388, 38.23735909480712, 0.0], [-120.48172424096654, 38.237806128730895, 0.0], [-120.48137040355927, 38.23781845733877, 0.0], [-120.48138246434027, 38.237342380910476, 0.0], [-120.48172146966388, 38.23735909480712, 0.0]]]]}}, {"type": "Feature", "properties": {"Symb_class": "V", "Crop2016": "Grapes", "County": "Calaveras", "Acres": 0.55794837, "SUBCLASS2": "**"}, "geometry": {"type": "MultiPolygon", "coordinates": [[[[-120.60126504020279, 38.179028065922346, 0.0], [-120.60140423774932, 38.17899951271929, 0.0], [-120.60153986718755, 38.17911372687673, 0.0], [-120.60172189640683, 38.179252925094936, 0.0], [-120.60178971112595, 38.17930646312625, 0.0], [-120.60177900320774, 38.17935643224956, 0.0], [-120.6017326034267, 38.17941710793685, 0.0], [-120.60165051268108, 38.17947778427977, 0.0], [-120.6014934683048, 38.17955987584669, 0.0], [-120.60142208368076, 38.17955987514053, 0.0], [-120.60123291734654, 38.179495630004126, 0.0], [-120.60115439381093, 38.17941710934917, 0.0], [-120.6011329797712, 38.17936000182445, 0.0], [-120.60112584175792, 38.179317169739235, 0.0], [-120.60113654967613, 38.17929218622762, 0.0], [-120.60118651666717, 38.17926006425461, 0.0], [-120.6012293483399, 38.17923507931115, 0.0], [-120.60123648635314, 38.17918511081077, 0.0], [-120.60124719337304, 38.179110157289834, 0.0], [-120.60126504020279, 38.179028065922346, 0.0]]]]}}, {"type": "Feature", "properties": {"Symb_class": "D", "Crop2016": "Walnuts", "County": "Calaveras", "Acres": 13.09075579, "SUBCLASS2": "13"}, "geometry": {"type": "MultiPolygon", "coordinates": [[[[-120.55509133096848, 38.39016604226042, 0.0], [-120.55476379443608, 38.39016754692116, 0.0], [-120.5539653780998, 38.39047111599106, 0.0], [-120.55360378374003, 38.390786958954116, 0.0], [-120.55238110567144, 38.39032127703835, 0.0], [-120.55207186961803, 38.39033697208651, 0.0], [-120.5524883770928, 38.39006372525481, 0.0], [-120.55226853508827, 38.38986479403995, 0.0], [-120.55139700936252, 38.39012583605143, 0.0], [-120.55119589543501, 38.389998224157644, 0.0], [-120.55150354057206, 38.38976831996286, 0.0], [-120.55181161061225, 38.38959553981264, 0.0], [-120.55221065932943, 38.3894223410101, 0.0], [-120.5527007936232, 38.38926300709603, 0.0], [-120.55293596807297, 38.38907627590891, 0.0], [-120.55329904285632, 38.3889603630857, 0.0], [-120.55337384557002, 38.38923136375514, 0.0], [-120.55344716336856, 38.389302434337125, 0.0], [-120.55361103583934, 38.389315963770706, 0.0], [-120.55386280756234, 38.38891493733031, 0.0], [-120.5540802061493, 38.38878540881643, 0.0], [-120.55436868483145, 38.38842705594773, 0.0], [-120.55471505005217, 38.388511152757346, 0.0], [-120.55487998702654, 38.388667488801694, 0.0], [-120.55500608174634, 38.38849553476572, 0.0], [-120.55478506564371, 38.388139520953196, 0.0], [-120.5548358213556, 38.38762516490329, 0.0], [-120.55534488135574, 38.38756570087679, 0.0], [-120.55558142663469, 38.387564613003825, 0.0], [-120.55542395286368, 38.38840792721218, 0.0], [-120.55531861371853, 38.38892253399162, 0.0], [-120.55509133096848, 38.39016604226042, 0.0]]]]}}, {"type": "Feature", "properties": {"Symb_class": "V", "Crop2016": "Grapes", "County": "Calaveras", "Acres": 3.61503778, "SUBCLASS2": "**"}, "geometry": {"type": "MultiPolygon", "coordinates": [[[[-120.9199126242622, 38.17051064826585, 0.0], [-120.9198233937067, 38.170471388051766, 0.0], [-120.91971988802302, 38.17047495594314, 0.0], [-120.91964136538573, 38.170478525246835, 0.0], [-120.91963065836586, 38.170421419191925, 0.0], [-120.91960567262454, 38.17036431167983, 0.0], [-120.91963422737247, 38.170328619991764, 0.0], [-120.91972345613135, 38.1702358206734, 0.0], [-120.91981982470007, 38.17017871301583, 0.0], [-120.91987336339271, 38.17012517534083, 0.0], [-120.91995545413829, 38.170039515120195, 0.0], [-120.92026597388423, 38.16977182584053, 0.0], [-120.92034092661662, 38.169732563816034, 0.0], [-120.9204158811456, 38.169682595862135, 0.0], [-120.92042658726714, 38.16962548918369, 0.0], [-120.92083347468353, 38.16926856931076, 0.0], [-120.92100836588956, 38.1691365098284, 0.0], [-120.92106190278554, 38.169132939752785, 0.0], [-120.92117611908233, 38.16912223305603, 0.0], [-120.92126177883458, 38.169100816832845, 0.0], [-120.92130103970408, 38.16911509431568, 0.0], [-120.92124750101146, 38.17057846285391, 0.0], [-120.92083347558184, 38.17056418565777, 0.0], [-120.91999828401443, 38.17053920267641, 0.0], [-120.9199126242622, 38.17051064826585, 0.0]]]]}}, {"type": "Feature", "properties": {"Symb_class": "YP", "Crop2016": "Young Perennials", "County": "Calaveras", "Acres": 81.47776145, "SUBCLASS2": "**"}, "geometry": {"type": "MultiPolygon", "coordinates": [[[[-120.94026777396556, 38.097301849814585, 0.0], [-120.94040478770765, 38.097386465757616, 0.0], [-120.94065045986984, 38.097463091763785, 0.0], [-120.94102129519894, 38.09740306826606, 0.0], [-120.94104956068936, 38.09748853312689, 0.0], [-120.941242569118, 38.09770124188923, 0.0], [-120.94124328866856, 38.09775836104313, 0.0], [-120.94147461832895, 38.09813500220362, 0.0], [-120.94164116238936, 38.09840504122612, 0.0], [-120.94164422205124, 38.09864779816496, 0.0], [-120.94178268028426, 38.098846649907586, 0.0], [-120.9419303812833, 38.09905971100695, 0.0], [-120.94212123465364, 38.09910106115079, 0.0], [-120.94254009301945, 38.09925487431857, 0.0], [-120.94269559858166, 38.099367904851164, 0.0], [-120.94264504588905, 38.10038940476593, 0.0], [-120.94295786532213, 38.100758264856346, 0.0], [-120.94302256468384, 38.100857726096784, 0.0], [-120.94311679885546, 38.10114261066153, 0.0], [-120.94311026091682, 38.10134259797, 0.0], [-120.94343814419888, 38.101468558038235, 0.0], [-120.9435298559012, 38.1015535268483, 0.0], [-120.94350447040958, 38.10169653767402, 0.0], [-120.94338800562963, 38.101804560296834, 0.0], [-120.94332610002844, 38.10192643370345, 0.0], [-120.94313722205342, 38.102042164687724, 0.0], [-120.94296628882455, 38.10214347200407, 0.0], [-120.9428405803803, 38.102237284688954, 0.0], [-120.9428603280452, 38.102365660788514, 0.0], [-120.94295140823185, 38.10240064985662, 0.0], [-120.94319556583451, 38.10235589294219, 0.0], [-120.94322875229606, 38.10211285283982, 0.0], [-120.9434900425678, 38.101989414675295, 0.0], [-120.9436598016986, 38.101795287911244, 0.0], [-120.94367359802474, 38.10145243078452, 0.0], [-120.94381170501653, 38.101622723207136, 0.0], [-120.94407723533641, 38.10183485724482, 0.0], [-120.94412426303984, 38.10197015881179, 0.0], [-120.94416249982991, 38.102126951865586, 0.0], [-120.9444269485782, 38.10225340823502, 0.0], [-120.94441207427374, 38.10251058570062, 0.0], [-120.94454012821917, 38.10260240801717, 0.0], [-120.94470199834514, 38.10250116990563, 0.0], [-120.94488397905542, 38.10255686587044, 0.0], [-120.9449134249321, 38.10273514922364, 0.0], [-120.94492547044176, 38.10297069425404, 0.0], [-120.94487217609088, 38.103056798697146, 0.0], [-120.94470940315806, 38.103086639891345, 0.0], [-120.9446289203968, 38.10317295767708, 0.0], [-120.94464114287454, 38.103422783154414, 0.0], [-120.94479657028332, 38.103528671977074, 0.0], [-120.94482502441994, 38.10362841714677, 0.0], [-120.94475396408772, 38.10374322366429, 0.0], [-120.94406805724915, 38.10397710569696, 0.0], [-120.94402382510289, 38.10406313968012, 0.0], [-120.94390672611232, 38.10412118269598, 0.0], [-120.9438082941134, 38.104221923043546, 0.0], [-120.94364560921545, 38.104258901781435, 0.0], [-120.94330184102421, 38.10431158088178, 0.0], [-120.94291203417465, 38.10430749514967, 0.0], [-120.94274916781701, 38.10433019287295, 0.0], [-120.94269478919958, 38.10433061911789, 0.0], [-120.94246703932559, 38.104239575121696, 0.0], [-120.9423855603327, 38.10424735427783, 0.0], [-120.9422050178252, 38.1043058926661, 0.0], [-120.94204260242185, 38.10436428892585, 0.0], [-120.94178865228429, 38.10435199498033, 0.0], [-120.94153542439223, 38.10439681994554, 0.0], [-120.94149989242948, 38.10445422297657, 0.0], [-120.94146606906239, 38.10464728307679, 0.0], [-120.94140388588178, 38.104747737830365, 0.0], [-120.94078749786644, 38.10474541788353, 0.0], [-120.94033836717384, 38.104349055092754, 0.0], [-120.9403265157003, 38.10412778915774, 0.0], [-120.94027069888013, 38.10401397569973, 0.0], [-120.94024735975073, 38.103600004780226, 0.0], [-120.93891706171446, 38.10376748376616, 0.0], [-120.93895770958278, 38.103395855868925, 0.0], [-120.93870394629475, 38.10339783584787, 0.0], [-120.93854161712966, 38.103463366689496, 0.0], [-120.93844192389608, 38.10346414496686, 0.0], [-120.93836932924135, 38.1034575702548, 0.0], [-120.93817801862853, 38.10338051580138, 0.0], [-120.93815594702201, 38.10306650212314, 0.0], [-120.93826317801917, 38.10294427576074, 0.0], [-120.93821454412799, 38.102680452936966, 0.0], [-120.93795952679187, 38.10258247299316, 0.0], [-120.937931351133, 38.10250414591901, 0.0], [-120.93786719435371, 38.10244752176476, 0.0], [-120.9378002563903, 38.10216956066706, 0.0], [-120.93774587867121, 38.102169984097024, 0.0], [-120.9376718521019, 38.10204917073364, 0.0], [-120.9375513458015, 38.10183589285039, 0.0], [-120.93757477027084, 38.101535806258724, 0.0], [-120.9378893692665, 38.10132627699708, 0.0], [-120.93804325696287, 38.10131079723512, 0.0], [-120.93811638791183, 38.10136021115727, 0.0], [-120.93833398412815, 38.101365655014014, 0.0], [-120.93843448315059, 38.10142913695574, 0.0], [-120.93865261835609, 38.10147741904863, 0.0], [-120.93897959793297, 38.10153199182137, 0.0], [-120.9392525600152, 38.10161555029192, 0.0], [-120.93965258160786, 38.10171239483837, 0.0], [-120.9399064311341, 38.10171755308164, 0.0], [-120.94011541610011, 38.10175876387613, 0.0], [-120.9402708327291, 38.101864659351776, 0.0], [-120.94045244962167, 38.10189180209841, 0.0], [-120.94050763582453, 38.101955636324604, 0.0], [-120.94063451567187, 38.10195464384144, 0.0], [-120.94064106169536, 38.101754656087465, 0.0], [-120.94022399007861, 38.10174363412078, 0.0], [-120.9401137991326, 38.10163024603716, 0.0], [-120.93983249080306, 38.101603880783635, 0.0], [-120.93970507286487, 38.10156203298426, 0.0], [-120.9395510037088, 38.10156323612919, 0.0], [-120.93944225096556, 38.10156408511684, 0.0], [-120.93925130327212, 38.10151559101088, 0.0], [-120.93869622796986, 38.10134140683884, 0.0], [-120.93836960682074, 38.10131539210497, 0.0], [-120.9379323509579, 38.101140287065746, 0.0], [-120.93790140489466, 38.100119424681196, 0.0], [-120.93772652536674, 38.09990657026364, 0.0], [-120.93770544190703, 38.09967109523727, 0.0], [-120.93734967132526, 38.09948821225106, 0.0], [-120.93727448233597, 38.09927457979361, 0.0], [-120.93726228501106, 38.09902475497842, 0.0], [-120.93741571905822, 38.09897357569731, 0.0], [-120.9373952653175, 38.09878808028225, 0.0], [-120.93733182808877, 38.098788573717606, 0.0], [-120.93733999377469, 38.09871710472859, 0.0], [-120.93836647888695, 38.09818070121789, 0.0], [-120.939600845834, 38.097599823080095, 0.0], [-120.94026777396556, 38.097301849814585, 0.0]]]]}}, {"type": "Feature", "properties": {"Symb_class": "P", "Crop2016": "Mixed Pasture", "County": "Calaveras", "Acres": 5.47200592, "SUBCLASS2": "3"}, "geometry": {"type": "MultiPolygon", "coordinates": [[[[-120.46918845239928, 38.0866348167908, 0.0], [-120.46876540878252, 38.08660790382356, 0.0], [-120.46875398490704, 38.086712673013494, 0.0], [-120.46819804273053, 38.086686276217485, 0.0], [-120.46814917797234, 38.086600783170034, 0.0], [-120.46805162901732, 38.08645835581282, 0.0], [-120.46788164890094, 38.08632573069263, 0.0], [-120.46779534864993, 38.086049975079085, 0.0], [-120.46763786859074, 38.085983944292124, 0.0], [-120.46768178632665, 38.0852792631361, 0.0], [-120.46817719013784, 38.08528685623313, 0.0], [-120.4682125397426, 38.08514391228395, 0.0], [-120.46870848074633, 38.085237186093664, 0.0], [-120.46885053224052, 38.08477013212509, 0.0], [-120.46951513463382, 38.08478658123847, 0.0], [-120.46937332568476, 38.08529171725722, 0.0], [-120.46924377694269, 38.08582536523346, 0.0], [-120.46891775227492, 38.08585519790892, 0.0], [-120.46884765224172, 38.086236286941535, 0.0], [-120.4692462293434, 38.08621569201855, 0.0], [-120.46918845239928, 38.0866348167908, 0.0]]]]}}, {"type": "Feature", "properties": {"Symb_class": "YP", "Crop2016": "Young Perennials", "County": "Calaveras", "Acres": 3.42887771, "SUBCLASS2": "**"}, "geometry": {"type": "MultiPolygon", "coordinates": [[[[-120.93800116101033, 38.10277018406258, 0.0], [-120.93803579375951, 38.10312218281243, 0.0], [-120.93792249015102, 38.103242076158764, 0.0], [-120.93768116763141, 38.1032725181288, 0.0], [-120.93766387775712, 38.10333929885274, 0.0], [-120.93776061104187, 38.103343304761125, 0.0], [-120.9377450540178, 38.10354812323599, 0.0], [-120.93760644486778, 38.103577764889046, 0.0], [-120.93728639579328, 38.10359453988353, 0.0], [-120.93713409003013, 38.10349575814771, 0.0], [-120.93710592155777, 38.1031770307487, 0.0], [-120.93721474706452, 38.10270014476419, 0.0], [-120.93727905835405, 38.10252827000235, 0.0], [-120.9373187243637, 38.102318503949874, 0.0], [-120.93725070932031, 38.10219526264941, 0.0], [-120.93714183440618, 38.10218659117382, 0.0], [-120.93714938025458, 38.10182474294739, 0.0], [-120.93702196231635, 38.10178289103317, 0.0], [-120.93700420531813, 38.10133079198593, 0.0], [-120.93731827161282, 38.10083802599701, 0.0], [-120.93746937722676, 38.1008416100187, 0.0], [-120.93746703891208, 38.10113677233538, 0.0], [-120.93760743570954, 38.10124992790657, 0.0], [-120.93762208902842, 38.101454509782364, 0.0], [-120.93740643407145, 38.10160376202438, 0.0], [-120.93742485043308, 38.10210821984776, 0.0], [-120.93748544898551, 38.10212202904736, 0.0], [-120.93765557912053, 38.102196870127564, 0.0], [-120.93766915625773, 38.10231577392778, 0.0], [-120.93778467062013, 38.10237199808287, 0.0], [-120.93778089859426, 38.1025529228322, 0.0], [-120.9378112886003, 38.10256696734242, 0.0], [-120.93781248515627, 38.102662164988, 0.0], [-120.93790915555896, 38.10266141215015, 0.0], [-120.93800116101033, 38.10277018406258, 0.0]]]]}}, {"type": "Feature", "properties": {"Symb_class": "V", "Crop2016": "Grapes", "County": "Calaveras", "Acres": 7.31368361, "SUBCLASS2": "**"}, "geometry": {"type": "MultiPolygon", "coordinates": [[[[-120.43716595593797, 38.12657741520782, 0.0], [-120.437346058271, 38.126420180681, 0.0], [-120.43769250703502, 38.126260281701185, 0.0], [-120.43843387765587, 38.126197036870735, 0.0], [-120.43849581469809, 38.12619175174364, 0.0], [-120.43865965393115, 38.12791381586825, 0.0], [-120.43803895669741, 38.127954457873656, 0.0], [-120.43758210139168, 38.12798110687388, 0.0], [-120.43678471811795, 38.12804128826863, 0.0], [-120.4367521443074, 38.1279354222618, 0.0], [-120.43668361722428, 38.127379579924664, 0.0], [-120.43662270336317, 38.12736815903353, 0.0], [-120.43648564470534, 38.12717780186953, 0.0], [-120.43647422442311, 38.12695698668305, 0.0], [-120.43664554392758, 38.12689607371263, 0.0], [-120.43685112966855, 38.126789473948804, 0.0], [-120.43710620988676, 38.1266295736579, 0.0], [-120.43716595593797, 38.12657741520782, 0.0]]]]}}, {"type": "Feature", "properties": {"Symb_class": "V", "Crop2016": "Grapes", "County": "Calaveras", "Acres": 0.76250177, "SUBCLASS2": "**"}, "geometry": {"type": "MultiPolygon", "coordinates": [[[[-120.48059292335898, 38.02721971976319, 0.0], [-120.48056436861106, 38.02716975191822, 0.0], [-120.4802931106329, 38.027037690845646, 0.0], [-120.48025028075678, 38.02699486065446, 0.0], [-120.48021815790052, 38.026930615674644, 0.0], [-120.48021101988728, 38.02687707767667, 0.0], [-120.48024314274353, 38.02684495514211, 0.0], [-120.4802931106329, 38.02685209434921, 0.0], [-120.48034664932551, 38.026902063118406, 0.0], [-120.48041446404463, 38.026937754165765, 0.0], [-120.48048584777035, 38.02695203114593, 0.0], [-120.48054295367298, 38.026987722876534, 0.0], [-120.48064289214666, 38.02704483003397, 0.0], [-120.4806999998459, 38.027055537046074, 0.0], [-120.48073569081043, 38.02710550567651, 0.0], [-120.48078208969316, 38.027184028853185, 0.0], [-120.4808855971735, 38.02714476727536, 0.0], [-120.48096054990583, 38.02715904421518, 0.0], [-120.48093913496778, 38.027230428164934, 0.0], [-120.4810105177952, 38.02726255123807, 0.0], [-120.48111045537057, 38.027362488182526, 0.0], [-120.4811390101185, 38.02741602582578, 0.0], [-120.48119254701449, 38.02746242569824, 0.0], [-120.48118897710953, 38.02752310170261, 0.0], [-120.48117470108305, 38.02759805521858, 0.0], [-120.4811675630698, 38.02766586882313, 0.0], [-120.4811140252755, 38.02772297686715, 0.0], [-120.481074764406, 38.027751529811034, 0.0], [-120.48082849037256, 38.02770156232884, 0.0], [-120.48073926071537, 38.02766230032074, 0.0], [-120.48071427497408, 38.02761233065481, 0.0], [-120.48070356795421, 38.02744814881754, 0.0], [-120.480692860036, 38.027366056699506, 0.0], [-120.48063575323509, 38.027298242109815, 0.0], [-120.48059292335898, 38.02721971976319, 0.0]]]]}}, {"type": "Feature", "properties": {"Symb_class": "V", "Crop2016": "Grapes", "County": "Calaveras", "Acres": 5.38956572, "SUBCLASS2": "**"}, "geometry": {"type": "MultiPolygon", "coordinates": [[[[-120.61620894255219, 38.33560322005859, 0.0], [-120.61618038960088, 38.335393828231396, 0.0], [-120.6159709959014, 38.3354128631724, 0.0], [-120.61590437324668, 38.3347608899895, 0.0], [-120.61593292619798, 38.334694265665284, 0.0], [-120.6159281660253, 38.33455149784199, 0.0], [-120.61606141672465, 38.334484874029904, 0.0], [-120.61628984482668, 38.33446583673115, 0.0], [-120.61635646927805, 38.334494390915815, 0.0], [-120.61635646927805, 38.33452770282515, 0.0], [-120.61637074710116, 38.334646675717494, 0.0], [-120.616513512756, 38.33471330079011, 0.0], [-120.6166848349554, 38.33463239971355, 0.0], [-120.61668007568105, 38.33450866694696, 0.0], [-120.61670387205292, 38.33448963176836, 0.0], [-120.61808395831551, 38.33447535502882, 0.0], [-120.61854081362121, 38.33448963106371, 0.0], [-120.61858364529395, 38.33451818594361, 0.0], [-120.61885490417043, 38.33448963176836, 0.0], [-120.61893580464826, 38.33450866694696, 0.0], [-120.61896435939619, 38.33455625698539, 0.0], [-120.61896435939619, 38.33466571226408, 0.0], [-120.6184503945946, 38.33487034495907, 0.0], [-120.61665628200412, 38.33565556774467, 0.0], [-120.61629460410106, 38.335641289825624, 0.0], [-120.61620894255219, 38.33560322005859, 0.0]]]]}}, {"type": "Feature", "properties": {"Symb_class": "V", "Crop2016": "Grapes", "County": "Calaveras", "Acres": 2.08541449, "SUBCLASS2": "**"}, "geometry": {"type": "MultiPolygon", "coordinates": [[[[-120.47646693700449, 38.02238128535202, 0.0], [-120.4759999693636, 38.022330721890484, 0.0], [-120.47596427660244, 38.02230395298492, 0.0], [-120.47590776358791, 38.02222959415504, 0.0], [-120.47588396991098, 38.022187952865934, 0.0], [-120.47691308708698, 38.02231287524688, 0.0], [-120.47704098292891, 38.022342617763364, 0.0], [-120.47712723736586, 38.02235154072825, 0.0], [-120.47724323681852, 38.022366413041645, 0.0], [-120.47732651783188, 38.022354515757314, 0.0], [-120.4774395429626, 38.02231584886216, 0.0], [-120.4775376955855, 38.02231287524688, 0.0], [-120.47762692524266, 38.02230395298492, 0.0], [-120.47771318057792, 38.02226528606314, 0.0], [-120.4777548210846, 38.02228610633481, 0.0], [-120.47810281674761, 38.02253297481975, 0.0], [-120.47824558419906, 38.02262815280862, 0.0], [-120.47826937967262, 38.022669795262914, 0.0], [-120.47836455797359, 38.02270548695661, 0.0], [-120.47847460788411, 38.02272035778281, 0.0], [-120.47849245381553, 38.022806613327596, 0.0], [-120.47854599071155, 38.02307132793743, 0.0], [-120.47847758220603, 38.02309809727033, 0.0], [-120.47833184043262, 38.02311891730542, 0.0], [-120.47812363789924, 38.02310107226908, 0.0], [-120.4778440507418, 38.02304158500911, 0.0], [-120.47764477117411, 38.02295235615155, 0.0], [-120.47744548980978, 38.02278281889995, 0.0], [-120.47721944224327, 38.02261328267132, 0.0], [-120.47709749414683, 38.02254487278278, 0.0], [-120.47683872903934, 38.02245266900307, 0.0], [-120.47646693700449, 38.02238128535202, 0.0]]]]}}, {"type": "Feature", "properties": {"Symb_class": "D", "Crop2016": "Walnuts", "County": "Calaveras", "Acres": 35.85463984, "SUBCLASS2": "13"}, "geometry": {"type": "MultiPolygon", "coordinates": [[[[-120.56270654276975, 38.3928359772663, 0.0], [-120.56261706877079, 38.39303633027703, 0.0], [-120.56232807176075, 38.39332330014803, 0.0], [-120.56220306490076, 38.3936380682181, 0.0], [-120.5619674691411, 38.393767695057754, 0.0], [-120.56153202518016, 38.39394109396735, 0.0], [-120.56149660011693, 38.39406979019843, 0.0], [-120.56151576836844, 38.394198231330584, 0.0], [-120.56160783310867, 38.39434061471478, 0.0], [-120.56168170067619, 38.3944830837136, 0.0], [-120.56179164099221, 38.39458254233291, 0.0], [-120.56199246206891, 38.39466729520461, 0.0], [-120.56232034355438, 38.39470861199993, 0.0], [-120.56241284307917, 38.39490811777394, 0.0], [-120.56254184564555, 38.39512173570747, 0.0], [-120.56286940643245, 38.395120210732294, 0.0], [-120.56317736328486, 38.39493312011384, 0.0], [-120.56324842361711, 38.39470428910002, 0.0], [-120.56344751633522, 38.39456054901052, 0.0], [-120.5637379210053, 38.39445922601603, 0.0], [-120.56404608896187, 38.39430069385878, 0.0], [-120.56420986621117, 38.39429992925037, 0.0], [-120.56450102726276, 38.39429856900776, 0.0], [-120.5650310341787, 38.394595996852644, 0.0], [-120.56505129208668, 38.39486724394246, 0.0], [-120.56505248504938, 38.39502433295846, 0.0], [-120.56507154999466, 38.39513849283088, 0.0], [-120.56507339423592, 38.39538126474995, 0.0], [-120.56507382812221, 38.39543838772593, 0.0], [-120.5650754549712, 38.3956525983077, 0.0], [-120.56507610624976, 38.39573828208107, 0.0], [-120.56496811168462, 38.39589588104442, 0.0], [-120.56484180855568, 38.396039282650975, 0.0], [-120.56462408388028, 38.396125988234395, 0.0], [-120.56451500504858, 38.39614077873749, 0.0], [-120.56440668439498, 38.3962555359854, 0.0], [-120.56409829185964, 38.39638550733576, 0.0], [-120.56389811307837, 38.39638644089148, 0.0], [-120.56362535760866, 38.396416275946066, 0.0], [-120.56335249613772, 38.3964318302716, 0.0], [-120.56333494665033, 38.396517599014125, 0.0], [-120.56315296504177, 38.39651844667551, 0.0], [-120.5627171842126, 38.39664900823984, 0.0], [-120.56228129199235, 38.396765288213466, 0.0], [-120.56230002995085, 38.39683660695537, 0.0], [-120.56276027729508, 38.397534242756, 0.0], [-120.56245166107921, 38.39763564874045, 0.0], [-120.56149059667587, 38.39809711784986, 0.0], [-120.56076502472594, 38.39841467417402, 0.0], [-120.56061997465535, 38.3984867530369, 0.0], [-120.56009382869847, 38.398703412308215, 0.0], [-120.56009490398188, 38.39884621908546, 0.0], [-120.55975138731893, 38.3991477171247, 0.0], [-120.55942391726188, 38.399163515154754, 0.0], [-120.55926012833444, 38.39916427267159, 0.0], [-120.5590946218282, 38.39893653923147, 0.0], [-120.5591107807235, 38.398665122252005, 0.0], [-120.5593101079019, 38.39854994993821, 0.0], [-120.5595084657981, 38.39830625020013, 0.0], [-120.55972674114078, 38.39829095817346, 0.0], [-120.5598537009382, 38.398233244665626, 0.0], [-120.55959677288548, 38.39794881116726, 0.0], [-120.56005022896618, 38.39774677295487, 0.0], [-120.56017793975518, 38.3977890250481, 0.0], [-120.56034312466456, 38.397973913835024, 0.0], [-120.56012571080623, 38.39810345405065, 0.0], [-120.56012646269612, 38.39820341810512, 0.0], [-120.55981913107112, 38.398476185013685, 0.0], [-120.56003783580853, 38.39851801497374, 0.0], [-120.56018191929189, 38.39831741103316, 0.0], [-120.5602898186356, 38.39814553626616, 0.0], [-120.56088886287775, 38.39794281922059, 0.0], [-120.56103165099047, 38.39757084515324, 0.0], [-120.56006756824779, 38.397632443306215, 0.0], [-120.56010213721656, 38.397389502234894, 0.0], [-120.56061125920046, 38.39733001596441, 0.0], [-120.56088401826342, 38.39730018832721, 0.0], [-120.56144751886475, 38.39721188318555, 0.0], [-120.56148273012893, 38.397054625730505, 0.0], [-120.561245290128, 38.39694147987585, 0.0], [-120.56078979666823, 38.39687218885615, 0.0], [-120.56044349432958, 38.39680239016085, 0.0], [-120.5609340912557, 38.39670014379675, 0.0], [-120.560933445367, 38.396614459755206, 0.0], [-120.56042346728862, 38.39655970186581, 0.0], [-120.56042314479346, 38.39651685977453, 0.0], [-120.56054977760408, 38.39641630410762, 0.0], [-120.56063904588883, 38.39618738978293, 0.0], [-120.56083782419658, 38.396000811652904, 0.0], [-120.56089177341927, 38.39591487473493, 0.0], [-120.56092676998614, 38.39572905627069, 0.0], [-120.56088811278451, 38.39542933084886, 0.0], [-120.56083201119837, 38.39522965402075, 0.0], [-120.56066597199117, 38.3949305200455, 0.0], [-120.56059027635203, 38.39454527872141, 0.0], [-120.56058823088816, 38.39427394523249, 0.0], [-120.56057349133097, 38.39231748929115, 0.0], [-120.56068138079324, 38.39214561434217, 0.0], [-120.56108279297794, 38.39228656333511, 0.0], [-120.56168372727545, 38.39234089497299, 0.0], [-120.56217558813118, 38.39241001290775, 0.0], [-120.56270654276975, 38.3928359772663, 0.0]]]]}}, {"type": "Feature", "properties": {"Symb_class": "P", "Crop2016": "Mixed Pasture", "County": "Calaveras", "Acres": 3.87057893, "SUBCLASS2": "3"}, "geometry": {"type": "MultiPolygon", "coordinates": [[[[-120.65630183525404, 38.189965454061195, 0.0], [-120.65491302724836, 38.190258629993835, 0.0], [-120.65480347230958, 38.19018306089958, 0.0], [-120.65481473628493, 38.19008779312006, 0.0], [-120.65486212600945, 38.18997328833099, 0.0], [-120.65492169868583, 38.18986823801755, 0.0], [-120.65496875513533, 38.18971565225042, 0.0], [-120.65489558016894, 38.189649405952025, 0.0], [-120.65458093985077, 38.18964159494699, 0.0], [-120.65442399518747, 38.18968052993585, 0.0], [-120.65440096777347, 38.18981394380575, 0.0], [-120.65463275826963, 38.190031657709476, 0.0], [-120.65463409406445, 38.19018398087286, 0.0], [-120.65445328565565, 38.19026112796931, 0.0], [-120.65424402311021, 38.18985287799648, 0.0], [-120.65418244539411, 38.18972944487653, 0.0], [-120.65415390771416, 38.18923452766838, 0.0], [-120.65425069399949, 38.18923400165996, 0.0], [-120.65438419263388, 38.18928088064887, 0.0], [-120.65451719000832, 38.189270637963745, 0.0], [-120.6545408857689, 38.18921338565549, 0.0], [-120.65445561319055, 38.1891472038571, 0.0], [-120.65449098884643, 38.189042285090316, 0.0], [-120.65510866774086, 38.18911509328967, 0.0], [-120.65575263762867, 38.18942576997261, 0.0], [-120.65578918289107, 38.1894541326925, 0.0], [-120.6559709102764, 38.18948170603826, 0.0], [-120.656079795072, 38.18948111295691, 0.0], [-120.65632268155854, 38.189584517324185, 0.0], [-120.65630183525404, 38.189965454061195, 0.0]]]]}}, {"type": "Feature", "properties": {"Symb_class": "V", "Crop2016": "Grapes", "County": "Calaveras", "Acres": 0.20527283, "SUBCLASS2": "**"}, "geometry": {"type": "MultiPolygon", "coordinates": [[[[-120.47044078026214, 38.139856864858615, 0.0], [-120.47027886432207, 38.14006456813349, 0.0], [-120.47014293664317, 38.140079379078244, 0.0], [-120.47005032482893, 38.139772705782384, 0.0], [-120.47018616267633, 38.13974361507668, 0.0], [-120.47027697516502, 38.13976468029835, 0.0], [-120.47035867604178, 38.13977864276055, 0.0], [-120.47044078026214, 38.139856864858615, 0.0]]]]}}, {"type": "Feature", "properties": {"Symb_class": "V", "Crop2016": "Grapes", "County": "Calaveras", "Acres": 5.76970348, "SUBCLASS2": "**"}, "geometry": {"type": "MultiPolygon", "coordinates": [[[[-120.63160717594135, 38.04914756820667, 0.0], [-120.63119922222475, 38.04910210806841, 0.0], [-120.63122649777173, 38.04875684622875, 0.0], [-120.63099646438029, 38.04832963086157, 0.0], [-120.6308432099962, 38.04805672224762, 0.0], [-120.63024519971495, 38.046953100144805, 0.0], [-120.63033486056344, 38.04684552422179, 0.0], [-120.63042442169896, 38.04672604915492, 0.0], [-120.63042321705815, 38.04658324773439, 0.0], [-120.63063302757591, 38.04640363896343, 0.0], [-120.63088902227905, 38.04633089207915, 0.0], [-120.63129716284523, 38.0464001541437, 0.0], [-120.63163093997392, 38.04660071069655, 0.0], [-120.63160717594135, 38.04914756820667, 0.0]]]]}}, {"type": "Feature", "properties": {"Symb_class": "P", "Crop2016": "Mixed Pasture", "County": "Calaveras", "Acres": 4.56452714, "SUBCLASS2": "3"}, "geometry": {"type": "MultiPolygon", "coordinates": [[[[-120.50329439083777, 38.058402721789804, 0.0], [-120.503241091097, 38.05742048109109, 0.0], [-120.50295936235592, 38.05695601019368, 0.0], [-120.5032563193377, 38.056773267212876, 0.0], [-120.50338576118025, 38.05702453789807, 0.0], [-120.50369033228239, 38.05688748171779, 0.0], [-120.50388830390304, 38.056925551765104, 0.0], [-120.50407104458799, 38.05687225284447, 0.0], [-120.50422333238485, 38.05687225213712, 0.0], [-120.50426901710695, 38.05710829578029, 0.0], [-120.50452028936665, 38.05709306695298, 0.0], [-120.50463450207019, 38.05711590877813, 0.0], [-120.50474110424663, 38.0570473811593, 0.0], [-120.50487054519087, 38.057016924890725, 0.0], [-120.50505328767248, 38.05700169604439, 0.0], [-120.50512181475563, 38.057039766739706, 0.0], [-120.50494668819097, 38.057260581050066, 0.0], [-120.50498475879274, 38.057428094056455, 0.0], [-120.50476394481106, 38.05769459473533, 0.0], [-120.50426901620864, 38.05765652296605, 0.0], [-120.50423094740354, 38.058197135989694, 0.0], [-120.50329439083777, 38.058402721789804, 0.0]]]]}}, {"type": "Feature", "properties": {"Symb_class": "C", "Crop2016": "Olives", "County": "Calaveras", "Acres": 5.97938774, "SUBCLASS2": "6"}, "geometry": {"type": "MultiPolygon", "coordinates": [[[[-120.91526501137506, 38.17637024614442, 0.0], [-120.91525550091116, 38.17622702426848, 0.0], [-120.91515567562519, 38.17623240392994, 0.0], [-120.91515190629427, 38.176364660995795, 0.0], [-120.91503427370444, 38.17635899604884, 0.0], [-120.91500529584998, 38.17578626777702, 0.0], [-120.91501779590719, 38.174870949923466, 0.0], [-120.91504349131759, 38.17476411588318, 0.0], [-120.9157564446327, 38.17470524982366, 0.0], [-120.91663571742944, 38.17469224881967, 0.0], [-120.91663223555939, 38.17608695590669, 0.0], [-120.91665543455159, 38.17622684631168, 0.0], [-120.9160305385922, 38.1762157529654, 0.0], [-120.9160115661734, 38.17608666778565, 0.0], [-120.91588014624058, 38.17608790995458, 0.0], [-120.91587713598605, 38.176352506287294, 0.0], [-120.91576393029398, 38.176350495802836, 0.0], [-120.91576225493596, 38.17625032883483, 0.0], [-120.91543612067376, 38.1762481128499, 0.0], [-120.91542833228023, 38.17636241817967, 0.0], [-120.91526501137506, 38.17637024614442, 0.0]]]]}}, {"type": "Feature", "properties": {"Symb_class": "P", "Crop2016": "Mixed Pasture", "County": "Calaveras", "Acres": 1.92759189, "SUBCLASS2": "3"}, "geometry": {"type": "MultiPolygon", "coordinates": [[[[-120.50389135637836, 38.037365528247314, 0.0], [-120.50388421656847, 38.03733697480561, 0.0], [-120.50391277041811, 38.037294144268444, 0.0], [-120.50395917019915, 38.03722989912326, 0.0], [-120.50402698491827, 38.0372049150814, 0.0], [-120.50413049060194, 38.03718706781594, 0.0], [-120.50419830621937, 38.03718706923096, 0.0], [-120.50427325895174, 38.03726559079891, 0.0], [-120.50434821168409, 38.03729414497598, 0.0], [-120.50443744134125, 38.037351251174115, 0.0], [-120.50447670310906, 38.037347681728484, 0.0], [-120.50455522484805, 38.037351251174115, 0.0], [-120.50464088460028, 38.03740121985691, 0.0], [-120.50469799319782, 38.037458326679086, 0.0], [-120.50517626523826, 38.038357764220805, 0.0], [-120.5052083880945, 38.03847197774385, 0.0], [-120.50516198831346, 38.03851480829971, 0.0], [-120.50509774260098, 38.0385433612822, 0.0], [-120.50510487971589, 38.03859332985914, 0.0], [-120.50514771138864, 38.038600469336274, 0.0], [-120.50518697225812, 38.0386932669107, 0.0], [-120.50518340325151, 38.038814620074334, 0.0], [-120.50514057157876, 38.038864589173656, 0.0], [-120.50507275685965, 38.03888243390786, 0.0], [-120.5050227889703, 38.03884674302014, 0.0], [-120.5049870971074, 38.03878606578257, 0.0], [-120.50469799229953, 38.03832920975097, 0.0], [-120.50440888838997, 38.03796158278074, 0.0], [-120.50414833833, 38.03762964829343, 0.0], [-120.50390563060823, 38.03739051223433, 0.0], [-120.50389135637836, 38.037365528247314, 0.0]]]]}}, {"type": "Feature", "properties": {"Symb_class": "C", "Crop2016": "Olives", "County": "Calaveras", "Acres": 8.32837841, "SUBCLASS2": "6"}, "geometry": {"type": "MultiPolygon", "coordinates": [[[[-120.92646893165094, 38.16472852821277, 0.0], [-120.92543461233112, 38.16474264904951, 0.0], [-120.92397222871043, 38.16471384799216, 0.0], [-120.92400039718278, 38.16561781634856, 0.0], [-120.92397044285963, 38.16561818714583, 0.0], [-120.92398471888613, 38.16592751686148, 0.0], [-120.92293299830095, 38.16591799906539, 0.0], [-120.92282354217684, 38.164176232758415, 0.0], [-120.9231376309294, 38.164157198120265, 0.0], [-120.92352786268209, 38.164157196707656, 0.0], [-120.92394188901001, 38.164157196707656, 0.0], [-120.9241798356608, 38.16414292107898, 0.0], [-120.92437495063882, 38.16413340304984, 0.0], [-120.9246604864401, 38.16413340304984, 0.0], [-120.92495553899347, 38.16414292107898, 0.0], [-120.92514113721937, 38.164133403756146, 0.0], [-120.92536004767095, 38.16409057190354, 0.0], [-120.9263927338536, 38.16412864474114, 0.0], [-120.9264868260914, 38.16413048887716, 0.0], [-120.92646893165094, 38.16472852821277, 0.0]]]]}}, {"type": "Feature", "properties": {"Symb_class": "V", "Crop2016": "Grapes", "County": "Calaveras", "Acres": 2.49419424, "SUBCLASS2": "**"}, "geometry": {"type": "MultiPolygon", "coordinates": [[[[-120.48343173170915, 38.160455408975956, 0.0], [-120.48338176292145, 38.160405441019954, 0.0], [-120.48333417466928, 38.16036261121517, 0.0], [-120.48330324028416, 38.16034595379977, 0.0], [-120.48325565203196, 38.16031740034069, 0.0], [-120.4832175796336, 38.16034119524388, 0.0], [-120.48306767416886, 38.160469685326724, 0.0], [-120.48304663472663, 38.16047932885458, 0.0], [-120.48301056826628, 38.160460168230735, 0.0], [-120.48297487640339, 38.16042447593127, 0.0], [-120.48293571794184, 38.16039562301854, 0.0], [-120.48293560295748, 38.16039324692072, 0.0], [-120.48297725514227, 38.16018652964696, 0.0], [-120.48296535785464, 38.16000569119473, 0.0], [-120.48287969720413, 38.15982961229623, 0.0], [-120.48282972841643, 38.15974394986608, 0.0], [-120.48283210805361, 38.159691601770184, 0.0], [-120.48285490999046, 38.1595981150633, 0.0], [-120.48287287719445, 38.15959713466505, 0.0], [-120.4831747497575, 38.15962497782964, 0.0], [-120.48327706697003, 38.159622598175005, 0.0], [-120.48343411224465, 38.15959642267551, 0.0], [-120.48381244581138, 38.15952028072304, 0.0], [-120.48388382863878, 38.1595226610873, 0.0], [-120.48394434724116, 38.159539707177444, 0.0], [-120.48410831583168, 38.15968694488424, 0.0], [-120.48418364226319, 38.16037212832389, 0.0], [-120.48418280413502, 38.16038330530972, 0.0], [-120.48417185007844, 38.16042224816384, 0.0], [-120.48414709789913, 38.16043071565733, 0.0], [-120.484069427763, 38.1604101988653, 0.0], [-120.48398138837362, 38.1604101988653, 0.0], [-120.48383624128493, 38.160422096302725, 0.0], [-120.48364112361196, 38.1605125157749, 0.0], [-120.48358163717386, 38.160548208031265, 0.0], [-120.48356488269548, 38.1605501419617, 0.0], [-120.48350787470923, 38.1605125157749, 0.0], [-120.48343173170915, 38.160455408975956, 0.0]]]]}}, {"type": "Feature", "properties": {"Symb_class": "V", "Crop2016": "Grapes", "County": "Calaveras", "Acres": 8.46962022, "SUBCLASS2": "**"}, "geometry": {"type": "MultiPolygon", "coordinates": [[[[-120.49671143582442, 38.100260774240006, 0.0], [-120.4982402381823, 38.099118633169816, 0.0], [-120.49832351919562, 38.099130532118416, 0.0], [-120.49834731377089, 38.09914242894426, 0.0], [-120.49881725932694, 38.10027862096935, 0.0], [-120.49917417705731, 38.101111431916024, 0.0], [-120.4991682293118, 38.10122445674923, 0.0], [-120.49910279333157, 38.101385070796724, 0.0], [-120.49903735735131, 38.10152783807135, 0.0], [-120.49901356277607, 38.10156352878601, 0.0], [-120.49678281775354, 38.100927022788404, 0.0], [-120.49673523039966, 38.10092107628824, 0.0], [-120.49669953674017, 38.100296466987416, 0.0], [-120.49671143582442, 38.100260774240006, 0.0]]]]}}, {"type": "Feature", "properties": {"Symb_class": "D", "Crop2016": "Walnuts", "County": "Calaveras", "Acres": 10.68664351, "SUBCLASS2": "13"}, "geometry": {"type": "MultiPolygon", "coordinates": [[[[-120.86352204741652, 38.08059910184085, 0.0], [-120.86294234929233, 38.08061754168115, 0.0], [-120.86257960508901, 38.08059158179579, 0.0], [-120.86196267718616, 38.08052459785251, 0.0], [-120.86192511772583, 38.08041061894243, 0.0], [-120.86023973092911, 38.080408400753306, 0.0], [-120.85938740309933, 38.08035736824248, 0.0], [-120.85927802063705, 38.080301025327984, 0.0], [-120.85916666996603, 38.08007332402066, 0.0], [-120.8583150032963, 38.080079403739184, 0.0], [-120.8582234146632, 38.079994371072424, 0.0], [-120.85805557433383, 38.07958141810216, 0.0], [-120.86325614699072, 38.07954421332919, 0.0], [-120.86345679289596, 38.07965702190434, 0.0], [-120.86362895502015, 38.08044124295637, 0.0], [-120.86352204741652, 38.08059910184085, 0.0]]]]}}, {"type": "Feature", "properties": {"Symb_class": "D", "Crop2016": "Walnuts", "County": "Calaveras", "Acres": 21.65258989, "SUBCLASS2": "13"}, "geometry": {"type": "MultiPolygon", "coordinates": [[[[-120.56450667317434, 38.399839652116405, 0.0], [-120.56410586375917, 38.39978439893761, 0.0], [-120.56383244802774, 38.39972855083119, 0.0], [-120.56370711058769, 38.400000479148794, 0.0], [-120.56321606540226, 38.4000456128187, 0.0], [-120.56303223685744, 38.399803688697, 0.0], [-120.56328594085664, 38.39965969403913, 0.0], [-120.56304795018842, 38.39947514819187, 0.0], [-120.56339156476774, 38.39918792183713, 0.0], [-120.56340868306381, 38.399045029845304, 0.0], [-120.56319051462064, 38.3990746089501, 0.0], [-120.56306333922757, 38.399103764931226, 0.0], [-120.56288232510452, 38.399233139087734, 0.0], [-120.56271950815425, 38.39936242782742, 0.0], [-120.56272102091717, 38.39956235794848, 0.0], [-120.56233884525595, 38.39956413768088, 0.0], [-120.56170307159678, 38.399724188103065, 0.0], [-120.56126683711841, 38.39979762087141, 0.0], [-120.56073971469283, 38.39988575670953, 0.0], [-120.56017554843987, 38.399888374199776, 0.0], [-120.55979337188036, 38.399890144772044, 0.0], [-120.55966447531517, 38.39969080481125, 0.0], [-120.55957176199132, 38.3994627358095, 0.0], [-120.55962485422125, 38.39926255196893, 0.0], [-120.5599331587217, 38.39911831194089, 0.0], [-120.56014971468895, 38.39887452682092, 0.0], [-120.56047600076644, 38.39870164029878, 0.0], [-120.56067575464459, 38.39864358778262, 0.0], [-120.56072938227042, 38.398514808170574, 0.0], [-120.56136439236163, 38.39825479826587, 0.0], [-120.56174569935195, 38.39813877624787, 0.0], [-120.56218019738691, 38.397836848769785, 0.0], [-120.56261544731173, 38.39763488627937, 0.0], [-120.56292438602277, 38.39757632178271, 0.0], [-120.56317797503759, 38.39741804709454, 0.0], [-120.5634314526613, 38.397245490799804, 0.0], [-120.56365004780423, 38.39727303388105, 0.0], [-120.56394132923005, 38.39728595565325, 0.0], [-120.56419437206918, 38.3970562738706, 0.0], [-120.5641745489458, 38.39684214911564, 0.0], [-120.5644832675696, 38.396755019857736, 0.0], [-120.56477465499661, 38.39678222096479, 0.0], [-120.56495663660517, 38.396781369786254, 0.0], [-120.56514002767044, 38.396966166809655, 0.0], [-120.565195925339, 38.3971372798021, 0.0], [-120.56461477284235, 38.39729709129875, 0.0], [-120.56463427167391, 38.3974683738828, 0.0], [-120.56476263643643, 38.39759630489405, 0.0], [-120.5647638276025, 38.39775339290875, 0.0], [-120.56465799797719, 38.39819660599461, 0.0], [-120.56455108318701, 38.3984970098824, 0.0], [-120.56437169770962, 38.398840598229114, 0.0], [-120.56429944441469, 38.39891234085244, 0.0], [-120.56406405167426, 38.399070534123766, 0.0], [-120.56446594086438, 38.399268593791064, 0.0], [-120.56443149406653, 38.39952581710425, 0.0], [-120.56459593337424, 38.39961073595902, 0.0], [-120.56450667317434, 38.399839652116405, 0.0]]]]}}, {"type": "Feature", "properties": {"Symb_class": "V", "Crop2016": "Grapes", "County": "Calaveras", "Acres": 18.40939703, "SUBCLASS2": "**"}, "geometry": {"type": "MultiPolygon", "coordinates": [[[[-120.48189156027306, 38.10112481716108, 0.0], [-120.48186871701368, 38.10107722689554, 0.0], [-120.48186491085184, 38.101010603157945, 0.0], [-120.4817145283817, 38.100289149731736, 0.0], [-120.48153178590006, 38.099322137300916, 0.0], [-120.48151655586273, 38.09912226181209, 0.0], [-120.48190298055523, 38.09910893770261, 0.0], [-120.48190488498365, 38.09909180468141, 0.0], [-120.48226846641678, 38.09908419110367, 0.0], [-120.48228559818757, 38.099042312170376, 0.0], [-120.48235507838324, 38.09898044630775, 0.0], [-120.48529609255483, 38.09896141091908, 0.0], [-120.48532464730279, 38.098985206037845, 0.0], [-120.48536747717888, 38.09948013285385, 0.0], [-120.485472172232, 38.10095539872833, 0.0], [-120.48539412660011, 38.1009611091189, 0.0], [-120.48537128423908, 38.10097633871007, 0.0], [-120.48486683888451, 38.10097633800321, 0.0], [-120.48485732033578, 38.10098014610741, 0.0], [-120.48483828503493, 38.10098966318596, 0.0], [-120.48482876558785, 38.1010086987532, 0.0], [-120.48404259239054, 38.10101631425111, 0.0], [-120.4840387862287, 38.101044866882766, 0.0], [-120.48338776456588, 38.101039155791824, 0.0], [-120.48338776366757, 38.10106961281776, 0.0], [-120.48273864912808, 38.10107532390632, 0.0], [-120.48274245618825, 38.1011076839056, 0.0], [-120.48215234928485, 38.10110768531939, 0.0], [-120.48215234928485, 38.10113052824538, 0.0], [-120.48196770327316, 38.10113814231681, 0.0], [-120.4818991752917, 38.101134334220845, 0.0], [-120.48189156027306, 38.10112481716108, 0.0]]]]}}, {"type": "Feature", "properties": {"Symb_class": "C", "Crop2016": "Olives", "County": "Calaveras", "Acres": 0.76265709, "SUBCLASS2": "6"}, "geometry": {"type": "MultiPolygon", "coordinates": [[[[-120.89317523102773, 38.11710426023906, 0.0], [-120.89287318598818, 38.11711602126912, 0.0], [-120.89277615536109, 38.11708817884199, 0.0], [-120.89270192936577, 38.116945918326586, 0.0], [-120.89262702065085, 38.116746539134496, 0.0], [-120.89262497339031, 38.11657518013383, 0.0], [-120.89324137218546, 38.116570606719634, 0.0], [-120.89330715581373, 38.117017594230795, 0.0], [-120.89317523102773, 38.11710426023906, 0.0]]]]}}, {"type": "Feature", "properties": {"Symb_class": "P", "Crop2016": "Mixed Pasture", "County": "Calaveras", "Acres": 3.0881752, "SUBCLASS2": "3"}, "geometry": {"type": "MultiPolygon", "coordinates": [[[[-120.4615717125637, 38.12950912019516, 0.0], [-120.46156250932363, 38.12948150932202, 0.0], [-120.46160000859685, 38.12916651681175, 0.0], [-120.46161491344404, 38.12915910210604, 0.0], [-120.46169624690987, 38.129115947980885, 0.0], [-120.46172269510845, 38.128994459830736, 0.0], [-120.46173123269692, 38.12890874422784, 0.0], [-120.46173981340452, 38.128830166969244, 0.0], [-120.46171221715898, 38.128766009976474, 0.0], [-120.46160549820155, 38.1286946777247, 0.0], [-120.46164626824071, 38.12848403921159, 0.0], [-120.46209550942609, 38.12854495297688, 0.0], [-120.46208028118538, 38.12977846521956, 0.0], [-120.4620193673243, 38.13033430766253, 0.0], [-120.46195845436152, 38.13046375084163, 0.0], [-120.46192876773631, 38.13068639404248, 0.0], [-120.4617713703221, 38.13100070800241, 0.0], [-120.46180461966574, 38.13132649175859, 0.0], [-120.46176697037384, 38.13137746324014, 0.0], [-120.46172868597309, 38.131429291099344, 0.0], [-120.46168070156386, 38.131404864945566, 0.0], [-120.46140058529873, 38.13126227124488, 0.0], [-120.46138738275897, 38.13115665015829, 0.0], [-120.46138738186067, 38.13098152126253, 0.0], [-120.46134931125893, 38.13085207829505, 0.0], [-120.46135692537929, 38.13066933484968, 0.0], [-120.46145590984212, 38.130517049826786, 0.0], [-120.46150920958286, 38.13035715134135, 0.0], [-120.46154426094694, 38.13006973581965, 0.0], [-120.46163812321603, 38.129980151291, 0.0], [-120.46167381507888, 38.12988718897769, 0.0], [-120.4616907123894, 38.12968719502458, 0.0], [-120.46163551810169, 38.129558881075866, 0.0], [-120.4615717125637, 38.12950912019516, 0.0]]]]}}, {"type": "Feature", "properties": {"Symb_class": "C", "Crop2016": "Olives", "County": "Calaveras", "Acres": 2.22255696, "SUBCLASS2": "6"}, "geometry": {"type": "MultiPolygon", "coordinates": [[[[-120.92509397566695, 38.16476014665036, 0.0], [-120.92512210191849, 38.165603909684364, 0.0], [-120.92403985927491, 38.165617326896204, 0.0], [-120.9240180239253, 38.16474919987943, 0.0], [-120.9241177989056, 38.16474843426224, 0.0], [-120.92509397566695, 38.16476014665036, 0.0]]]]}}, {"type": "Feature", "properties": {"Symb_class": "D", "Crop2016": "Walnuts", "County": "Calaveras", "Acres": 36.78860513, "SUBCLASS2": "13"}, "geometry": {"type": "MultiPolygon", "coordinates": [[[[-120.92313708205877, 38.07394126323096, 0.0], [-120.9225673669123, 38.073923248129475, 0.0], [-120.92246235026235, 38.073957154703635, 0.0], [-120.92240892835069, 38.07395635277556, 0.0], [-120.9223658406581, 38.0739441470611, 0.0], [-120.92233036708585, 38.07391872296158, 0.0], [-120.92229676470436, 38.07391240795101, 0.0], [-120.92197595475683, 38.07390864015951, 0.0], [-120.92077021801616, 38.07388349325759, 0.0], [-120.92068184984332, 38.07385140902289, 0.0], [-120.92063404779213, 38.073835303962284, 0.0], [-120.92054524663136, 38.07381847192835, 0.0], [-120.92032293964968, 38.07382979723856, 0.0], [-120.92028418992159, 38.07383483369502, 0.0], [-120.92021376559657, 38.07385075418475, 0.0], [-120.92016981462297, 38.07386905004999, 0.0], [-120.92013057980462, 38.07389124382222, 0.0], [-120.92009161537918, 38.073903904961746, 0.0], [-120.92003373423047, 38.07390288098227, 0.0], [-120.91968891680699, 38.073894868766686, 0.0], [-120.91952652296318, 38.0739206040284, 0.0], [-120.9194033100388, 38.07392605134318, 0.0], [-120.91925882590685, 38.07391586317408, 0.0], [-120.91837555201381, 38.07392119734237, 0.0], [-120.91749013923214, 38.07391695009135, 0.0], [-120.91734072334923, 38.07391048728258, 0.0], [-120.91730267700201, 38.073890736782566, 0.0], [-120.91727218997791, 38.07385967794551, 0.0], [-120.91725099422878, 38.07375630326343, 0.0], [-120.91722798118782, 38.07363191415158, 0.0], [-120.91724952278832, 38.07342006881751, 0.0], [-120.91724933863371, 38.07340066823573, 0.0], [-120.9172462412426, 38.07307336803367, 0.0], [-120.91724344029555, 38.07104574632588, 0.0], [-120.91725681800676, 38.07101623928326, 0.0], [-120.91778099665315, 38.07101417780674, 0.0], [-120.91792384764794, 38.07102863077163, 0.0], [-120.91811056517469, 38.0710915457245, 0.0], [-120.91825676059727, 38.07112096009415, 0.0], [-120.91853996167713, 38.071105114680144, 0.0], [-120.9189609436603, 38.0711495300614, 0.0], [-120.91917415609804, 38.07120873991994, 0.0], [-120.91954255699268, 38.07137918201036, 0.0], [-120.91972593098996, 38.07142713389294, 0.0], [-120.91993551243732, 38.07148150987259, 0.0], [-120.92023611927411, 38.07151663465478, 0.0], [-120.92065871283489, 38.0716373690699, 0.0], [-120.92083598457643, 38.071634543845576, 0.0], [-120.92092045855249, 38.07171352774195, 0.0], [-120.92111572893906, 38.07174082595186, 0.0], [-120.9212396569224, 38.07175792083097, 0.0], [-120.92159049036336, 38.0718833406735, 0.0], [-120.92159926600536, 38.07197290593832, 0.0], [-120.921695887899, 38.07202230079904, 0.0], [-120.92191216718513, 38.07210659524023, 0.0], [-120.9220254133014, 38.07236788567997, 0.0], [-120.92230935099978, 38.07245933711336, 0.0], [-120.92244273015822, 38.07254216364962, 0.0], [-120.92274689342521, 38.07285153572471, 0.0], [-120.92299950866628, 38.07298415629054, 0.0], [-120.92332757430633, 38.07311513031073, 0.0], [-120.9236867117738, 38.07321386824666, 0.0], [-120.92398212904317, 38.07329955727608, 0.0], [-120.92417028926428, 38.07331182179354, 0.0], [-120.92429649357852, 38.07324848515291, 0.0], [-120.92445090678935, 38.073254194172236, 0.0], [-120.92463889812717, 38.07327241593342, 0.0], [-120.92476131424588, 38.07334312625246, 0.0], [-120.9248962968971, 38.073369353901, 0.0], [-120.92511837121512, 38.073382216675284, 0.0], [-120.92525300891329, 38.07336730875575, 0.0], [-120.9255099243896, 38.07334800292125, 0.0], [-120.92579614291047, 38.07335901714796, 0.0], [-120.92605891091085, 38.073399420075354, 0.0], [-120.9263133003246, 38.07346947896593, 0.0], [-120.92641348493665, 38.073556441311794, 0.0], [-120.92642325860695, 38.07381684402536, 0.0], [-120.92639313719717, 38.073846407926034, 0.0], [-120.92630855272833, 38.073904520905195, 0.0], [-120.92594321059723, 38.073918338969335, 0.0], [-120.92547801623071, 38.07394350495281, 0.0], [-120.92504377601225, 38.07394060415059, 0.0], [-120.92430807286253, 38.07393237696006, 0.0], [-120.92313708205877, 38.07394126323096, 0.0]]]]}}, {"type": "Feature", "properties": {"Symb_class": "V", "Crop2016": "Grapes", "County": "Calaveras", "Acres": 7.20879942, "SUBCLASS2": "**"}, "geometry": {"type": "MultiPolygon", "coordinates": [[[[-120.93316165989368, 38.16161166284403, 0.0], [-120.93330442914178, 38.161599766307035, 0.0], [-120.93335796603779, 38.16215299030563, 0.0], [-120.9334115047304, 38.1629144169004, 0.0], [-120.93338771015516, 38.162950108687276, 0.0], [-120.93099635085139, 38.16297390414392, 0.0], [-120.93008620834823, 38.16297985265368, 0.0], [-120.93004456694321, 38.16292036682765, 0.0], [-120.93004456784156, 38.16284898179471, 0.0], [-120.9300683624168, 38.1627894958619, 0.0], [-120.93075840599725, 38.16246231989179, 0.0], [-120.93118670924997, 38.16220057890615, 0.0], [-120.93180536820637, 38.16184960871542, 0.0], [-120.93198977706282, 38.161802019885805, 0.0], [-120.93270956296402, 38.161772276145165, 0.0], [-120.93275715301282, 38.16176632683056, 0.0], [-120.93316165989368, 38.16161166284403, 0.0]]]]}}, {"type": "Feature", "properties": {"Symb_class": "V", "Crop2016": "Grapes", "County": "Calaveras", "Acres": 3.87531952, "SUBCLASS2": "**"}, "geometry": {"type": "MultiPolygon", "coordinates": [[[[-120.62764105467316, 38.05008643970392, 0.0], [-120.6268798932683, 38.048836258046244, 0.0], [-120.6269411466926, 38.04879435811359, 0.0], [-120.62700467195623, 38.04879595120279, 0.0], [-120.62731145471061, 38.048938018968194, 0.0], [-120.62742637887983, 38.04892415798589, 0.0], [-120.62759163655278, 38.048836454706354, 0.0], [-120.62772052143983, 38.048697618201, 0.0], [-120.6278740093859, 38.04861233329386, 0.0], [-120.62793392072714, 38.04865862706777, 0.0], [-120.62806515560702, 38.04872933004966, 0.0], [-120.62825170694543, 38.04899868496377, 0.0], [-120.62829142056583, 38.04915170229566, 0.0], [-120.62828312731911, 38.04918271290717, 0.0], [-120.62826172405917, 38.049304335893694, 0.0], [-120.62835007336737, 38.04945223805236, 0.0], [-120.6284694055697, 38.04959865295102, 0.0], [-120.62851705670394, 38.04970119378505, 0.0], [-120.62846445225924, 38.04973154698757, 0.0], [-120.62837966117789, 38.04977828713141, 0.0], [-120.62834301260924, 38.04987373885455, 0.0], [-120.62836953357137, 38.049951318710136, 0.0], [-120.6284208803747, 38.05017520824134, 0.0], [-120.62842506832054, 38.05024272788746, 0.0], [-120.62839515172662, 38.05030260617716, 0.0], [-120.62809525905051, 38.05045706599108, 0.0], [-120.62795991258159, 38.050484892066955, 0.0], [-120.62785377303751, 38.050413912774346, 0.0], [-120.62764105467316, 38.05008643970392, 0.0]]]]}}, {"type": "Feature", "properties": {"Symb_class": "V", "Crop2016": "Grapes", "County": "Calaveras", "Acres": 2.67102379, "SUBCLASS2": "**"}, "geometry": {"type": "MultiPolygon", "coordinates": [[[[-120.44517016969832, 38.128768806140535, 0.0], [-120.44507023212294, 38.128692661686244, 0.0], [-120.44507023212294, 38.12859748312662, 0.0], [-120.44521775795049, 38.128554652310314, 0.0], [-120.44531293804809, 38.12855941293994, 0.0], [-120.44543191002602, 38.12860224234021, 0.0], [-120.44550805302612, 38.12866886705795, 0.0], [-120.44562226662796, 38.128692660979596, 0.0], [-120.44574124040253, 38.12873549171492, 0.0], [-120.44586021327876, 38.12873549171492, 0.0], [-120.44592683862841, 38.12869742018699, 0.0], [-120.44593635627886, 38.128640313917785, 0.0], [-120.44595063410198, 38.12854989521352, 0.0], [-120.4459220811507, 38.12850706366268, 0.0], [-120.44580310737615, 38.128454715761144, 0.0], [-120.44564130282716, 38.12834526132198, 0.0], [-120.44563654355278, 38.1282358053055, 0.0], [-120.44566985577845, 38.12812159129353, 0.0], [-120.44580786485389, 38.1279312346809, 0.0], [-120.44657405412939, 38.127959788098465, 0.0], [-120.44706422076248, 38.12824056524927, 0.0], [-120.44708801623605, 38.1282976711246, 0.0], [-120.4470451845633, 38.128354779075096, 0.0], [-120.44692621258537, 38.128416644793354, 0.0], [-120.44671206140818, 38.12834525990873, 0.0], [-120.44661212383281, 38.128426161830504, 0.0], [-120.44634086495637, 38.128640313917785, 0.0], [-120.44613623232789, 38.12881163471124, 0.0], [-120.44622189297844, 38.12887350216221, 0.0], [-120.44591256260193, 38.129078135279556, 0.0], [-120.44571744582728, 38.129139999678124, 0.0], [-120.44558895619893, 38.12914951803426, 0.0], [-120.44544618784913, 38.12915903568251, 0.0], [-120.44541287472515, 38.12913048273404, 0.0], [-120.44539859780032, 38.129082893755175, 0.0], [-120.44535100864984, 38.12901151022872, 0.0], [-120.4452939018489, 38.128892536822796, 0.0], [-120.44524631359673, 38.1288259123092, 0.0], [-120.44517016969832, 38.128768806140535, 0.0]]]]}}, {"type": "Feature", "properties": {"Symb_class": "V", "Crop2016": "Grapes", "County": "Calaveras", "Acres": 0.29324448, "SUBCLASS2": "**"}, "geometry": {"type": "MultiPolygon", "coordinates": [[[[-120.68524606125652, 37.96759484889234, 0.0], [-120.68504178525922, 37.96768169901693, 0.0], [-120.68475999273774, 37.967207281189985, 0.0], [-120.68502501640779, 37.96716768721611, 0.0], [-120.68524606125652, 37.96759484889234, 0.0]]]]}}, {"type": "Feature", "properties": {"Symb_class": "C", "Crop2016": "Olives", "County": "Calaveras", "Acres": 0.73248199, "SUBCLASS2": "6"}, "geometry": {"type": "MultiPolygon", "coordinates": [[[[-120.92945308921072, 38.1951389119381, 0.0], [-120.92958875727649, 38.19482897197646, 0.0], [-120.9300649595985, 38.19497565690692, 0.0], [-120.93052868342289, 38.19513642471986, 0.0], [-120.93053195598544, 38.19523423523796, 0.0], [-120.93047503872906, 38.19532383210729, 0.0], [-120.93044630880966, 38.19537816174717, 0.0], [-120.92945308921072, 38.1951389119381, 0.0]]]]}}, {"type": "Feature", "properties": {"Symb_class": "D", "Crop2016": "Walnuts", "County": "Calaveras", "Acres": 18.74654213, "SUBCLASS2": "13"}, "geometry": {"type": "MultiPolygon", "coordinates": [[[[-120.56707511198017, 38.4001418112947, 0.0], [-120.56716719468669, 38.40028419071792, 0.0], [-120.56682250302732, 38.40042862201963, 0.0], [-120.5667154849309, 38.40071474732162, 0.0], [-120.56626170186344, 38.40087396870587, 0.0], [-120.5664828095942, 38.40122996276428, 0.0], [-120.5659047796415, 38.40180392080259, 0.0], [-120.56559886465969, 38.402262351670096, 0.0], [-120.56585528696093, 38.402475369906405, 0.0], [-120.56587413810715, 38.402560968859774, 0.0], [-120.56587598504339, 38.40280374119706, 0.0], [-120.56593275677271, 38.403089100326056, 0.0], [-120.56514021541835, 38.404178183121516, 0.0], [-120.56483515293775, 38.40475085766581, 0.0], [-120.56474610384196, 38.40500833671743, 0.0], [-120.56474762199477, 38.40520826670994, 0.0], [-120.56465867979848, 38.405480025880024, 0.0], [-120.56426390706206, 38.40622449468811, 0.0], [-120.56380943678342, 38.40629802222062, 0.0], [-120.56359200406047, 38.40642756722975, 0.0], [-120.56330025640902, 38.40635752222961, 0.0], [-120.56338974388265, 38.406157168122306, 0.0], [-120.56349786511025, 38.406013851349094, 0.0], [-120.56380467481408, 38.40566966987953, 0.0], [-120.5647952830105, 38.40429404479854, 0.0], [-120.5647925727933, 38.40393702818546, 0.0], [-120.56438654236968, 38.40319630066158, 0.0], [-120.56512795700796, 38.4025644620028, 0.0], [-120.56456333620751, 38.40250997613235, 0.0], [-120.56410531488854, 38.40211224218375, 0.0], [-120.5638868140687, 38.402098979138266, 0.0], [-120.56390187432444, 38.401684754841135, 0.0], [-120.56370146377783, 38.40165712685019, 0.0], [-120.56380806415764, 38.40131387994996, 0.0], [-120.56467382269923, 38.400281588729975, 0.0], [-120.56485559589866, 38.400252176967356, 0.0], [-120.56607482084331, 38.400232188958135, 0.0], [-120.56627403213903, 38.40010272506923, 0.0], [-120.56707511198017, 38.4001418112947, 0.0]]]]}}, {"type": "Feature", "properties": {"Symb_class": "V", "Crop2016": "Grapes", "County": "Calaveras", "Acres": 1.81386754, "SUBCLASS2": "**"}, "geometry": {"type": "MultiPolygon", "coordinates": [[[[-120.61822196739091, 38.33504642593887, 0.0], [-120.61906429607328, 38.3347037832283, 0.0], [-120.61908809064849, 38.334879863203604, 0.0], [-120.61886442182085, 38.33508925581144, 0.0], [-120.61834569774487, 38.33553183602064, 0.0], [-120.61816485969166, 38.33563177309039, 0.0], [-120.61772703968681, 38.335660326110904, 0.0], [-120.6171797626595, 38.335693638893495, 0.0], [-120.6170893427346, 38.33568887982481, 0.0], [-120.61707982598247, 38.33554611184738, 0.0], [-120.61822196739091, 38.33504642593887, 0.0]]]]}}, {"type": "Feature", "properties": {"Symb_class": "V", "Crop2016": "Grapes", "County": "Calaveras", "Acres": 2.86426514, "SUBCLASS2": "**"}, "geometry": {"type": "MultiPolygon", "coordinates": [[[[-120.49203261815929, 38.15599183781906, 0.0], [-120.49212380075386, 38.155941991832556, 0.0], [-120.49214193055293, 38.15594976124223, 0.0], [-120.49214683355775, 38.1559518627053, 0.0], [-120.49217538740737, 38.1559689951014, 0.0], [-120.49219146635265, 38.15600249275981, 0.0], [-120.49219823066673, 38.15601658420619, 0.0], [-120.49220632987732, 38.156058775176895, 0.0], [-120.49220632808068, 38.15605889667307, 0.0], [-120.49222523671912, 38.156088204793164, 0.0], [-120.49226092768367, 38.15622205030929, 0.0], [-120.49224605697248, 38.15694778621085, 0.0], [-120.49218933195553, 38.15697670476706, 0.0], [-120.49209436565697, 38.15702511824706, 0.0], [-120.49103253093999, 38.157141117207104, 0.0], [-120.49069345824275, 38.157147066192735, 0.0], [-120.49058638265413, 38.1571381427141, 0.0], [-120.49056988778887, 38.157126722948426, 0.0], [-120.49056763571247, 38.15712516471217, 0.0], [-120.49057414580331, 38.156972181916885, 0.0], [-120.49066602728722, 38.15683559213469, 0.0], [-120.4907044131976, 38.156793715946236, 0.0], [-120.49072345029512, 38.156774680793475, 0.0], [-120.49073058830837, 38.15676278417363, 0.0], [-120.49073772632161, 38.1567366090603, 0.0], [-120.49074486523315, 38.156722331978635, 0.0], [-120.4907459719576, 38.15668947391297, 0.0], [-120.49074820606772, 38.156623160150325, 0.0], [-120.49076640683369, 38.15662002175887, 0.0], [-120.49116234917663, 38.15654387881747, 0.0], [-120.49125752837593, 38.156519133315705, 0.0], [-120.49136032079726, 38.156454410848056, 0.0], [-120.49150119819338, 38.1563575131675, 0.0], [-120.49159481432409, 38.15629312325713, 0.0], [-120.49203261815929, 38.15599183781906, 0.0]]]]}}, {"type": "Feature", "properties": {"Symb_class": "D", "Crop2016": "Walnuts", "County": "Calaveras", "Acres": 16.17397601, "SUBCLASS2": "13"}, "geometry": {"type": "MultiPolygon", "coordinates": [[[[-120.5780256471588, 38.39260667985385, 0.0], [-120.57795470720082, 38.392845040100745, 0.0], [-120.5778607613884, 38.39324536320708, 0.0], [-120.57763048365521, 38.39327502706086, 0.0], [-120.57636511944095, 38.39280502970572, 0.0], [-120.57628952710813, 38.39244360022358, 0.0], [-120.57603462116306, 38.39242577368581, 0.0], [-120.57602470196574, 38.39271144625795, 0.0], [-120.57553966381458, 38.39274231993072, 0.0], [-120.5754289347777, 38.39254291027181, 0.0], [-120.57519711463719, 38.39237263974857, 0.0], [-120.57490397459705, 38.39211697305419, 0.0], [-120.5745514316621, 38.39202344222607, 0.0], [-120.57423564958522, 38.39197733965981, 0.0], [-120.57405235823298, 38.39180683686534, 0.0], [-120.57409882718429, 38.391540033048166, 0.0], [-120.57414551442623, 38.39130179101086, 0.0], [-120.57404567297061, 38.39094047371059, 0.0], [-120.5740679529863, 38.390683307159776, 0.0], [-120.57424653896308, 38.390244502145265, 0.0], [-120.57481522643685, 38.390051380258555, 0.0], [-120.57486161723477, 38.38977505682428, 0.0], [-120.5749050660501, 38.3891179148607, 0.0], [-120.57546521863036, 38.38939135115039, 0.0], [-120.57605376695673, 38.390197814042466, 0.0], [-120.5762718662296, 38.3917296227927, 0.0], [-120.57652684493817, 38.39175696871941, 0.0], [-120.57685652934241, 38.39203149903005, 0.0], [-120.57691851399532, 38.3922025779361, 0.0], [-120.5780256471588, 38.39260667985385, 0.0]]]]}}, {"type": "Feature", "properties": {"Symb_class": "D", "Crop2016": "Walnuts", "County": "Calaveras", "Acres": 3.46965107, "SUBCLASS2": "13"}, "geometry": {"type": "MultiPolygon", "coordinates": [[[[-120.59838876402043, 38.38164238089769, 0.0], [-120.59813139309829, 38.381691260304784, 0.0], [-120.5980261186318, 38.38179889023027, 0.0], [-120.59795135993555, 38.381930171988984, 0.0], [-120.5977090537607, 38.381967073111134, 0.0], [-120.597419160232, 38.38174238883488, 0.0], [-120.59655244408633, 38.381437247299566, 0.0], [-120.59618598175605, 38.38111772778317, 0.0], [-120.59653127079507, 38.38068758685095, 0.0], [-120.59675841161129, 38.38065076324144, 0.0], [-120.59724349377986, 38.38063646391304, 0.0], [-120.59741228093355, 38.38088555110514, 0.0], [-120.59761110505538, 38.38109878513262, 0.0], [-120.59780964441129, 38.38127631771253, 0.0], [-120.59826622393422, 38.38148827531086, 0.0], [-120.59838876402043, 38.38164238089769, 0.0]]]]}}, {"type": "Feature", "properties": {"Symb_class": "V", "Crop2016": "Grapes", "County": "Calaveras", "Acres": 2.15609649, "SUBCLASS2": "**"}, "geometry": {"type": "MultiPolygon", "coordinates": [[[[-120.48455404370597, 38.15436605108304, 0.0], [-120.48443983010412, 38.1543589130169, 0.0], [-120.48436844637838, 38.15436367196318, 0.0], [-120.48428818370438, 38.154366032716915, 0.0], [-120.4842875450022, 38.15436605108304, 0.0], [-120.48419712507729, 38.15438032791962, 0.0], [-120.48407101508613, 38.15440650175953, 0.0], [-120.48399249065221, 38.15444933294353, 0.0], [-120.48386637976272, 38.15449454180528, 0.0], [-120.48379975531135, 38.15452547524633, 0.0], [-120.48370607001038, 38.154555892304934, 0.0], [-120.48361653672264, 38.1545849608574, 0.0], [-120.48357658235373, 38.15460969571331, 0.0], [-120.48352085716174, 38.15460969571331, 0.0], [-120.48350674103536, 38.15460263819915, 0.0], [-120.48349994258527, 38.154589721201674, 0.0], [-120.48349994258527, 38.15455402885427, 0.0], [-120.48350708059854, 38.15452309471893, 0.0], [-120.48357132720935, 38.1544041233474, 0.0], [-120.48365460912102, 38.15431132283037, 0.0], [-120.48372123267406, 38.15426611314868, 0.0], [-120.48375454489975, 38.154287528785055, 0.0], [-120.48382593042211, 38.15429704668668, 0.0], [-120.48383678476567, 38.154295689711205, 0.0], [-120.48385054605752, 38.154301806343405, 0.0], [-120.48395442094878, 38.154301806343405, 0.0], [-120.48396685902219, 38.15430064009331, 0.0], [-120.48403056305057, 38.15429466827098, 0.0], [-120.484056737263, 38.15426849297812, 0.0], [-120.48406387617457, 38.154204248152546, 0.0], [-120.48405197798863, 38.154175693701255, 0.0], [-120.48404924621184, 38.15416866934553, 0.0], [-120.48405563772509, 38.15411753012207, 0.0], [-120.48402135801385, 38.15411585032211, 0.0], [-120.48388303722305, 38.15410906895942, 0.0], [-120.4838521782964, 38.154102455717414, 0.0], [-120.48396461233567, 38.15404623889783, 0.0], [-120.48408937575223, 38.15401504812646, 0.0], [-120.4844326929892, 38.15399723501477, 0.0], [-120.48444501697658, 38.15399043880681, 0.0], [-120.48446236793629, 38.153980870711244, 0.0], [-120.48461015786853, 38.15391301807889, 0.0], [-120.48465897591431, 38.1538906041977, 0.0], [-120.48483728880328, 38.15378999665574, 0.0], [-120.48490858359578, 38.15374977097742, 0.0], [-120.48495617364459, 38.153742632144564, 0.0], [-120.48496436627998, 38.153741990030994, 0.0], [-120.48498644237809, 38.153740257949124, 0.0], [-120.4850132552927, 38.15372794829919, 0.0], [-120.48507287917306, 38.15372075224617, 0.0], [-120.48507514741914, 38.153721217054546, 0.0], [-120.48517984337057, 38.15374501199103, 0.0], [-120.48524170944584, 38.153766427074004, 0.0], [-120.48529881624678, 38.1537926011343, 0.0], [-120.48534640539727, 38.15383543126602, 0.0], [-120.48535031666202, 38.153846732872815, 0.0], [-120.48539816632396, 38.15455249881861, 0.0], [-120.48539875202552, 38.15456116690136, 0.0], [-120.4853606823221, 38.15458496227014, 0.0], [-120.48535372487022, 38.154586880818215, 0.0], [-120.48531924393636, 38.15461185019402, 0.0], [-120.48524380970699, 38.15460969571331, 0.0], [-120.48515595087895, 38.154609695006904, 0.0], [-120.48514414971105, 38.154606377106475, 0.0], [-120.4850513528439, 38.15456116690136, 0.0], [-120.4848467184188, 38.1544683679969, 0.0], [-120.48468491476814, 38.15439936369736, 0.0], [-120.48455404370597, 38.15436605108304, 0.0]]]]}}, {"type": "Feature", "properties": {"Symb_class": "V", "Crop2016": "Grapes", "County": "Calaveras", "Acres": 0.51557071, "SUBCLASS2": "**"}, "geometry": {"type": "MultiPolygon", "coordinates": [[[[-120.60702569626964, 38.099437940981396, 0.0], [-120.60752062487207, 38.099318966754275, 0.0], [-120.60756821402256, 38.09934752004923, 0.0], [-120.60763007919955, 38.09965209113295, 0.0], [-120.60703521481838, 38.09979009999547, 0.0], [-120.60694955416787, 38.09947601079858, 0.0], [-120.60702569626964, 38.099437940981396, 0.0]]]]}}, {"type": "Feature", "properties": {"Symb_class": "V", "Crop2016": "Grapes", "County": "Calaveras", "Acres": 3.59830919, "SUBCLASS2": "**"}, "geometry": {"type": "MultiPolygon", "coordinates": [[[[-120.56733794196433, 38.2003372751082, 0.0], [-120.56590303511321, 38.20060583829618, 0.0], [-120.56582731791453, 38.20059429332989, 0.0], [-120.56572943658287, 38.19965459724536, 0.0], [-120.56604543695038, 38.1994389000714, 0.0], [-120.56637574837866, 38.199116029065074, 0.0], [-120.56673847461566, 38.19907862116204, 0.0], [-120.56684507319883, 38.19917332582951, 0.0], [-120.56660307424782, 38.199174463829415, 0.0], [-120.56657363825259, 38.19928170894413, 0.0], [-120.56675568004829, 38.19935225703327, 0.0], [-120.56683166584321, 38.19939950225256, 0.0], [-120.56683338432038, 38.199625606672, 0.0], [-120.56695691794327, 38.19995824573497, 0.0], [-120.56719910104894, 38.19998090665144, 0.0], [-120.56733794196433, 38.2003372751082, 0.0]]]]}}, {"type": "Feature", "properties": {"Symb_class": "V", "Crop2016": "Grapes", "County": "Calaveras", "Acres": 0.25606508, "SUBCLASS2": "**"}, "geometry": {"type": "MultiPolygon", "coordinates": [[[[-120.44705397637499, 38.13035728983923, 0.0], [-120.44723518812734, 38.130437947160054, 0.0], [-120.44731883475504, 38.13052689092879, 0.0], [-120.44742689220224, 38.130577405079116, 0.0], [-120.44751037623485, 38.130616430976055, 0.0], [-120.44744969413911, 38.130680305814764, 0.0], [-120.447373551139, 38.130751689122505, 0.0], [-120.44728682867978, 38.13076169624814, 0.0], [-120.44724981898838, 38.130765966340945, 0.0], [-120.44708325696168, 38.130746930755684, 0.0], [-120.44708801623605, 38.130670786951605, 0.0], [-120.44715463978909, 38.13062319897695, 0.0], [-120.4471070506386, 38.130566092094504, 0.0], [-120.44699759631112, 38.13049470719204, 0.0], [-120.44706422255912, 38.130375734083714, 0.0], [-120.44705397637499, 38.13035728983923, 0.0]]]]}}, {"type": "Feature", "properties": {"Symb_class": "D", "Crop2016": "Plums, Prunes and Apricots", "County": "Calaveras", "Acres": 3.58856617, "SUBCLASS2": "16"}, "geometry": {"type": "MultiPolygon", "coordinates": [[[[-120.52592509442836, 38.39593282291601, 0.0], [-120.52560465189181, 38.39533601622418, 0.0], [-120.52529209117353, 38.395174452938654, 0.0], [-120.52522210163312, 38.39500609589034, 0.0], [-120.52533455004544, 38.39481775175997, 0.0], [-120.52535598205148, 38.39463344490067, 0.0], [-120.5252246402721, 38.39448762981296, 0.0], [-120.52608653605796, 38.39452967470597, 0.0], [-120.52636812466187, 38.39515545975764, 0.0], [-120.52615318206888, 38.39524032108555, 0.0], [-120.52638647005661, 38.39572800583495, 0.0], [-120.52660634080722, 38.395720728117176, 0.0], [-120.52702653676454, 38.39605739906728, 0.0], [-120.52702288331625, 38.39616460067817, 0.0], [-120.52670280280077, 38.39622340287606, 0.0], [-120.52615650044557, 38.39625358790595, 0.0], [-120.52592210124183, 38.39624267809673, 0.0], [-120.52570771201108, 38.39608914995562, 0.0], [-120.52592509442836, 38.39593282291601, 0.0]]]]}}, {"type": "Feature", "properties": {"Symb_class": "V", "Crop2016": "Grapes", "County": "Calaveras", "Acres": 1.78554206, "SUBCLASS2": "**"}, "geometry": {"type": "MultiPolygon", "coordinates": [[[[-120.53420510355733, 38.20070479497436, 0.0], [-120.53425864224994, 38.20063638578537, 0.0], [-120.53450253574789, 38.20060069410116, 0.0], [-120.53452633122149, 38.20064828371551, 0.0], [-120.53458879198148, 38.200657206102896, 0.0], [-120.53460663791292, 38.20063638578537, 0.0], [-120.53460663701462, 38.200591771000894, 0.0], [-120.53470181621388, 38.200576900341254, 0.0], [-120.53485945617322, 38.20056797582616, 0.0], [-120.53521339958169, 38.20055013102837, 0.0], [-120.53526098783387, 38.20058284789948, 0.0], [-120.53526991169788, 38.20065423197387, 0.0], [-120.53530560535738, 38.20067802712041, 0.0], [-120.53534427064385, 38.200683976082296, 0.0], [-120.53538888457413, 38.20068100124847, 0.0], [-120.53540673140388, 38.20068397467044, 0.0], [-120.5354781151296, 38.20090110121115, 0.0], [-120.53542160391173, 38.20096058780224, 0.0], [-120.53523124641144, 38.20113904798997, 0.0], [-120.53503494116566, 38.20123422577785, 0.0], [-120.53480294315872, 38.20133535305592, 0.0], [-120.53469586667178, 38.20137401918568, 0.0], [-120.53463638113199, 38.201382940778174, 0.0], [-120.5345917663034, 38.20137996809069, 0.0], [-120.53452930464506, 38.201317507034375, 0.0], [-120.53431515256955, 38.20108848387922, 0.0], [-120.53428541114711, 38.20105279171068, 0.0], [-120.53417833376187, 38.20074346214489, 0.0], [-120.53420510355733, 38.20070479497436, 0.0]]]]}}, {"type": "Feature", "properties": {"Symb_class": "V", "Crop2016": "Grapes", "County": "Calaveras", "Acres": 3.43651035, "SUBCLASS2": "**"}, "geometry": {"type": "MultiPolygon", "coordinates": [[[[-120.62834431516637, 38.04905358765344, 0.0], [-120.6280071558807, 38.048450798275844, 0.0], [-120.62788364471567, 38.048479899874195, 0.0], [-120.62747582035644, 38.04866880319104, 0.0], [-120.62737766683523, 38.04874910927192, 0.0], [-120.62732710336283, 38.048802646846006, 0.0], [-120.62728248943257, 38.04881751874116, 0.0], [-120.62722597641805, 38.048820492695384, 0.0], [-120.62713674676088, 38.04876992909056, 0.0], [-120.6270445427818, 38.04870746890944, 0.0], [-120.62684906398609, 38.04859488778941, 0.0], [-120.6267512644011, 38.04845259086332, 0.0], [-120.62696606685691, 38.04814681470144, 0.0], [-120.62724144630558, 38.04786452431209, 0.0], [-120.62729578539708, 38.04786424134416, 0.0], [-120.6273136178538, 38.047830827067905, 0.0], [-120.62733113230689, 38.047759330906935, 0.0], [-120.62783571330704, 38.04735117623418, 0.0], [-120.62809745363474, 38.04777947895745, 0.0], [-120.62819546522213, 38.04806460571315, 0.0], [-120.62862649126849, 38.048861704303, 0.0], [-120.62840489305759, 38.04907707289939, 0.0], [-120.62834431516637, 38.04905358765344, 0.0]]]]}}, {"type": "Feature", "properties": {"Symb_class": "P", "Crop2016": "Mixed Pasture", "County": "Calaveras", "Acres": 5.58028673, "SUBCLASS2": "3"}, "geometry": {"type": "MultiPolygon", "coordinates": [[[[-120.4568962536994, 38.129869025847206, 0.0], [-120.45685688772701, 38.12981653689031, 0.0], [-120.45682643214393, 38.1296642507948, 0.0], [-120.45678074562522, 38.1295043518545, 0.0], [-120.4569011306531, 38.12943613303337, 0.0], [-120.45700917372726, 38.129374909093904, 0.0], [-120.45707008758833, 38.129169324266634, 0.0], [-120.45729851569034, 38.129085566246104, 0.0], [-120.45745841581092, 38.12887236730424, 0.0], [-120.45754217203309, 38.12882668113, 0.0], [-120.45750410143134, 38.12868200982291, 0.0], [-120.4575574020704, 38.128583023877745, 0.0], [-120.45776298781138, 38.12842312468887, 0.0], [-120.45796095943201, 38.12838505299802, 0.0], [-120.45815131513567, 38.12836982417476, 0.0], [-120.45837212821901, 38.12824038081563, 0.0], [-120.4583112143579, 38.12837743823346, 0.0], [-120.45819700075606, 38.12865155229713, 0.0], [-120.4580370997372, 38.12887998201717, 0.0], [-120.45805994389487, 38.129024652225304, 0.0], [-120.45818938663574, 38.1290474941941, 0.0], [-120.4581132427373, 38.129093180936735, 0.0], [-120.45819700075606, 38.129245466103775, 0.0], [-120.45822745813577, 38.12935968118381, 0.0], [-120.45842542795978, 38.129359679770516, 0.0], [-120.45844827211745, 38.129443438183166, 0.0], [-120.45828837199687, 38.12951196508821, 0.0], [-120.45796857265405, 38.129793695162164, 0.0], [-120.45788481643189, 38.13002973731423, 0.0], [-120.4584558871361, 38.13047136397528, 0.0], [-120.45830360023758, 38.13070740817566, 0.0], [-120.45809801539492, 38.13085207829505, 0.0], [-120.45777821605208, 38.13088253631581, 0.0], [-120.45756501619076, 38.13069217913028, 0.0], [-120.45727567332933, 38.130364763779475, 0.0], [-120.45727567422762, 38.13024293570222, 0.0], [-120.45700917372726, 38.130143949753844, 0.0], [-120.45697110132886, 38.12996882196147, 0.0], [-120.4568962536994, 38.129869025847206, 0.0]]]]}}, {"type": "Feature", "properties": {"Symb_class": "V", "Crop2016": "Grapes", "County": "Calaveras", "Acres": 1.62548505, "SUBCLASS2": "**"}, "geometry": {"type": "MultiPolygon", "coordinates": [[[[-120.48628047362969, 38.15632682278857, 0.0], [-120.48692275737974, 38.15627417627004, 0.0], [-120.48703286927402, 38.15634987801162, 0.0], [-120.48704658565009, 38.15642150674772, 0.0], [-120.48702576539675, 38.156543454290095, 0.0], [-120.48696627895863, 38.156689196310786, 0.0], [-120.48695735599291, 38.15695391109702, 0.0], [-120.48694843302721, 38.15708478194175, 0.0], [-120.48692107663184, 38.15716958290836, 0.0], [-120.48686272296933, 38.15722221677231, 0.0], [-120.48682053718527, 38.15726026706112, 0.0], [-120.48667776793714, 38.15730785602963, 0.0], [-120.48650228294471, 38.157319753973255, 0.0], [-120.48640147669846, 38.15732215418748, 0.0], [-120.48637736322131, 38.15732272775247, 0.0], [-120.48635654206964, 38.15723052429325, 0.0], [-120.48627623537818, 38.15682898973542, 0.0], [-120.4862286462277, 38.15659996727197, 0.0], [-120.48620880873129, 38.15652061668983, 0.0], [-120.4862163258336, 38.15651632126209, 0.0], [-120.48627623358156, 38.15650776219251, 0.0], [-120.48630002995343, 38.1564869419708, 0.0], [-120.4863105007164, 38.15646250583939, 0.0], [-120.4863178758849, 38.15644530080316, 0.0], [-120.48631946141134, 38.15642469176806, 0.0], [-120.48632085020678, 38.1564066362538, 0.0], [-120.48630597680064, 38.15637391790722, 0.0], [-120.48626731241248, 38.156347149303166, 0.0], [-120.48626413507131, 38.15634238271627, 0.0], [-120.48628047362969, 38.15632682278857, 0.0]]]]}}, {"type": "Feature", "properties": {"Symb_class": "D", "Crop2016": "Walnuts", "County": "Calaveras", "Acres": 33.39509981, "SUBCLASS2": "13"}, "geometry": {"type": "MultiPolygon", "coordinates": [[[[-120.54969676173606, 38.3865918529854, 0.0], [-120.55102578596129, 38.38668576614184, 0.0], [-120.55115431960706, 38.38684227301141, 0.0], [-120.5516796669616, 38.386525688969115, 0.0], [-120.55156943379478, 38.38638338032631, 0.0], [-120.55153240793373, 38.38629786220596, 0.0], [-120.55136769463985, 38.3861700830138, 0.0], [-120.55118542287545, 38.3861280719877, 0.0], [-120.55100219710022, 38.38595753427772, 0.0], [-120.55096538324155, 38.385900577030746, 0.0], [-120.55058285633905, 38.385845196312104, 0.0], [-120.55051007303813, 38.385845527962815, 0.0], [-120.5507259876082, 38.38551607694476, 0.0], [-120.55250892605491, 38.38547937268137, 0.0], [-120.55305468223439, 38.385462594307604, 0.0], [-120.55367226321248, 38.3853169529588, 0.0], [-120.55485528066124, 38.38535436778837, 0.0], [-120.5556781248851, 38.38589327086236, 0.0], [-120.55579177793821, 38.386492558000846, 0.0], [-120.55561163428271, 38.38673616729285, 0.0], [-120.55550341873202, 38.38686519531869, 0.0], [-120.55521345962629, 38.38702362125886, 0.0], [-120.55477740031938, 38.387111310760055, 0.0], [-120.5545942715622, 38.38695505866386, 0.0], [-120.55439252162748, 38.386741767966235, 0.0], [-120.55415342513317, 38.386400116942454, 0.0], [-120.55406000214023, 38.386072078137765, 0.0], [-120.55405904543446, 38.38594355215759, 0.0], [-120.55405755602771, 38.38574362169696, 0.0], [-120.55378398578603, 38.38565918931347, 0.0], [-120.55371258589062, 38.38584517166715, 0.0], [-120.55369715283405, 38.386216553321674, 0.0], [-120.5536097880794, 38.38670251324998, 0.0], [-120.55359254761247, 38.386831123785576, 0.0], [-120.5535391301924, 38.386988461214614, 0.0], [-120.55332216010183, 38.38717510977649, 0.0], [-120.55327012159574, 38.38751809708979, 0.0], [-120.55314519199085, 38.387847136230484, 0.0], [-120.55334534831428, 38.38784622016758, 0.0], [-120.5530190936778, 38.388019086879325, 0.0], [-120.55298333893285, 38.38810493882952, 0.0], [-120.55298439984323, 38.38824774612116, 0.0], [-120.55298535565068, 38.388376272231284, 0.0], [-120.55289554298689, 38.388533775286575, 0.0], [-120.55278710734892, 38.388634241227535, 0.0], [-120.55229687244389, 38.388779294298764, 0.0], [-120.55202403432918, 38.38879482280683, 0.0], [-120.55189602529948, 38.38870972085263, 0.0], [-120.55196838639226, 38.388652265147854, 0.0], [-120.55202244520943, 38.38858061303201, 0.0], [-120.55200297692059, 38.38840932699617, 0.0], [-120.55164021924253, 38.388568077671465, 0.0], [-120.55156838725749, 38.388696936258135, 0.0], [-120.55156902326472, 38.38878261982473, 0.0], [-120.55107825386204, 38.388856265786586, 0.0], [-120.55084275961201, 38.3890001509966, 0.0], [-120.55044212536833, 38.38895913370735, 0.0], [-120.55005937119209, 38.38887519021098, 0.0], [-120.54976780859356, 38.38881939282305, 0.0], [-120.54947656399868, 38.38880643714852, 0.0], [-120.54933099380352, 38.388807099014585, 0.0], [-120.5491671231294, 38.38879356314879, 0.0], [-120.54916533099039, 38.38855079093887, 0.0], [-120.54898221121637, 38.38839452998272, 0.0], [-120.54878057806262, 38.388195509681886, 0.0], [-120.54896138108157, 38.38803759468367, 0.0], [-120.54899735142214, 38.38798030672975, 0.0], [-120.54914017906077, 38.38760834689217, 0.0], [-120.54931960675898, 38.387264784030336, 0.0], [-120.5496281987203, 38.38716341067735, 0.0], [-120.54969676173606, 38.3865918529854, 0.0]]]]}}, {"type": "Feature", "properties": {"Symb_class": "P", "Crop2016": "Mixed Pasture", "County": "Calaveras", "Acres": 3.78001052, "SUBCLASS2": "3"}, "geometry": {"type": "MultiPolygon", "coordinates": [[[[-120.51311281339981, 38.13324304019448, 0.0], [-120.51273510416219, 38.133256548858085, 0.0], [-120.51274222959904, 38.13319404070791, 0.0], [-120.51260234573962, 38.13317976113799, 0.0], [-120.51241340937412, 38.13317461500898, 0.0], [-120.5123046063252, 38.13328515883974, 0.0], [-120.51095944386593, 38.13325814929324, 0.0], [-120.5109740882017, 38.133189657702, 0.0], [-120.51097366060361, 38.133127181291336, 0.0], [-120.51099569627756, 38.133034858216, 0.0], [-120.51104407594548, 38.132927548101044, 0.0], [-120.51111540756894, 38.132861792145995, 0.0], [-120.51117189183739, 38.13283477467027, 0.0], [-120.51117932629467, 38.1328168927927, 0.0], [-120.51114473396972, 38.132730761252134, 0.0], [-120.51109141716097, 38.13266850914734, 0.0], [-120.51120898866535, 38.132183060888806, 0.0], [-120.51176482394234, 38.13225210316234, 0.0], [-120.51182543237626, 38.13227564577832, 0.0], [-120.51182986286723, 38.132370832260754, 0.0], [-120.51189057281076, 38.13240925093414, 0.0], [-120.51198887994387, 38.13242073321753, 0.0], [-120.51205679976587, 38.13240854433207, 0.0], [-120.51211340710351, 38.132399378288824, 0.0], [-120.51241600370865, 38.13245164280886, 0.0], [-120.51251494325571, 38.13255535207982, 0.0], [-120.51267806473491, 38.13265283817973, 0.0], [-120.51303929527694, 38.1329904663054, 0.0], [-120.51296369575758, 38.132984836851044, 0.0], [-120.51291852487185, 38.133008830039124, 0.0], [-120.51292649023347, 38.13306829998635, 0.0], [-120.51311281339981, 38.13324304019448, 0.0]]]]}}, {"type": "Feature", "properties": {"Symb_class": "V", "Crop2016": "Grapes", "County": "Calaveras", "Acres": 3.79148479, "SUBCLASS2": "**"}, "geometry": {"type": "MultiPolygon", "coordinates": [[[[-120.50201126693034, 38.10297544312089, 0.0], [-120.50206123571803, 38.10288621272393, 0.0], [-120.50341396019533, 38.10322885600567, 0.0], [-120.50298565694261, 38.103899863055055, 0.0], [-120.50294282796482, 38.10392484765465, 0.0], [-120.50291070421024, 38.10396053931911, 0.0], [-120.50270726005289, 38.10427105931591, 0.0], [-120.50262160030069, 38.10431388882548, 0.0], [-120.50255378558157, 38.10433173527175, 0.0], [-120.5025252299353, 38.10433173527175, 0.0], [-120.50151514985679, 38.10373924888047, 0.0], [-120.50152228787005, 38.10370712614459, 0.0], [-120.50201126693034, 38.10297544312089, 0.0]]]]}}, {"type": "Feature", "properties": {"Symb_class": "C", "Crop2016": "Olives", "County": "Calaveras", "Acres": 1.98429535, "SUBCLASS2": "6"}, "geometry": {"type": "MultiPolygon", "coordinates": [[[[-120.88820237590546, 38.13661544022891, 0.0], [-120.88827753525035, 38.13652142299049, 0.0], [-120.88848201336855, 38.13654894288023, 0.0], [-120.88851560766524, 38.13664014726335, 0.0], [-120.88852244384454, 38.13703128433539, 0.0], [-120.88882014642803, 38.137804355737636, 0.0], [-120.88900527932664, 38.13808425493415, 0.0], [-120.8890151482183, 38.13816072802656, 0.0], [-120.88890733421457, 38.1385498023224, 0.0], [-120.88892748791794, 38.1386884491761, 0.0], [-120.88885205279028, 38.138791999091325, 0.0], [-120.88876344836056, 38.138933458922956, 0.0], [-120.88844458596058, 38.13889434491654, 0.0], [-120.88869079172207, 38.13831225381556, 0.0], [-120.88867421241517, 38.138049691345145, 0.0], [-120.88855408340719, 38.13781864570748, 0.0], [-120.88833685909339, 38.13760492681684, 0.0], [-120.88824374422258, 38.137484042061494, 0.0], [-120.88815860100166, 38.137086729283546, 0.0], [-120.88820237590546, 38.13661544022891, 0.0]]]]}}, {"type": "Feature", "properties": {"Symb_class": "V", "Crop2016": "Grapes", "County": "Calaveras", "Acres": 2.46524634, "SUBCLASS2": "**"}, "geometry": {"type": "MultiPolygon", "coordinates": [[[[-120.69318794720748, 38.04682016427811, 0.0], [-120.69270106930662, 38.047708378194876, 0.0], [-120.69244828069075, 38.0477955197191, 0.0], [-120.69224789170367, 38.04767290595782, 0.0], [-120.69205340824129, 38.04753597799539, 0.0], [-120.69167144997238, 38.047366806076006, 0.0], [-120.69160314297649, 38.04716250721275, 0.0], [-120.69190374622002, 38.047022730190754, 0.0], [-120.69278783308836, 38.046646339342, 0.0], [-120.69305948093535, 38.04664001419576, 0.0], [-120.69318794720748, 38.04682016427811, 0.0]]]]}}, {"type": "Feature", "properties": {"Symb_class": "C", "Crop2016": "Olives", "County": "Calaveras", "Acres": 1.92555304, "SUBCLASS2": "6"}, "geometry": {"type": "MultiPolygon", "coordinates": [[[[-120.88804684339378, 38.14033441469621, 0.0], [-120.88770452059184, 38.14027103580964, 0.0], [-120.88769682292818, 38.1405379297541, 0.0], [-120.88759437186665, 38.14053132022735, 0.0], [-120.88762979603155, 38.139931133135086, 0.0], [-120.88767781188182, 38.13973172203775, 0.0], [-120.88801533229025, 38.13975209910163, 0.0], [-120.88803795905564, 38.13980495820049, 0.0], [-120.88846023820606, 38.13981732177674, 0.0], [-120.888596695891, 38.13990083785967, 0.0], [-120.88863619032244, 38.13999691804696, 0.0], [-120.88858954080975, 38.1403584810662, 0.0], [-120.88856758867914, 38.14049160299959, 0.0], [-120.8884747343198, 38.14057099716169, 0.0], [-120.88827325657464, 38.14064843629007, 0.0], [-120.8881251297742, 38.140760215103484, 0.0], [-120.88782476009263, 38.140916939719105, 0.0], [-120.8876541421724, 38.14097109231734, 0.0], [-120.8875641714051, 38.140950399073155, 0.0], [-120.88756322368248, 38.14077394987538, 0.0], [-120.88758832440814, 38.14074102174454, 0.0], [-120.88792105230456, 38.14071839680495, 0.0], [-120.88806986901116, 38.14058278973754, 0.0], [-120.88804684339378, 38.14033441469621, 0.0]]]]}}, {"type": "Feature", "properties": {"Symb_class": "P", "Crop2016": "Mixed Pasture", "County": "Calaveras", "Acres": 8.60904936, "SUBCLASS2": "3"}, "geometry": {"type": "MultiPolygon", "coordinates": [[[[-120.49704307136943, 38.06626065369016, 0.0], [-120.49729053477233, 38.066451011173136, 0.0], [-120.49729053477233, 38.06681268867261, 0.0], [-120.49711921167462, 38.06732665275154, 0.0], [-120.49690982067008, 38.06732665204435, 0.0], [-120.49673850026733, 38.06749797307305, 0.0], [-120.49687175006835, 38.06770736591823, 0.0], [-120.49656717806788, 38.06791675887132, 0.0], [-120.49633874996587, 38.06805000791309, 0.0], [-120.49611032186387, 38.06791676028575, 0.0], [-120.49567250006237, 38.06822133078395, 0.0], [-120.49548214525703, 38.06864011527016, 0.0], [-120.49519660765914, 38.06943961494791, 0.0], [-120.49485396595523, 38.06943961424069, 0.0], [-120.4940925404457, 38.06905890089512, 0.0], [-120.49371182634346, 38.06896372171871, 0.0], [-120.49380700464445, 38.06869722318495, 0.0], [-120.49468264465416, 38.068126153346675, 0.0], [-120.49561539415976, 38.067383760277174, 0.0], [-120.4959009290627, 38.067174367213006, 0.0], [-120.49621833888688, 38.06700243720447, 0.0], [-120.49632435626006, 38.06698653078337, 0.0], [-120.49670015118784, 38.066735067989036, 0.0], [-120.49689751285236, 38.06640216914877, 0.0], [-120.49704307136943, 38.06626065369016, 0.0]]]]}}, {"type": "Feature", "properties": {"Symb_class": "YP", "Crop2016": "Young Perennials", "County": "Calaveras", "Acres": 2.72212932, "SUBCLASS2": "**"}, "geometry": {"type": "MultiPolygon", "coordinates": [[[[-120.94483748764621, 38.10389728082957, 0.0], [-120.94477431721711, 38.104635638086364, 0.0], [-120.94449141976783, 38.104723545913444, 0.0], [-120.94244277493145, 38.10471104420855, 0.0], [-120.94256295604175, 38.104657739108845, 0.0], [-120.94253136408985, 38.104548497109285, 0.0], [-120.94231946858231, 38.104516832782245, 0.0], [-120.94232072981697, 38.1046167921986, 0.0], [-120.94226773191015, 38.10472669572638, 0.0], [-120.94159101304031, 38.104731993010155, 0.0], [-120.94158951195547, 38.10461299418014, 0.0], [-120.94176305389193, 38.104478345709154, 0.0], [-120.94197978862393, 38.10441476392005, 0.0], [-120.94214872938952, 38.104394401025374, 0.0], [-120.94238963239589, 38.10433062901413, 0.0], [-120.94255270985762, 38.10432459089738, 0.0], [-120.94268665764965, 38.10440446902028, 0.0], [-120.94268193700283, 38.10450923532097, 0.0], [-120.94285135657047, 38.104526948827605, 0.0], [-120.94313551705103, 38.104539003114176, 0.0], [-120.94345575028014, 38.104536493012176, 0.0], [-120.9436422737708, 38.10447314595535, 0.0], [-120.94393593124053, 38.10428042681534, 0.0], [-120.94427272401362, 38.104154014952954, 0.0], [-120.94436855359315, 38.10408661716383, 0.0], [-120.94451810063009, 38.103966433263, 0.0], [-120.9447106051039, 38.1038982768207, 0.0], [-120.94483748764621, 38.10389728082957, 0.0]]]]}}, {"type": "Feature", "properties": {"Symb_class": "C", "Crop2016": "Olives", "County": "Calaveras", "Acres": 4.0776149, "SUBCLASS2": "6"}, "geometry": {"type": "MultiPolygon", "coordinates": [[[[-120.88913432141887, 38.13916497511696, 0.0], [-120.88912026458131, 38.139128957986635, 0.0], [-120.88892774573445, 38.13913145771472, 0.0], [-120.88889903288303, 38.13908027686113, 0.0], [-120.88891858291856, 38.138925653080285, 0.0], [-120.88904244801982, 38.13881760976007, 0.0], [-120.88995155835872, 38.138827990952514, 0.0], [-120.89001336155194, 38.13877843704874, 0.0], [-120.88998567996646, 38.13869151132609, 0.0], [-120.88999176695081, 38.1386111528087, 0.0], [-120.88991420012098, 38.13842200065483, 0.0], [-120.88991472024554, 38.138272996047505, 0.0], [-120.8899216660193, 38.13816285119853, 0.0], [-120.8892878830268, 38.138157420682646, 0.0], [-120.88921185770597, 38.13804578413734, 0.0], [-120.88918220701338, 38.13789623683871, 0.0], [-120.88920064673124, 38.13764920428548, 0.0], [-120.88953811503737, 38.13746155318334, 0.0], [-120.88982757737476, 38.13736840609652, 0.0], [-120.89000938021859, 38.13734485028571, 0.0], [-120.89012226521214, 38.13735581883423, 0.0], [-120.8902360916401, 38.13746515519145, 0.0], [-120.89031716189956, 38.13805670665493, 0.0], [-120.89032331086766, 38.13889129619933, 0.0], [-120.8903159240211, 38.139409731737565, 0.0], [-120.89031737929186, 38.13949022573654, 0.0], [-120.8901061709955, 38.139486430944714, 0.0], [-120.89004745621021, 38.13942875093276, 0.0], [-120.89004060026797, 38.13940478529057, 0.0], [-120.88996516873357, 38.13940343015763, 0.0], [-120.88984070715095, 38.13940119326969, 0.0], [-120.88975824809609, 38.139381829984984, 0.0], [-120.88975250696309, 38.13931913984935, 0.0], [-120.88954901429673, 38.139309521784924, 0.0], [-120.88953598782678, 38.13923776107862, 0.0], [-120.8892759237554, 38.13922712629803, 0.0], [-120.88917074900193, 38.139210334052564, 0.0], [-120.88913432141887, 38.13916497511696, 0.0]]]]}}, {"type": "Feature", "properties": {"Symb_class": "V", "Crop2016": "Grapes", "County": "Calaveras", "Acres": 35.36857993, "SUBCLASS2": "**"}, "geometry": {"type": "MultiPolygon", "coordinates": [[[[-120.47373255960272, 38.11999295077571, 0.0], [-120.47366415019891, 38.11984125974408, 0.0], [-120.47360466376078, 38.11967469819007, 0.0], [-120.47358979215127, 38.11959736613803, 0.0], [-120.4736165610484, 38.11955869972795, 0.0], [-120.47367902180844, 38.11953490494948, 0.0], [-120.47369984206178, 38.11950813696292, 0.0], [-120.47371173934941, 38.1194545981334, 0.0], [-120.47375635507629, 38.119436751848156, 0.0], [-120.47377717532964, 38.11940700920759, 0.0], [-120.47378312397345, 38.11937131731627, 0.0], [-120.47374445689036, 38.119332650079755, 0.0], [-120.47369389341797, 38.11933265078645, 0.0], [-120.47363738220007, 38.11934454785626, 0.0], [-120.47359276737149, 38.119359418837384, 0.0], [-120.47356897189792, 38.11932372692275, 0.0], [-120.47353922778055, 38.119237472038215, 0.0], [-120.47357789486365, 38.119067935181945, 0.0], [-120.47358086828723, 38.118996551050344, 0.0], [-120.4736165610484, 38.11895491109916, 0.0], [-120.47362845833602, 38.11891029719282, 0.0], [-120.47370281728199, 38.11886568184574, 0.0], [-120.47383071222562, 38.118803220031324, 0.0], [-120.47392886484852, 38.11874670816027, 0.0], [-120.47404783772473, 38.118669375832205, 0.0], [-120.47414301692405, 38.11860988991388, 0.0], [-120.47422629703908, 38.11854742929415, 0.0], [-120.47449101438364, 38.118303534193664, 0.0], [-120.47473193266137, 38.11809533010426, 0.0], [-120.47481224025114, 38.11816076577956, 0.0], [-120.4748865991971, 38.11816671511693, 0.0], [-120.47497285363406, 38.11813697195906, 0.0], [-120.47510669811982, 38.11810722808237, 0.0], [-120.47513941566076, 38.118077484900326, 0.0], [-120.47514238998265, 38.118023947142085, 0.0], [-120.47513644223719, 38.117982307343055, 0.0], [-120.47509777515408, 38.117943640077776, 0.0], [-120.47505910896933, 38.117913898242556, 0.0], [-120.47501449503905, 38.117907948884636, 0.0], [-120.47499367388738, 38.11789902484684, 0.0], [-120.47502639232667, 38.117851436320755, 0.0], [-120.47519592687867, 38.117658105096986, 0.0], [-120.47554094911806, 38.1173101087352, 0.0], [-120.47579971692048, 38.117090007912026, 0.0], [-120.47585027859625, 38.11705134300122, 0.0], [-120.47596925416741, 38.117063239735955, 0.0], [-120.47600494423365, 38.11708703390631, 0.0], [-120.47604361131674, 38.117116776785004, 0.0], [-120.47612391710989, 38.11715246977834, 0.0], [-120.47616555761657, 38.11718518733899, 0.0], [-120.47625181385015, 38.11721790488504, 0.0], [-120.476341042609, 38.117271443234166, 0.0], [-120.47643027316448, 38.11733687823425, 0.0], [-120.47644216955378, 38.1173725697065, 0.0], [-120.47648083663688, 38.11742610794229, 0.0], [-120.47653140010927, 38.117449901994405, 0.0], [-120.47659981041144, 38.11746477406814, 0.0], [-120.4766830923231, 38.11748262012857, 0.0], [-120.47678719269146, 38.11753615687016, 0.0], [-120.47700134476702, 38.11772056577069, 0.0], [-120.47701918980015, 38.117771129773494, 0.0], [-120.47718872614874, 38.11780384705697, 0.0], [-120.47727795670424, 38.11784548766447, 0.0], [-120.47757836321672, 38.11805071567276, 0.0], [-120.47759620914816, 38.11809235684625, 0.0], [-120.47763190101105, 38.11814589526108, 0.0], [-120.47768841312724, 38.11818158633792, 0.0], [-120.47780143825798, 38.11821133018431, 0.0], [-120.47788174494944, 38.11823809935299, 0.0], [-120.4779412295909, 38.11827676504891, 0.0], [-120.47798287099592, 38.11831245606179, 0.0], [-120.47798882143633, 38.11835707104017, 0.0], [-120.47800963989305, 38.118502813725364, 0.0], [-120.47808697316093, 38.11855337718653, 0.0], [-120.47818215056358, 38.11856230114436, 0.0], [-120.47819107532592, 38.11850578908687, 0.0], [-120.47822379196859, 38.118493891173706, 0.0], [-120.47826543427189, 38.11847604465366, 0.0], [-120.47872347894706, 38.118541479281106, 0.0], [-120.47901496339213, 38.11934752318347, 0.0], [-120.47900603862979, 38.119412957736685, 0.0], [-120.47898819359665, 38.119484342167965, 0.0], [-120.47895547695403, 38.11951705868391, 0.0], [-120.47890788780353, 38.119546801986345, 0.0], [-120.47885732343282, 38.119570596760894, 0.0], [-120.47879188924921, 38.119591416917274, 0.0], [-120.47865209522134, 38.11963305791891, 0.0], [-120.4772006243347, 38.119936439118725, 0.0], [-120.47696862542942, 38.119963207655005, 0.0], [-120.47690319214414, 38.11994833609012, 0.0], [-120.47686749938292, 38.11994238831137, 0.0], [-120.47682288365604, 38.11994238689796, 0.0], [-120.47676339811625, 38.11996618225033, 0.0], [-120.47669796303433, 38.11997510391536, 0.0], [-120.47662062976644, 38.11999889925707, 0.0], [-120.47654627082048, 38.120037566847515, 0.0], [-120.47626371113778, 38.12041233130423, 0.0], [-120.47600791855557, 38.12069786611615, 0.0], [-120.47574617822787, 38.12095365780097, 0.0], [-120.4751989020989, 38.121486063045495, 0.0], [-120.47502341710644, 38.121679394028355, 0.0], [-120.47487172668926, 38.12178944432009, 0.0], [-120.47461295978515, 38.12214636334938, 0.0], [-120.47439285996413, 38.1223456437009, 0.0], [-120.47426793664744, 38.12244379571882, 0.0], [-120.4741668123976, 38.122533026253436, 0.0], [-120.4741311187381, 38.12255979383786, 0.0], [-120.47391101891708, 38.122536000037364, 0.0], [-120.47383368744586, 38.12243784672997, 0.0], [-120.4738128662942, 38.122330771914534, 0.0], [-120.47372958528084, 38.122292106245204, 0.0], [-120.4737117402477, 38.12225343914198, 0.0], [-120.473661175877, 38.122077953203025, 0.0], [-120.47359276557485, 38.121890570895964, 0.0], [-120.47353328003506, 38.12181621288378, 0.0], [-120.473503536816, 38.12164965088789, 0.0], [-120.47347974224076, 38.121390884984, 0.0], [-120.47347974224076, 38.12134329520007, 0.0], [-120.47350651113791, 38.12130462900781, 0.0], [-120.47355410028838, 38.12128083409161, 0.0], [-120.4735659966777, 38.12127191117267, 0.0], [-120.47354220300076, 38.12120945070987, 0.0], [-120.47354517822099, 38.12114699019358, 0.0], [-120.47356004983051, 38.12109047801629, 0.0], [-120.47360169033718, 38.12096852986783, 0.0], [-120.47362250969222, 38.12079601893573, 0.0], [-120.47364333084388, 38.12070381524682, 0.0], [-120.47364332994557, 38.12056997099781, 0.0], [-120.47367009794439, 38.12050453465455, 0.0], [-120.47370281638368, 38.1204450488178, 0.0], [-120.47372363573871, 38.12036771616814, 0.0], [-120.47372958528084, 38.120260641143766, 0.0], [-120.47372363663703, 38.120204128280484, 0.0], [-120.47372958528084, 38.120108949961455, 0.0], [-120.47373255960272, 38.11999295077571, 0.0]]]]}}, {"type": "Feature", "properties": {"Symb_class": "P", "Crop2016": "Mixed Pasture", "County": "Calaveras", "Acres": 10.65667715, "SUBCLASS2": "3"}, "geometry": {"type": "MultiPolygon", "coordinates": [[[[-120.4753021688307, 38.093391157727716, 0.0], [-120.47428605925998, 38.09302826132475, 0.0], [-120.47405763205629, 38.09310440408257, 0.0], [-120.47395102987984, 38.09342420407183, 0.0], [-120.47395103077817, 38.09359171769251, 0.0], [-120.47370737263881, 38.09366785986334, 0.0], [-120.47283934674944, 38.09339374598036, 0.0], [-120.47291548974952, 38.0932110042345, 0.0], [-120.47299163274965, 38.09290643175745, 0.0], [-120.47332666212982, 38.0920688618598, 0.0], [-120.47347894633342, 38.091886118922424, 0.0], [-120.47367691795402, 38.091809977016425, 0.0], [-120.47382920305594, 38.09173383432415, 0.0], [-120.47390534515775, 38.091429262761665, 0.0], [-120.47393580343577, 38.09103332122681, 0.0], [-120.47410331677838, 38.090850579942504, 0.0], [-120.47439265963982, 38.09091149186938, 0.0], [-120.47445357170429, 38.09135312108677, 0.0], [-120.4744647521363, 38.09137547993944, 0.0], [-120.47523747036728, 38.091662928275056, 0.0], [-120.47526115085651, 38.09158667089603, 0.0], [-120.4756133039226, 38.091861372705644, 0.0], [-120.47544794204511, 38.09279255274621, 0.0], [-120.47547388628884, 38.09283028879334, 0.0], [-120.4755233089008, 38.09290897478022, 0.0], [-120.47554814192853, 38.093013602026645, 0.0], [-120.47546513669795, 38.09326146077484, 0.0], [-120.47536660498601, 38.09333987693802, 0.0], [-120.4753021688307, 38.093391157727716, 0.0]]]]}}, {"type": "Feature", "properties": {"Symb_class": "V", "Crop2016": "Grapes", "County": "Calaveras", "Acres": 0.48709627, "SUBCLASS2": "**"}, "geometry": {"type": "MultiPolygon", "coordinates": [[[[-120.48097816586856, 38.023839340232186, 0.0], [-120.48093606003457, 38.02386212025193, 0.0], [-120.48067353188436, 38.02386793007219, 0.0], [-120.48058587607555, 38.02384685974121, 0.0], [-120.48031201477973, 38.02349807995593, 0.0], [-120.48037807329246, 38.023445453740905, 0.0], [-120.48021347228801, 38.02319144098285, 0.0], [-120.48040930501993, 38.02313948682334, 0.0], [-120.48064106587168, 38.02351223518201, 0.0], [-120.48076882786464, 38.023668810779554, 0.0], [-120.48097816586856, 38.023839340232186, 0.0]]]]}}, {"type": "Feature", "properties": {"Symb_class": "D", "Crop2016": "Walnuts", "County": "Calaveras", "Acres": 12.49661744, "SUBCLASS2": "13"}, "geometry": {"type": "MultiPolygon", "coordinates": [[[[-120.88585061344108, 38.080533776770615, 0.0], [-120.88584033940919, 38.08047160179322, 0.0], [-120.88576715995119, 38.08049889532012, 0.0], [-120.88567671487344, 38.08049726685872, 0.0], [-120.8853768931642, 38.080224835292825, 0.0], [-120.88542719073529, 38.08015421294459, 0.0], [-120.88527713704853, 38.080127670237715, 0.0], [-120.88499650515043, 38.079817433738185, 0.0], [-120.88494457444216, 38.07973543569053, 0.0], [-120.88493622280497, 38.07960653617459, 0.0], [-120.88483509406353, 38.07955703117645, 0.0], [-120.88468408097607, 38.07956384775006, 0.0], [-120.88459952974488, 38.07956709410769, 0.0], [-120.88426546066378, 38.079227284323814, 0.0], [-120.8840730819541, 38.07899493178049, 0.0], [-120.88381671624676, 38.07868036218192, 0.0], [-120.88367078762377, 38.07851083585959, 0.0], [-120.88356789279449, 38.078313473861094, 0.0], [-120.88355968219281, 38.07817980933982, 0.0], [-120.88357407589862, 38.07809900379434, 0.0], [-120.88365919217011, 38.07786688172606, 0.0], [-120.88386118644657, 38.07776561430068, 0.0], [-120.88388119821616, 38.07769921468792, 0.0], [-120.883985208753, 38.0776486356794, 0.0], [-120.8839325926302, 38.07759046627607, 0.0], [-120.88407867306843, 38.07754541272926, 0.0], [-120.88409923281033, 38.07745995071428, 0.0], [-120.88412458686092, 38.07741749085527, 0.0], [-120.88407169675193, 38.077368852029416, 0.0], [-120.88412144275743, 38.0773172948245, 0.0], [-120.88442017930177, 38.077208231876206, 0.0], [-120.88450773360094, 38.0773099469829, 0.0], [-120.88469943857416, 38.07735631594542, 0.0], [-120.8848400231195, 38.0775019007055, 0.0], [-120.88496512879418, 38.07755660734993, 0.0], [-120.88544635898684, 38.078023044817236, 0.0], [-120.88579221216784, 38.07837260084363, 0.0], [-120.88590622185212, 38.078393726905205, 0.0], [-120.885968838919, 38.07852360297506, 0.0], [-120.88607079321218, 38.078544511199, 0.0], [-120.88609723332593, 38.078673735741724, 0.0], [-120.88608009616524, 38.07884986194778, 0.0], [-120.88598128956885, 38.07892914777084, 0.0], [-120.88592427888766, 38.079023492308, 0.0], [-120.88584534572026, 38.079041146229905, 0.0], [-120.88570213719599, 38.07919592793542, 0.0], [-120.88554166215361, 38.07932178969878, 0.0], [-120.8854902677396, 38.079430539071616, 0.0], [-120.88575308604563, 38.079730915124955, 0.0], [-120.88586366596216, 38.079871191829575, 0.0], [-120.88608717309305, 38.07986090902876, 0.0], [-120.88632918012891, 38.079836653011704, 0.0], [-120.88645319255389, 38.079929485284275, 0.0], [-120.88640727965971, 38.080057407713916, 0.0], [-120.88659213857213, 38.08013226078248, 0.0], [-120.88672328092552, 38.08018707293948, 0.0], [-120.88680508870183, 38.080279146041924, 0.0], [-120.8868322178234, 38.080384540896944, 0.0], [-120.8867364205832, 38.08056878972578, 0.0], [-120.8867939729485, 38.08066519405926, 0.0], [-120.88679273866329, 38.08070808831475, 0.0], [-120.88671297185934, 38.08096415225538, 0.0], [-120.88654660297038, 38.08108513765119, 0.0], [-120.88627485541045, 38.08109455620537, 0.0], [-120.88610835806242, 38.08101049627373, 0.0], [-120.88597296937267, 38.08089361476615, 0.0], [-120.88591596767465, 38.08077814515384, 0.0], [-120.8858525241577, 38.080676866203724, 0.0], [-120.88585061344108, 38.080533776770615, 0.0]]]]}}, {"type": "Feature", "properties": {"Symb_class": "C", "Crop2016": "Olives", "County": "Calaveras", "Acres": 0.84293297, "SUBCLASS2": "6"}, "geometry": {"type": "MultiPolygon", "coordinates": [[[[-120.93074324513017, 38.19534763534974, 0.0], [-120.93109265743635, 38.19485072516484, 0.0], [-120.9315668574136, 38.19496160476181, 0.0], [-120.93159160510136, 38.19504787319893, 0.0], [-120.93134945074178, 38.195384548151154, 0.0], [-120.9312822082495, 38.195411973111455, 0.0], [-120.93125294203587, 38.195485367975785, 0.0], [-120.93120334515072, 38.1955297938597, 0.0], [-120.93075873208568, 38.195440891939356, 0.0], [-120.93071967872702, 38.19543305190377, 0.0], [-120.93074324513017, 38.19534763534974, 0.0]]]]}}, {"type": "Feature", "properties": {"Symb_class": "V", "Crop2016": "Grapes", "County": "Calaveras", "Acres": 2.26026854, "SUBCLASS2": "**"}, "geometry": {"type": "MultiPolygon", "coordinates": [[[[-120.78974710430928, 38.19318721301449, 0.0], [-120.78818951094655, 38.19320931405176, 0.0], [-120.78815322978886, 38.192638308191135, 0.0], [-120.78975567693202, 38.19256831135249, 0.0], [-120.78974710430928, 38.19318721301449, 0.0]]]]}}, {"type": "Feature", "properties": {"Symb_class": "D", "Crop2016": "Walnuts", "County": "Calaveras", "Acres": 4.01546974, "SUBCLASS2": "13"}, "geometry": {"type": "MultiPolygon", "coordinates": [[[[-120.55343298975004, 38.40116191206576, 0.0], [-120.55307144839087, 38.401492035920626, 0.0], [-120.5527267207989, 38.40163642468173, 0.0], [-120.55265477293119, 38.401751004953326, 0.0], [-120.55205557058555, 38.40193939930806, 0.0], [-120.55192658598546, 38.401725771247534, 0.0], [-120.55199821674788, 38.40156834972627, 0.0], [-120.55206910729855, 38.40131096472311, 0.0], [-120.55199461540191, 38.40108280508977, 0.0], [-120.5519734492972, 38.40068302803261, 0.0], [-120.55199069425571, 38.400554418197224, 0.0], [-120.55215342586607, 38.4004108629226, 0.0], [-120.55268109177239, 38.40039416897321, 0.0], [-120.55250048099292, 38.40058065128528, 0.0], [-120.55261073571931, 38.40072295803642, 0.0], [-120.55286371926962, 38.400479021336, 0.0], [-120.55308136579163, 38.40037805582004, 0.0], [-120.55335498813558, 38.40046249073017, 0.0], [-120.55346907058342, 38.40111890303944, 0.0], [-120.55343298975004, 38.40116191206576, 0.0]]]]}}, {"type": "Feature", "properties": {"Symb_class": "V", "Crop2016": "Grapes", "County": "Calaveras", "Acres": 2.82449695, "SUBCLASS2": "**"}, "geometry": {"type": "MultiPolygon", "coordinates": [[[[-120.48121745819563, 38.155088452963845, 0.0], [-120.48134673025659, 38.15523263820292, 0.0], [-120.4813581514371, 38.15532401065958, 0.0], [-120.48131536108687, 38.15535208008463, 0.0], [-120.4806443123831, 38.15579228908296, 0.0], [-120.48002184456993, 38.156283407125784, 0.0], [-120.47993047332909, 38.156112087253945, 0.0], [-120.4799190521486, 38.15595789796562, 0.0], [-120.4800561090098, 38.15583226287147, 0.0], [-120.48004468693094, 38.155695206158306, 0.0], [-120.47990192037783, 38.15554101598855, 0.0], [-120.47978770587764, 38.15539253798442, 0.0], [-120.48038732863485, 38.154832888981275, 0.0], [-120.48059291617243, 38.15486715288247, 0.0], [-120.48096982231621, 38.1549128390009, 0.0], [-120.48119825041822, 38.155067027673304, 0.0], [-120.48121745819563, 38.155088452963845, 0.0]]]]}}, {"type": "Feature", "properties": {"Symb_class": "V", "Crop2016": "Grapes", "County": "Calaveras", "Acres": 2.3764287, "SUBCLASS2": "**"}, "geometry": {"type": "MultiPolygon", "coordinates": [[[[-120.47528632793897, 38.03033790513496, 0.0], [-120.47278789484322, 38.02936708495594, 0.0], [-120.4726831988918, 38.029314736797254, 0.0], [-120.4728069301441, 38.02916245071041, 0.0], [-120.47284024236977, 38.0291101031131, 0.0], [-120.4728687962194, 38.0291101031131, 0.0], [-120.47342558999878, 38.02933377333191, 0.0], [-120.47400141907904, 38.02958599509673, 0.0], [-120.47417274038017, 38.02957171933742, 0.0], [-120.47423460555714, 38.02956220004026, 0.0], [-120.47436309788044, 38.02956220074787, 0.0], [-120.47444875673436, 38.029590753682534, 0.0], [-120.47456297303115, 38.02959075509769, 0.0], [-120.47468194411074, 38.02962882589581, 0.0], [-120.4747866409605, 38.02964310235155, 0.0], [-120.47499603376164, 38.02970972671836, 0.0], [-120.47509121296095, 38.02972400386594, 0.0], [-120.47531964106295, 38.02979538814683, 0.0], [-120.47540054333746, 38.02984297668535, 0.0], [-120.47547192706321, 38.02987153021819, 0.0], [-120.47549096236406, 38.02990960228553, 0.0], [-120.47549096236406, 38.02998098567803, 0.0], [-120.47531012341254, 38.030295074750406, 0.0], [-120.47528632793897, 38.03033790513496, 0.0]]]]}}, {"type": "Feature", "properties": {"Symb_class": "C", "Crop2016": "Olives", "County": "Calaveras", "Acres": 3.05420146, "SUBCLASS2": "6"}, "geometry": {"type": "MultiPolygon", "coordinates": [[[[-120.8930185962832, 38.1146564978401, 0.0], [-120.89430306317198, 38.11459012678912, 0.0], [-120.89430942683747, 38.11515649699447, 0.0], [-120.89422562480124, 38.11518479814428, 0.0], [-120.89419701256112, 38.115392905223494, 0.0], [-120.89418656335774, 38.11549404772572, 0.0], [-120.89294715237034, 38.11556718593838, 0.0], [-120.89292127100869, 38.11541770778722, 0.0], [-120.89291664109173, 38.11531629378058, 0.0], [-120.89281501109036, 38.11517737777797, 0.0], [-120.89275656490133, 38.1148484969703, 0.0], [-120.8929173148282, 38.11476793268257, 0.0], [-120.8930185962832, 38.1146564978401, 0.0]]]]}}, {"type": "Feature", "properties": {"Symb_class": "V", "Crop2016": "Grapes", "County": "Calaveras", "Acres": 4.09757178, "SUBCLASS2": "**"}, "geometry": {"type": "MultiPolygon", "coordinates": [[[[-120.61318415598875, 38.180648479110204, 0.0], [-120.61313061819443, 38.180648479110204, 0.0], [-120.61306637338026, 38.18065918623209, 0.0], [-120.61298784984466, 38.18068774019701, 0.0], [-120.61292003602385, 38.180698448019264, 0.0], [-120.6127951136055, 38.18067703307933, 0.0], [-120.61270588484663, 38.180644911010745, 0.0], [-120.61262379320273, 38.1806092180022, 0.0], [-120.61258096332661, 38.18059851016683, 0.0], [-120.61250957870254, 38.18053426524007, 0.0], [-120.61257025630671, 38.18026300684583, 0.0], [-120.61262736220934, 38.1801595002729, 0.0], [-120.61266305497054, 38.18010596286837, 0.0], [-120.6126701929838, 38.18002030166819, 0.0], [-120.61269160792182, 38.17992750197988, 0.0], [-120.61270945385327, 38.17983470429184, 0.0], [-120.61271659276484, 38.179749042772755, 0.0], [-120.61270588484663, 38.17968122895032, 0.0], [-120.61264877804572, 38.17957415269288, 0.0], [-120.61228828861378, 38.17924935622097, 0.0], [-120.61223832072442, 38.179060188703794, 0.0], [-120.6122633046691, 38.178935267088804, 0.0], [-120.61232755127989, 38.178860314017015, 0.0], [-120.61240607212058, 38.1788460370309, 0.0], [-120.61253813255217, 38.178856745123824, 0.0], [-120.61268090000367, 38.1788460370309, 0.0], [-120.61283437627162, 38.17897452768648, 0.0], [-120.61283080726498, 38.179013789675324, 0.0], [-120.6128879131676, 38.1790459117569, 0.0], [-120.61297714282479, 38.17906732788235, 0.0], [-120.61307351139352, 38.179095881058835, 0.0], [-120.61309135732495, 38.179124434930294, 0.0], [-120.61318415598875, 38.17917797234991, 0.0], [-120.61334834017491, 38.17917797234991, 0.0], [-120.61341258498908, 38.17919224927093, 0.0], [-120.61348396781649, 38.179217234229085, 0.0], [-120.61356606035874, 38.179231509730144, 0.0], [-120.61361959815306, 38.179252925094936, 0.0], [-120.61361959815306, 38.179288616649465, 0.0], [-120.61363387507787, 38.18030940578495, 0.0], [-120.61352322868602, 38.18030940578495, 0.0], [-120.61344470784533, 38.18030940578495, 0.0], [-120.61339116915272, 38.18044860524958, 0.0], [-120.61337689222789, 38.180487865031836, 0.0], [-120.61341258498908, 38.180569956873036, 0.0], [-120.6134803988099, 38.180594940652675, 0.0], [-120.61353393660417, 38.18061992512985, 0.0], [-120.61350895265949, 38.180691309706674, 0.0], [-120.61344827595363, 38.1806948792161, 0.0], [-120.61339830716597, 38.1807270012627, 0.0], [-120.6133483392766, 38.18073414027795, 0.0], [-120.61329837138726, 38.18072700196885, 0.0], [-120.61321270983836, 38.1807091551338, 0.0], [-120.61318415598875, 38.180648479110204, 0.0]]]]}}, {"type": "Feature", "properties": {"Symb_class": "P", "Crop2016": "Mixed Pasture", "County": "Calaveras", "Acres": 4.82827204, "SUBCLASS2": "3"}, "geometry": {"type": "MultiPolygon", "coordinates": [[[[-120.4755843215766, 38.087328713152885, 0.0], [-120.47556982636118, 38.087346107707674, 0.0], [-120.47546132155294, 38.08728329087563, 0.0], [-120.47546745524971, 38.08725364826939, 0.0], [-120.47549558689116, 38.0871176802911, 0.0], [-120.4754556127593, 38.08704344101492, 0.0], [-120.47531284530785, 38.087060573325445, 0.0], [-120.4751015480783, 38.08705486326278, 0.0], [-120.47505586155957, 38.086992044766355, 0.0], [-120.47523860583782, 38.086992044766355, 0.0], [-120.47538137418759, 38.08697491173271, 0.0], [-120.47540421475203, 38.086900673018604, 0.0], [-120.4753756618007, 38.08679788099161, 0.0], [-120.47524431642807, 38.086792170201356, 0.0], [-120.47512439223594, 38.08687211910304, 0.0], [-120.47504444217569, 38.08687211910304, 0.0], [-120.47506157394646, 38.08671221979812, 0.0], [-120.4752386049395, 38.0865580302454, 0.0], [-120.4753471088494, 38.08650663506964, 0.0], [-120.47549558778944, 38.086415262715214, 0.0], [-120.475661197602, 38.08633531402097, 0.0], [-120.475661197602, 38.086221100236834, 0.0], [-120.4757183044029, 38.086158281023984, 0.0], [-120.4759524439935, 38.08616399186376, 0.0], [-120.47618087209553, 38.086169702703074, 0.0], [-120.47654635795708, 38.086169702703074, 0.0], [-120.47676907367222, 38.08612972681846, 0.0], [-120.47706603155231, 38.08614686005018, 0.0], [-120.47723735285338, 38.08615828173105, 0.0], [-120.47744474061484, 38.086166106649024, 0.0], [-120.47754002042545, 38.086169702703074, 0.0], [-120.47772276200875, 38.08625536311811, 0.0], [-120.47757428396703, 38.086312470005694, 0.0], [-120.47754375472208, 38.08632890887345, 0.0], [-120.47742580502695, 38.086392420846096, 0.0], [-120.47731159232342, 38.086535187713835, 0.0], [-120.47724306434199, 38.086632270721566, 0.0], [-120.47718024515416, 38.08675219465717, 0.0], [-120.47703176711244, 38.086872121224204, 0.0], [-120.47696894882293, 38.08695778081623, 0.0], [-120.47694039676992, 38.087071994863564, 0.0], [-120.4769746603115, 38.08715765492843, 0.0], [-120.47687186699186, 38.08720905106057, 0.0], [-120.47695752764241, 38.08727186866347, 0.0], [-120.47685473522108, 38.08733468691944, 0.0], [-120.47681476019095, 38.08741463734897, 0.0], [-120.47678620634129, 38.087500297719416, 0.0], [-120.47599812781728, 38.08740321586439, 0.0], [-120.4759524430952, 38.08746032185534, 0.0], [-120.47579825536151, 38.0874203466765, 0.0], [-120.47583823039166, 38.08727758012329, 0.0], [-120.47582680921114, 38.08717478721215, 0.0], [-120.47571259471096, 38.087174787919196, 0.0], [-120.4755843215766, 38.087328713152885, 0.0]], [[-120.4764321425586, 38.086849276669675, 0.0], [-120.4765874307285, 38.086829022007095, 0.0], [-120.47668912361192, 38.0867007982038, 0.0], [-120.47658633208891, 38.0865694532761, 0.0], [-120.47648924935953, 38.08662084770064, 0.0], [-120.47654064557021, 38.08654089781711, 0.0], [-120.47643214435523, 38.08650092425664, 0.0], [-120.47624369038503, 38.08646094926025, 0.0], [-120.47609521144497, 38.08647808100023, 0.0], [-120.47600384020416, 38.086563741761, 0.0], [-120.47592960073413, 38.0867007982038, 0.0], [-120.47600384020416, 38.08679788099161, 0.0], [-120.47608950085471, 38.086843565883434, 0.0], [-120.4761865835841, 38.08682072414814, 0.0], [-120.47629508569739, 38.086826434936114, 0.0], [-120.47634077131778, 38.08681501265263, 0.0], [-120.4764321425586, 38.086849276669675, 0.0]]]]}}, {"type": "Feature", "properties": {"Symb_class": "V", "Crop2016": "Grapes", "County": "Calaveras", "Acres": 5.1031293, "SUBCLASS2": "**"}, "geometry": {"type": "MultiPolygon", "coordinates": [[[[-120.48702947723551, 38.159180017090236, 0.0], [-120.48670824957138, 38.15895634904265, 0.0], [-120.48659879434557, 38.158975384332265, 0.0], [-120.48654168664633, 38.15905152685381, 0.0], [-120.48648458074372, 38.15913956694248, 0.0], [-120.48643223321717, 38.15915622392712, 0.0], [-120.48638226263289, 38.15917763883378, 0.0], [-120.48636233530492, 38.15917973667211, 0.0], [-120.4863550221202, 38.15917526834701, 0.0], [-120.48626310021213, 38.159016714676284, 0.0], [-120.48619428566808, 38.15888734475172, 0.0], [-120.48612528157953, 38.15873981794706, 0.0], [-120.48610256588096, 38.15870137570106, 0.0], [-120.48613953963974, 38.15860540067182, 0.0], [-120.4862109422301, 38.15851614784284, 0.0], [-120.48626567029213, 38.15844476485498, 0.0], [-120.48635609021707, 38.15837338109083, 0.0], [-120.4865321698942, 38.158297237861206, 0.0], [-120.48664638439439, 38.15820681917377, 0.0], [-120.48672966540774, 38.15815209027166, 0.0], [-120.48686767358483, 38.15805929169859, 0.0], [-120.48711513788605, 38.157968872716104, 0.0], [-120.48718747202936, 38.15794430711195, 0.0], [-120.4874616737867, 38.15787293910412, 0.0], [-120.48746729813868, 38.157885591343096, 0.0], [-120.48749109271392, 38.15793794002924, 0.0], [-120.48769525732011, 38.158321719290676, 0.0], [-120.48771562212762, 38.15835999786341, 0.0], [-120.48786704844011, 38.158644639729026, 0.0], [-120.48796850865989, 38.1588275546832, 0.0], [-120.48797568440236, 38.158848579076995, 0.0], [-120.48796936385601, 38.158873066678424, 0.0], [-120.48794627805155, 38.158901100832814, 0.0], [-120.48793605163037, 38.15891351768037, 0.0], [-120.48791378508939, 38.15893185511208, 0.0], [-120.48789560228974, 38.158946831042826, 0.0], [-120.48788846158155, 38.15897776330167, 0.0], [-120.48796345383978, 38.15910569212495, 0.0], [-120.48800981499328, 38.15918477713462, 0.0], [-120.48808689763118, 38.159379028213, 0.0], [-120.4880877285728, 38.15938112180746, 0.0], [-120.48808543158063, 38.15943854800733, 0.0], [-120.48808357925452, 38.15945841523976, 0.0], [-120.48803836794457, 38.15961070131348, 0.0], [-120.48801457426764, 38.15963449503465, 0.0], [-120.48770762263, 38.15967494632049, 0.0], [-120.48737687821375, 38.159793918981755, 0.0], [-120.4873644374454, 38.159796362907436, 0.0], [-120.48733642797484, 38.15978678074056, 0.0], [-120.48702947723551, 38.159180017090236, 0.0]]]]}}, {"type": "Feature", "properties": {"Symb_class": "D", "Crop2016": "Walnuts", "County": "Calaveras", "Acres": 12.18309832, "SUBCLASS2": "13"}, "geometry": {"type": "MultiPolygon", "coordinates": [[[[-120.90701466641339, 38.06961966365262, 0.0], [-120.90727965864244, 38.071460115910234, 0.0], [-120.90735453861127, 38.07198017016094, 0.0], [-120.90741041472026, 38.07213614073812, 0.0], [-120.90657290190615, 38.07215579199883, 0.0], [-120.9060903089692, 38.07215672831181, 0.0], [-120.90601329011167, 38.07210767228372, 0.0], [-120.90582838179193, 38.071823033804876, 0.0], [-120.90564034823328, 38.071648015108266, 0.0], [-120.90542366740021, 38.07142003226965, 0.0], [-120.90516233580595, 38.07127708596444, 0.0], [-120.90475739863207, 38.07109343110722, 0.0], [-120.90448786631762, 38.07102663223586, 0.0], [-120.90447744136875, 38.07096922487392, 0.0], [-120.90458070360896, 38.07073264108989, 0.0], [-120.90450382578696, 38.070678816169085, 0.0], [-120.90453052461551, 38.07058869133875, 0.0], [-120.90471248107126, 38.07055378817191, 0.0], [-120.9047966127892, 38.0705648247426, 0.0], [-120.90481111878441, 38.07047925131924, 0.0], [-120.90500141430093, 38.070363430756466, 0.0], [-120.90506401429981, 38.070283484313215, 0.0], [-120.90521056455695, 38.0700095232018, 0.0], [-120.90526654576882, 38.06973871592112, 0.0], [-120.90589599079684, 38.069664104688194, 0.0], [-120.90648282603597, 38.06960303573944, 0.0], [-120.90692387997585, 38.06957751465762, 0.0], [-120.90701466641339, 38.06961966365262, 0.0]]]]}}, {"type": "Feature", "properties": {"Symb_class": "P", "Crop2016": "Mixed Pasture", "County": "Calaveras", "Acres": 22.65158053, "SUBCLASS2": "3"}, "geometry": {"type": "MultiPolygon", "coordinates": [[[[-120.51034758695288, 38.116552988718354, 0.0], [-120.51024683370724, 38.1164530979351, 0.0], [-120.50995636525674, 38.11639720689838, 0.0], [-120.50983242739196, 38.116223907025216, 0.0], [-120.50868242841972, 38.11461584984567, 0.0], [-120.50882571689407, 38.11454676403507, 0.0], [-120.50950386408522, 38.11422553620858, 0.0], [-120.51069954238963, 38.113779388228664, 0.0], [-120.51133604817576, 38.11358308267819, 0.0], [-120.51245439500896, 38.11321426613325, 0.0], [-120.51265070115304, 38.1131607283437, 0.0], [-120.51268639211757, 38.1131607283437, 0.0], [-120.5127815722152, 38.11318452166513, 0.0], [-120.51367981743073, 38.114796607158866, 0.0], [-120.51363222828023, 38.11485014586957, 0.0], [-120.51354299772476, 38.11486799115542, 0.0], [-120.5134537698642, 38.11486799186215, 0.0], [-120.51337643569804, 38.1149155802121, 0.0], [-120.51268044437211, 38.11526060330278, 0.0], [-120.51215101327624, 38.11555208589978, 0.0], [-120.51188332520304, 38.1156413156683, 0.0], [-120.51176435142851, 38.11565321333951, 0.0], [-120.51169296770277, 38.115730546034584, 0.0], [-120.51169296770277, 38.11581977629179, 0.0], [-120.51167512087302, 38.11590900502647, 0.0], [-120.51163942990846, 38.115980390055995, 0.0], [-120.511359842751, 38.11630756530678, 0.0], [-120.51123492212929, 38.116420589953286, 0.0], [-120.51117543479285, 38.11641464118043, 0.0], [-120.51108025559355, 38.116432486790714, 0.0], [-120.51100292412232, 38.11643843626883, 0.0], [-120.51096723315776, 38.1164741267667, 0.0], [-120.51091369536348, 38.11651576813247, 0.0], [-120.51084825938322, 38.11654551124383, 0.0], [-120.51081819097402, 38.11656864123279, 0.0], [-120.51034758695288, 38.116552988718354, 0.0]]]]}}, {"type": "Feature", "properties": {"Symb_class": "C", "Crop2016": "Olives", "County": "Calaveras", "Acres": 0.95418637, "SUBCLASS2": "6"}, "geometry": {"type": "MultiPolygon", "coordinates": [[[[-120.90203447295359, 38.113374130779675, 0.0], [-120.90144296108507, 38.1134356868977, 0.0], [-120.90122380988498, 38.11330403803654, 0.0], [-120.90118491013826, 38.113085352147046, 0.0], [-120.90128056185138, 38.11299894924285, 0.0], [-120.9012673269723, 38.11290383998662, 0.0], [-120.90199223686388, 38.11287936876105, 0.0], [-120.90203447295359, 38.113374130779675, 0.0]]]]}}, {"type": "Feature", "properties": {"Symb_class": "P", "Crop2016": "Mixed Pasture", "County": "Calaveras", "Acres": 3.99956757, "SUBCLASS2": "3"}, "geometry": {"type": "MultiPolygon", "coordinates": [[[[-120.56986931538322, 38.1089249610609, 0.0], [-120.57189471182001, 38.10886404718404, 0.0], [-120.57174242581978, 38.10932090320317, 0.0], [-120.57136171261587, 38.10979298765252, 0.0], [-120.5708743981338, 38.10993004577192, 0.0], [-120.57029571420755, 38.10983867513452, 0.0], [-120.5698084006238, 38.1093970459486, 0.0], [-120.56986931538322, 38.1089249610609, 0.0]]]]}}, {"type": "Feature", "properties": {"Symb_class": "V", "Crop2016": "Grapes", "County": "Calaveras", "Acres": 0.88951418, "SUBCLASS2": "**"}, "geometry": {"type": "MultiPolygon", "coordinates": [[[[-120.63171054058954, 38.04530312733561, 0.0], [-120.63097245510771, 38.04548551127481, 0.0], [-120.63079132869527, 38.04548646066307, 0.0], [-120.63073065288772, 38.04545107790213, 0.0], [-120.63069966101042, 38.04535603497473, 0.0], [-120.63074373774818, 38.04521299671755, 0.0], [-120.63074363803516, 38.045201096776516, 0.0], [-120.63074149195997, 38.04512573822054, 0.0], [-120.63072305942862, 38.04508775188164, 0.0], [-120.63136782163055, 38.04493680100087, 0.0], [-120.63137438292539, 38.04499865033458, 0.0], [-120.63141712835984, 38.04505554819481, 0.0], [-120.63155023443046, 38.045088170690036, 0.0], [-120.63159861409838, 38.045097436825834, 0.0], [-120.63164691291797, 38.04509718285254, 0.0], [-120.63171054058954, 38.04530312733561, 0.0]]]]}}, {"type": "Feature", "properties": {"Symb_class": "C", "Crop2016": "Olives", "County": "Calaveras", "Acres": 0.66234134, "SUBCLASS2": "6"}, "geometry": {"type": "MultiPolygon", "coordinates": [[[[-120.71611357668901, 38.05085586225086, 0.0], [-120.71612691397604, 38.050790555891155, 0.0], [-120.71605361863539, 38.050723567294476, 0.0], [-120.71601311180258, 38.050692976819434, 0.0], [-120.71581743717414, 38.05068321197265, 0.0], [-120.71579038890094, 38.0504621493298, 0.0], [-120.7158644540978, 38.05038312268443, 0.0], [-120.71592261911414, 38.05033060916079, 0.0], [-120.71589727135175, 38.05029733395251, 0.0], [-120.71601063874058, 38.050287615741105, 0.0], [-120.71603086071596, 38.05024330724548, 0.0], [-120.71647117624067, 38.05026378496661, 0.0], [-120.7164536096853, 38.05034391103403, 0.0], [-120.7162050179984, 38.05033907881263, 0.0], [-120.7161893962956, 38.050356656891864, 0.0], [-120.71625213104181, 38.05039960004586, 0.0], [-120.71624376503156, 38.05042625894176, 0.0], [-120.71607976589834, 38.05048863630605, 0.0], [-120.71614580644477, 38.05054654500994, 0.0], [-120.71619430828359, 38.050562387802394, 0.0], [-120.71634845828804, 38.05057432507121, 0.0], [-120.71656966663014, 38.05061140734437, 0.0], [-120.71656411324503, 38.05079011306403, 0.0], [-120.71655556128354, 38.05082273017443, 0.0], [-120.71626553570246, 38.05081709297332, 0.0], [-120.71619387799058, 38.050818679652025, 0.0], [-120.71617393539127, 38.0508540562818, 0.0], [-120.71611357668901, 38.05085586225086, 0.0]]]]}}, {"type": "Feature", "properties": {"Symb_class": "D", "Crop2016": "Walnuts", "County": "Calaveras", "Acres": 3.88671036, "SUBCLASS2": "13"}, "geometry": {"type": "MultiPolygon", "coordinates": [[[[-120.55026279468818, 38.23314222934552, 0.0], [-120.55017230289803, 38.23313676286222, 0.0], [-120.55008430213617, 38.23319214176944, 0.0], [-120.5499457729362, 38.23313203093511, 0.0], [-120.5497948523752, 38.2330359013383, 0.0], [-120.54960756711318, 38.232942587069175, 0.0], [-120.54947704819062, 38.23277893628865, 0.0], [-120.54968833374208, 38.23269752425961, 0.0], [-120.54984822398117, 38.23266152582464, 0.0], [-120.5500709334081, 38.2321047318618, 0.0], [-120.55087791697729, 38.23237548595724, 0.0], [-120.55144595766404, 38.23274137704121, 0.0], [-120.55179977441006, 38.2330062403083, 0.0], [-120.55168600457596, 38.23315406127798, 0.0], [-120.55156439694099, 38.233130067178195, 0.0], [-120.55141083712971, 38.23311255706889, 0.0], [-120.55122502959632, 38.233380460221504, 0.0], [-120.55113988098549, 38.233485965674745, 0.0], [-120.55099871343354, 38.23350447626655, 0.0], [-120.5508729340224, 38.233469665088364, 0.0], [-120.55076992870036, 38.23343175268048, 0.0], [-120.55076899624908, 38.233324451335434, 0.0], [-120.55026279468818, 38.23314222934552, 0.0]]]]}}, {"type": "Feature", "properties": {"Symb_class": "YP", "Crop2016": "Young Perennials", "County": "Calaveras", "Acres": 0.4766437, "SUBCLASS2": "**"}, "geometry": {"type": "MultiPolygon", "coordinates": [[[[-120.93712942328222, 38.103605283059906, 0.0], [-120.93696610776693, 38.10359227432994, 0.0], [-120.93683204858381, 38.10350287008653, 0.0], [-120.93666592762989, 38.103266144154574, 0.0], [-120.93661621935365, 38.103157040744435, 0.0], [-120.93704795956069, 38.102891859343735, 0.0], [-120.93706703079417, 38.10344867626109, 0.0], [-120.93707983088865, 38.10350570185525, 0.0], [-120.93712942328222, 38.103605283059906, 0.0]]]]}}, {"type": "Feature", "properties": {"Symb_class": "V", "Crop2016": "Grapes", "County": "Calaveras", "Acres": 0.44433313, "SUBCLASS2": "**"}, "geometry": {"type": "MultiPolygon", "coordinates": [[[[-120.49072287267839, 38.15668394800387, 0.0], [-120.49071310709294, 38.15671519979405, 0.0], [-120.49063696409281, 38.15685796696702, 0.0], [-120.49055511140075, 38.1569740862749, 0.0], [-120.49053036461133, 38.157029289324775, 0.0], [-120.49052465312275, 38.15706545725599, 0.0], [-120.49049540667204, 38.15712702597801, 0.0], [-120.49045979565756, 38.1571271721951, 0.0], [-120.49004248688557, 38.15711458975444, 0.0], [-120.49017727011079, 38.15692125233062, 0.0], [-120.4902403830477, 38.15686387218115, 0.0], [-120.4904564647045, 38.15662022024822, 0.0], [-120.49072287267839, 38.15668394800387, 0.0]]]]}}, {"type": "Feature", "properties": {"Symb_class": "V", "Crop2016": "Grapes", "County": "Calaveras", "Acres": 9.57333486, "SUBCLASS2": "**"}, "geometry": {"type": "MultiPolygon", "coordinates": [[[[-120.50001608981968, 38.107008628808174, 0.0], [-120.49850632186438, 38.106123468859906, 0.0], [-120.49851345897932, 38.10610205393181, 0.0], [-120.49920588309526, 38.10536323082763, 0.0], [-120.49927369781437, 38.10538821634054, 0.0], [-120.49934508243844, 38.105313263310485, 0.0], [-120.4993807743013, 38.10531683226848, 0.0], [-120.4994878498899, 38.10519191085816, 0.0], [-120.49953781867758, 38.10517406532884, 0.0], [-120.49956637162889, 38.10520261774949, 0.0], [-120.49960206439006, 38.105216895015914, 0.0], [-120.50015528826455, 38.10463154671742, 0.0], [-120.50018741112078, 38.104617270043434, 0.0], [-120.50023024009857, 38.10463868682052, 0.0], [-120.50025879394822, 38.1046565310668, 0.0], [-120.50028734869615, 38.10466723874352, 0.0], [-120.50035516341526, 38.10460299407359, 0.0], [-120.50071565105056, 38.10479929901777, 0.0], [-120.50074063589355, 38.10477788370152, 0.0], [-120.5016222263437, 38.10529898676972, 0.0], [-120.50165434919995, 38.105334677762926, 0.0], [-120.50165791730825, 38.10536323224138, 0.0], [-120.50111540135197, 38.10599141027235, 0.0], [-120.50024451882003, 38.1068979836943, 0.0], [-120.50020168804559, 38.106858723168614, 0.0], [-120.5000981805653, 38.10688727634459, 0.0], [-120.50003750475774, 38.10694795295501, 0.0], [-120.50004464366931, 38.10699078301581, 0.0], [-120.50001608981968, 38.107008628808174, 0.0]]]]}}, {"type": "Feature", "properties": {"Symb_class": "V", "Crop2016": "Grapes", "County": "Calaveras", "Acres": 2.41221746, "SUBCLASS2": "**"}, "geometry": {"type": "MultiPolygon", "coordinates": [[[[-120.4836903962053, 38.187909700826296, 0.0], [-120.48359762898254, 38.18782941772184, 0.0], [-120.48366453191163, 38.187652752216465, 0.0], [-120.48384347272298, 38.18726169174585, 0.0], [-120.48396216891811, 38.18690895700987, 0.0], [-120.48387637082531, 38.18673793293639, 0.0], [-120.48345115238726, 38.18646354499931, 0.0], [-120.48324046960536, 38.18628452069777, 0.0], [-120.48340086110439, 38.18626565211364, 0.0], [-120.48395479913952, 38.186431263083854, 0.0], [-120.48408614361384, 38.18643126167168, 0.0], [-120.48422320227169, 38.186568317792094, 0.0], [-120.48433741587354, 38.186802457647126, 0.0], [-120.48441165534355, 38.187122256761, 0.0], [-120.48445734096396, 38.18720220808526, 0.0], [-120.4844798069309, 38.18719258009604, 0.0], [-120.48462951207131, 38.18773830771163, 0.0], [-120.48387205262375, 38.18793753317622, 0.0], [-120.48377526813503, 38.18793792221759, 0.0], [-120.4836903962053, 38.187909700826296, 0.0]]]]}}, {"type": "Feature", "properties": {"Symb_class": "D", "Crop2016": "Miscellaneous Deciduous", "County": "Calaveras", "Acres": 0.4045152, "SUBCLASS2": "10"}, "geometry": {"type": "MultiPolygon", "coordinates": [[[[-120.60839750994678, 38.27935755321473, 0.0], [-120.60804809674227, 38.2792165042493, 0.0], [-120.60802446296549, 38.27910356488522, 0.0], [-120.60790076135758, 38.27878881574304, 0.0], [-120.60815816012752, 38.2787875189121, 0.0], [-120.60832529438109, 38.278858082278155, 0.0], [-120.60837925887515, 38.278976817905736, 0.0], [-120.60830355425291, 38.278977200113765, 0.0], [-120.60839750994678, 38.27935755321473, 0.0]]]]}}, {"type": "Feature", "properties": {"Symb_class": "P", "Crop2016": "Mixed Pasture", "County": "Calaveras", "Acres": 8.64787582, "SUBCLASS2": "3"}, "geometry": {"type": "MultiPolygon", "coordinates": [[[[-120.4473641844055, 38.34446274883602, 0.0], [-120.44694334255952, 38.3450450678929, 0.0], [-120.44656710566065, 38.34497981630941, 0.0], [-120.44652965040488, 38.3447990622963, 0.0], [-120.44617629269798, 38.34450522721099, 0.0], [-120.44589699300143, 38.34443009390304, 0.0], [-120.44565400680192, 38.344345304721934, 0.0], [-120.44520520489269, 38.34430887900678, 0.0], [-120.4450224399532, 38.34415722183379, 0.0], [-120.44486352528449, 38.343938832269544, 0.0], [-120.44481326813762, 38.343643876979186, 0.0], [-120.4448001185985, 38.34347255290605, 0.0], [-120.44474986324823, 38.34317759712616, 0.0], [-120.44473609117662, 38.34290154911618, 0.0], [-120.44461337771554, 38.3426544638964, 0.0], [-120.44453921729728, 38.34241671965168, 0.0], [-120.44428286596293, 38.342122523323255, 0.0], [-120.44411177732549, 38.341894656804406, 0.0], [-120.44412265143202, 38.341685161973786, 0.0], [-120.44420722871433, 38.341637248287356, 0.0], [-120.44452288682369, 38.34171225132822, 0.0], [-120.44479050662493, 38.3418635958593, 0.0], [-120.44507173320778, 38.34226242696412, 0.0], [-120.4454132906451, 38.34261343231169, 0.0], [-120.44562098473207, 38.342879244167285, 0.0], [-120.44575548229302, 38.34306916081523, 0.0], [-120.44596346204425, 38.343382574966974, 0.0], [-120.44608566705885, 38.34354397491613, 0.0], [-120.44638983930903, 38.343723744279984, 0.0], [-120.44666925129499, 38.34381791598522, 0.0], [-120.4473641844055, 38.34446274883602, 0.0]]]]}}, {"type": "Feature", "properties": {"Symb_class": "D", "Crop2016": "Walnuts", "County": "Calaveras", "Acres": 63.15525913, "SUBCLASS2": "13"}, "geometry": {"type": "MultiPolygon", "coordinates": [[[[-120.9090603162666, 38.073437914321524, 0.0], [-120.90934285169482, 38.072729263076766, 0.0], [-120.91071676383643, 38.06928301627369, 0.0], [-120.91116648472217, 38.069376845674334, 0.0], [-120.91169596881863, 38.06952931474609, 0.0], [-120.91221600623156, 38.06969591777704, 0.0], [-120.91288317600993, 38.069779299064685, 0.0], [-120.91325425568074, 38.06988126212456, 0.0], [-120.9137755165991, 38.07000496313868, 0.0], [-120.91401504877633, 38.070066439102106, 0.0], [-120.91427550810643, 38.07002814604964, 0.0], [-120.9146423225763, 38.0700680366787, 0.0], [-120.91492297423737, 38.07016838832484, 0.0], [-120.91505025742828, 38.07014680515485, 0.0], [-120.91528389575896, 38.0702034062426, 0.0], [-120.91530165006223, 38.07042783989158, 0.0], [-120.91538761883494, 38.070586726736565, 0.0], [-120.91633099271539, 38.07092772232729, 0.0], [-120.91648762207002, 38.070961495215556, 0.0], [-120.91654211477345, 38.07103398778071, 0.0], [-120.91665875741981, 38.07104201728245, 0.0], [-120.91679233241099, 38.07098477895247, 0.0], [-120.91686365055973, 38.07107545278568, 0.0], [-120.91714125513535, 38.071070839042136, 0.0], [-120.9172300068888, 38.071149071092016, 0.0], [-120.91722989370105, 38.07304137184068, 0.0], [-120.91723372501575, 38.07325899376491, 0.0], [-120.91723522969384, 38.0733445009979, 0.0], [-120.91721961697421, 38.07336329766851, 0.0], [-120.91721632015712, 38.073363837948946, 0.0], [-120.91714083113054, 38.07337620711724, 0.0], [-120.91708185583383, 38.073377337180084, 0.0], [-120.9169899438072, 38.0733790980414, 0.0], [-120.91693253337573, 38.07337807971201, 0.0], [-120.91680078915111, 38.07339720167357, 0.0], [-120.91657921699132, 38.07339327403438, 0.0], [-120.9163710081697, 38.07339673281786, 0.0], [-120.91609527388651, 38.07338826512727, 0.0], [-120.91602836017765, 38.073354892205316, 0.0], [-120.91593370469614, 38.07334248272453, 0.0], [-120.91584677472609, 38.073376704967195, 0.0], [-120.91576558409241, 38.07336811069028, 0.0], [-120.91565705862293, 38.0733661857645, 0.0], [-120.91554792499402, 38.07338570869639, 0.0], [-120.9154531689012, 38.07337687468881, 0.0], [-120.9154355888711, 38.07335868124059, 0.0], [-120.91536755765802, 38.073364625740076, 0.0], [-120.91530785921749, 38.07339575409033, 0.0], [-120.91519461040622, 38.07340089806701, 0.0], [-120.91513572404273, 38.07340342903911, 0.0], [-120.9150735336756, 38.07336298580505, 0.0], [-120.91499183639212, 38.07337226391912, 0.0], [-120.91492325900332, 38.073395674886974, 0.0], [-120.9147197753201, 38.07339206406125, 0.0], [-120.91461944967253, 38.07341310316488, 0.0], [-120.914557229661, 38.07338243307025, 0.0], [-120.9145034735761, 38.073363596095675, 0.0], [-120.91445815357001, 38.073366368215204, 0.0], [-120.91444452522883, 38.0733931368428, 0.0], [-120.9140326377896, 38.073412048770116, 0.0], [-120.91397641762588, 38.073414629951166, 0.0], [-120.91390145591035, 38.073374366345284, 0.0], [-120.91382468588615, 38.07336942673987, 0.0], [-120.91374346560806, 38.07338665065101, 0.0], [-120.91364792618435, 38.07338059300558, 0.0], [-120.9135800988888, 38.07337938798243, 0.0], [-120.91352733903554, 38.07342515621864, 0.0], [-120.91347609374185, 38.07346198081718, 0.0], [-120.91346535617924, 38.07352139600517, 0.0], [-120.91345892244517, 38.07374778681978, 0.0], [-120.91343887204803, 38.07402877307027, 0.0], [-120.91336096655336, 38.07422289791567, 0.0], [-120.91335874861291, 38.07422532773475, 0.0], [-120.913280372401, 38.07426816070844, 0.0], [-120.91316568089542, 38.0742708917782, 0.0], [-120.91298067196432, 38.07420084709142, 0.0], [-120.91274810622211, 38.0741061130486, 0.0], [-120.91254528100401, 38.07402621312589, 0.0], [-120.91242042865426, 38.07396200375191, 0.0], [-120.91224117972077, 38.07390159676491, 0.0], [-120.91212181607739, 38.073856559332036, 0.0], [-120.91205055003095, 38.07381714386503, 0.0], [-120.91196241721674, 38.073734513244204, 0.0], [-120.91185016733209, 38.07365145398462, 0.0], [-120.91159570605315, 38.07369044170292, 0.0], [-120.91146685440373, 38.0737668330176, 0.0], [-120.91127876694618, 38.07369911373068, 0.0], [-120.9111796917535, 38.07368304611651, 0.0], [-120.91102594688927, 38.07368031290332, 0.0], [-120.91088368878255, 38.07359195121304, 0.0], [-120.9107860392162, 38.07352583775138, 0.0], [-120.9105971369867, 38.0734867162898, 0.0], [-120.91039817632092, 38.07348317830733, 0.0], [-120.91022593783991, 38.07349441880874, 0.0], [-120.91014373121165, 38.07352156784794, 0.0], [-120.91006091283066, 38.07357016326635, 0.0], [-120.9099083896752, 38.07352453301939, 0.0], [-120.90976368994754, 38.07352195891395, 0.0], [-120.90954643688765, 38.07352524584857, 0.0], [-120.9093746062418, 38.07352218874479, 0.0], [-120.90928254060327, 38.07357777313706, 0.0], [-120.90918285635283, 38.073583151174574, 0.0], [-120.90907575740802, 38.07353117619111, 0.0], [-120.9090603162666, 38.073437914321524, 0.0]]]]}}, {"type": "Feature", "properties": {"Symb_class": "P", "Crop2016": "Mixed Pasture", "County": "Calaveras", "Acres": 2.91507714, "SUBCLASS2": "3"}, "geometry": {"type": "MultiPolygon", "coordinates": [[[[-120.51927886208642, 38.402920962341796, 0.0], [-120.51908145460779, 38.40332168371925, 0.0], [-120.51891945063281, 38.403579441002044, 0.0], [-120.51845500456295, 38.4035314500148, 0.0], [-120.51836385700264, 38.40351042033337, 0.0], [-120.51834525918132, 38.40345337483647, 0.0], [-120.51841726184627, 38.40333881627062, 0.0], [-120.51838916703579, 38.4032246876504, 0.0], [-120.51836982181612, 38.40306053729044, 0.0], [-120.51836897739976, 38.40293915024699, 0.0], [-120.51836793176076, 38.40278920267281, 0.0], [-120.51828498761563, 38.402639606072654, 0.0], [-120.51824769405663, 38.40251123484746, 0.0], [-120.51824684784361, 38.402389848993465, 0.0], [-120.51846280373626, 38.402039032817605, 0.0], [-120.51856290211, 38.40203860268342, 0.0], [-120.5187726443558, 38.40210196895557, 0.0], [-120.51895518741146, 38.40217973232142, 0.0], [-120.51917442934138, 38.40230017871308, 0.0], [-120.51933002114184, 38.40242804203942, 0.0], [-120.51933951992766, 38.402485124952456, 0.0], [-120.51935861721228, 38.40261357366163, 0.0], [-120.51925031721994, 38.402742569836725, 0.0], [-120.5192236651038, 38.40283551164973, 0.0], [-120.51927886208642, 38.402920962341796, 0.0]]]]}}, {"type": "Feature", "properties": {"Symb_class": "P", "Crop2016": "Mixed Pasture", "County": "Calaveras", "Acres": 8.87113818, "SUBCLASS2": "3"}, "geometry": {"type": "MultiPolygon", "coordinates": [[[[-120.50759328312148, 38.04647623014017, 0.0], [-120.50748668364, 38.04553205887549, 0.0], [-120.50778363972346, 38.04545591681316, 0.0], [-120.50782932534388, 38.045615815759994, 0.0], [-120.50820242532576, 38.045585359686854, 0.0], [-120.50856029706698, 38.04553967307733, 0.0], [-120.50922273901199, 38.0457604867096, 0.0], [-120.50900953915067, 38.04585947308565, 0.0], [-120.50894101116921, 38.045988915953316, 0.0], [-120.50884202490975, 38.046179273111996, 0.0], [-120.50881918075207, 38.04637724389048, 0.0], [-120.50875065277062, 38.04664374377541, 0.0], [-120.508781109252, 38.04687217026334, 0.0], [-120.50881918344702, 38.04713867117639, 0.0], [-120.50892578203019, 38.04739755711146, 0.0], [-120.50907045211345, 38.04749654198158, 0.0], [-120.50908568215077, 38.04778588465125, 0.0], [-120.50885725315044, 38.0479381702171, 0.0], [-120.50885725404873, 38.04801431323492, 0.0], [-120.50873542542824, 38.048082840822126, 0.0], [-120.50857552440935, 38.048189440814305, 0.0], [-120.50859075444666, 38.04831888380694, 0.0], [-120.50832425304796, 38.04847116967887, 0.0], [-120.5081034390663, 38.04851685516644, 0.0], [-120.50780648298284, 38.0486995968317, 0.0], [-120.5075932840198, 38.04870721070417, 0.0], [-120.50759328312148, 38.048554926738056, 0.0], [-120.50760851315883, 38.048059998300225, 0.0], [-120.50770749941827, 38.047245271835884, 0.0], [-120.507699882603, 38.04685694284336, 0.0], [-120.50759328312148, 38.04647623014017, 0.0]]]]}}, {"type": "Feature", "properties": {"Symb_class": "D", "Crop2016": "Pistachios", "County": "Calaveras", "Acres": 16.48735238, "SUBCLASS2": "14"}, "geometry": {"type": "MultiPolygon", "coordinates": [[[[-120.89164585734136, 38.177373212269984, 0.0], [-120.89155067814205, 38.17729706911179, 0.0], [-120.89082732233594, 38.17731610526191, 0.0], [-120.89083683998636, 38.17605974894126, 0.0], [-120.89085587618555, 38.17596457073717, 0.0], [-120.89094153593778, 38.175916981941604, 0.0], [-120.89314967665283, 38.17549819722311, 0.0], [-120.89395869221117, 38.175450608122986, 0.0], [-120.89414904881315, 38.17544109015798, 0.0], [-120.89420615741072, 38.17550771518066, 0.0], [-120.89413001441059, 38.17782054977559, 0.0], [-120.89405387141049, 38.17786814015267, 0.0], [-120.8917410338457, 38.177801515875764, 0.0], [-120.89170296414228, 38.17768730177996, 0.0], [-120.89170296414228, 38.177506462252296, 0.0], [-120.89164585734136, 38.177373212269984, 0.0]]]]}}, {"type": "Feature", "properties": {"Symb_class": "V", "Crop2016": "Grapes", "County": "Calaveras", "Acres": 1.28002294, "SUBCLASS2": "**"}, "geometry": {"type": "MultiPolygon", "coordinates": [[[[-120.49142008211986, 38.08985881874336, 0.0], [-120.49149432069156, 38.089830265276255, 0.0], [-120.49155713898107, 38.08992163831142, 0.0], [-120.4916713516846, 38.09000729715826, 0.0], [-120.49176272382373, 38.09008724678586, 0.0], [-120.49184267478232, 38.090115800152596, 0.0], [-120.49181983062465, 38.09019575107552, 0.0], [-120.49181983062465, 38.09025856894003, 0.0], [-120.49180841034246, 38.090315676235505, 0.0], [-120.49181983242129, 38.09036136104996, 0.0], [-120.49182554301154, 38.09040704724991, 0.0], [-120.49181983242129, 38.09054410426434, 0.0], [-120.49183696329375, 38.09101238193092, 0.0], [-120.49187693832388, 38.09114943922436, 0.0], [-120.49190549307184, 38.091223677865706, 0.0], [-120.49190549217352, 38.09135502503612, 0.0], [-120.49187693832388, 38.09142926417569, 0.0], [-120.491739882361, 38.091440685031245, 0.0], [-120.49171132761307, 38.091349313187905, 0.0], [-120.49156856105989, 38.09133218188249, 0.0], [-120.49157998224042, 38.09117799217617, 0.0], [-120.49151145336067, 38.09108662071147, 0.0], [-120.49147147922884, 38.09090958932246, 0.0], [-120.49144292537922, 38.09083534965514, 0.0], [-120.49141437242793, 38.089990164831285, 0.0], [-120.49142008211986, 38.08985881874336, 0.0]]]]}}, {"type": "Feature", "properties": {"Symb_class": "V", "Crop2016": "Grapes", "County": "Calaveras", "Acres": 3.63826622, "SUBCLASS2": "**"}, "geometry": {"type": "MultiPolygon", "coordinates": [[[[-120.49626409637251, 38.10091631668424, 0.0], [-120.49632596244781, 38.10086396808934, 0.0], [-120.49775839803354, 38.10126371818194, 0.0], [-120.49775363786085, 38.10129703029643, 0.0], [-120.49729202417907, 38.102253572941315, 0.0], [-120.49725871015676, 38.102296402926626, 0.0], [-120.4963735515983, 38.10204418004818, 0.0], [-120.49616891717322, 38.10177292234971, 0.0], [-120.49616891717322, 38.10172533321315, 0.0], [-120.49619747012451, 38.10170629712571, 0.0], [-120.49625457782376, 38.101668226349744, 0.0], [-120.49631644389905, 38.101620637851916, 0.0], [-120.49633072082386, 38.101563530199826, 0.0], [-120.49632120407176, 38.10150642320997, 0.0], [-120.49631168462467, 38.101463592761576, 0.0], [-120.49622126559808, 38.10135889631845, 0.0], [-120.49612132892105, 38.10131130691224, 0.0], [-120.4960642212218, 38.1012589578934, 0.0], [-120.49607849724828, 38.10121136912901, 0.0], [-120.49626409637251, 38.10091631668424, 0.0]]]]}}, {"type": "Feature", "properties": {"Symb_class": "V", "Crop2016": "Grapes", "County": "Calaveras", "Acres": 6.08047182, "SUBCLASS2": "**"}, "geometry": {"type": "MultiPolygon", "coordinates": [[[[-120.48598276835128, 38.156318149971106, 0.0], [-120.48534923509041, 38.15602666486172, 0.0], [-120.48528082658491, 38.15598205030383, 0.0], [-120.48527634309333, 38.15595426225816, 0.0], [-120.48527066484242, 38.155951503867215, 0.0], [-120.48525108426415, 38.15586605232555, 0.0], [-120.48525108336587, 38.15570543802286, 0.0], [-120.48525108336587, 38.155559696155265, 0.0], [-120.4852153932996, 38.15534257009085, 0.0], [-120.48514995642105, 38.15500052171176, 0.0], [-120.48515590506486, 38.154920215770645, 0.0], [-120.48516073440784, 38.1549123699618, 0.0], [-120.48516957023696, 38.15491712322091, 0.0], [-120.48526474943627, 38.15491712322091, 0.0], [-120.48626412429152, 38.15468869306239, 0.0], [-120.48657345376974, 38.154679175918325, 0.0], [-120.48670670267245, 38.15478387079271, 0.0], [-120.48691133619921, 38.15486001486537, 0.0], [-120.48689706107103, 38.15498850613005, 0.0], [-120.48688754342064, 38.15511223685848, 0.0], [-120.48663531804839, 38.155112238271215, 0.0], [-120.48657821214579, 38.15526452282587, 0.0], [-120.48649074408489, 38.15548756504383, 0.0], [-120.48651304027024, 38.155499331898085, 0.0], [-120.48675429182295, 38.15543584398246, 0.0], [-120.48713024665084, 38.15540729071977, 0.0], [-120.48721590819967, 38.15548343414152, 0.0], [-120.48721590730136, 38.155692825669085, 0.0], [-120.48734915710241, 38.15579276376745, 0.0], [-120.4871626066623, 38.15588889295635, 0.0], [-120.48707885133844, 38.1559878793005, 0.0], [-120.4871626075606, 38.15607163611072, 0.0], [-120.48715499523689, 38.1561706222068, 0.0], [-120.48704839395876, 38.156155392824694, 0.0], [-120.48702907928184, 38.15616569596826, 0.0], [-120.48699998734135, 38.15618727775054, 0.0], [-120.48695537341109, 38.15621999688725, 0.0], [-120.4869196797516, 38.15623784194913, 0.0], [-120.48624824028069, 38.15629772667562, 0.0], [-120.48624699701232, 38.15629783828219, 0.0], [-120.48602486430384, 38.15631764986074, 0.0], [-120.4859954929873, 38.15632026978918, 0.0], [-120.48598276835128, 38.156318149971106, 0.0]]]]}}, {"type": "Feature", "properties": {"Symb_class": "P", "Crop2016": "Mixed Pasture", "County": "Calaveras", "Acres": 14.75114809, "SUBCLASS2": "3"}, "geometry": {"type": "MultiPolygon", "coordinates": [[[[-120.50754410934286, 38.05169327674681, 0.0], [-120.50750603694445, 38.05118883111155, 0.0], [-120.50741085864351, 38.051146000895216, 0.0], [-120.50739182244429, 38.05011331517771, 0.0], [-120.50744892924523, 38.05004193230747, 0.0], [-120.50746320706837, 38.04987060931502, 0.0], [-120.50741085864351, 38.0496945293497, 0.0], [-120.50757741977189, 38.049551762015525, 0.0], [-120.5077630188961, 38.04959935115787, 0.0], [-120.50795813477245, 38.04959935115787, 0.0], [-120.50816276740092, 38.04951844966822, 0.0], [-120.50851017017581, 38.049342368855854, 0.0], [-120.50864341907852, 38.04911394087904, 0.0], [-120.50873859558287, 38.04909966397416, 0.0], [-120.50880998110523, 38.049337610845924, 0.0], [-120.50895750783108, 38.049408995110326, 0.0], [-120.50911931238008, 38.04939947626921, 0.0], [-120.50913834678263, 38.049161530305945, 0.0], [-120.50912882913218, 38.04894262066661, 0.0], [-120.50915262280911, 38.048699913752166, 0.0], [-120.50923828256134, 38.04859045867784, 0.0], [-120.50950002468568, 38.048547629770866, 0.0], [-120.50975700573903, 38.04861901409823, 0.0], [-120.50992356866405, 38.04885220024632, 0.0], [-120.50997115781455, 38.04895213815228, 0.0], [-120.50989025733668, 38.04906635212855, 0.0], [-120.51007109628823, 38.04916628903474, 0.0], [-120.51013772073958, 38.04927574395552, 0.0], [-120.51012820308914, 38.04953748590346, 0.0], [-120.51006633701385, 38.049784948729524, 0.0], [-120.51000447093855, 38.050303672223315, 0.0], [-120.50980459578781, 38.05085570733227, 0.0], [-120.50957140841143, 38.05121738481097, 0.0], [-120.50910503365863, 38.05159333975351, 0.0], [-120.50875763268037, 38.05182652703792, 0.0], [-120.50830553485238, 38.05159809832421, 0.0], [-120.50771066957293, 38.05197405414091, 0.0], [-120.50756790301976, 38.05194074077375, 0.0], [-120.50754410934286, 38.05169327674681, 0.0]]]]}}, {"type": "Feature", "properties": {"Symb_class": "V", "Crop2016": "Grapes", "County": "Calaveras", "Acres": 2.99362495, "SUBCLASS2": "**"}, "geometry": {"type": "MultiPolygon", "coordinates": [[[[-120.50134026044739, 38.10401764721838, 0.0], [-120.501500872932, 38.10384632480043, 0.0], [-120.5015901043858, 38.10391057084262, 0.0], [-120.50247526294427, 38.10443881103026, 0.0], [-120.50169717817778, 38.105277570893115, 0.0], [-120.50166505711816, 38.1052811398529, 0.0], [-120.50164721118672, 38.1052811398529, 0.0], [-120.50076205083163, 38.10472791578404, 0.0], [-120.50139022833676, 38.10405333813066, 0.0], [-120.50134026044739, 38.10401764721838, 0.0]]]]}}, {"type": "Feature", "properties": {"Symb_class": "V", "Crop2016": "Grapes", "County": "Calaveras", "Acres": 8.88463292, "SUBCLASS2": "**"}, "geometry": {"type": "MultiPolygon", "coordinates": [[[[-120.53271829923564, 38.15485831318458, 0.0], [-120.53302667739796, 38.15488115625014, 0.0], [-120.5331408909998, 38.155178111919355, 0.0], [-120.53316373425916, 38.1553722783098, 0.0], [-120.53307236301835, 38.15549791207722, 0.0], [-120.53302667739796, 38.155577862074175, 0.0], [-120.53316373336087, 38.15566923268552, 0.0], [-120.53325510460165, 38.155772026693946, 0.0], [-120.5333921632595, 38.1559776121569, 0.0], [-120.53333505466195, 38.15627456830595, 0.0], [-120.53341500382392, 38.15643446792199, 0.0], [-120.53362058956489, 38.156514419011266, 0.0], [-120.53362059136153, 38.15694843112164, 0.0], [-120.53359774720386, 38.157154018212644, 0.0], [-120.53325510460165, 38.15724538826191, 0.0], [-120.53272972131447, 38.157428130842426, 0.0], [-120.5322728642121, 38.157530923077836, 0.0], [-120.5317931647487, 38.15739386673175, 0.0], [-120.53131281939662, 38.157163301227826, 0.0], [-120.53255525501159, 38.15483657419152, 0.0], [-120.53271829923564, 38.15485831318458, 0.0]]]]}}, {"type": "Feature", "properties": {"Symb_class": "P", "Crop2016": "Mixed Pasture", "County": "Calaveras", "Acres": 4.22754166, "SUBCLASS2": "3"}, "geometry": {"type": "MultiPolygon", "coordinates": [[[[-120.43659664683005, 38.24281838392834, 0.0], [-120.43638247319494, 38.24242643802724, 0.0], [-120.43637989592838, 38.241986121735614, 0.0], [-120.43633268317201, 38.241676875848505, 0.0], [-120.43712110125922, 38.24192393400396, 0.0], [-120.43719788475812, 38.242114065654384, 0.0], [-120.43744037598593, 38.24217269025571, 0.0], [-120.43766780066979, 38.242243268732445, 0.0], [-120.43801559870337, 38.242194403189686, 0.0], [-120.4383193936611, 38.24238370865552, 0.0], [-120.4381991631435, 38.2425269549246, 0.0], [-120.43807865235148, 38.2426225978556, 0.0], [-120.43807935124076, 38.24274160226168, 0.0], [-120.43741736923317, 38.243410442725875, 0.0], [-120.4370225587675, 38.24318576192922, 0.0], [-120.43659664683005, 38.24281838392834, 0.0]], [[-120.43710917612381, 38.242471408153826, 0.0], [-120.43724600930452, 38.2425780172774, 0.0], [-120.43736708064526, 38.24257757772959, 0.0], [-120.43742733604124, 38.24252975801402, 0.0], [-120.43742649791311, 38.24238695200503, 0.0], [-120.43729029355309, 38.24238744588029, 0.0], [-120.43716915304208, 38.24237598515121, 0.0], [-120.43710917612381, 38.242471408153826, 0.0]]]]}}, {"type": "Feature", "properties": {"Symb_class": "C", "Crop2016": "Olives", "County": "Calaveras", "Acres": 1.86340211, "SUBCLASS2": "6"}, "geometry": {"type": "MultiPolygon", "coordinates": [[[[-120.8878679528881, 38.1424791200915, 0.0], [-120.88814106139574, 38.1424303868002, 0.0], [-120.88822317998913, 38.142461667306044, 0.0], [-120.88828514398078, 38.1426684206913, 0.0], [-120.88826696477437, 38.14277538372045, 0.0], [-120.88820480584829, 38.14296798431904, 0.0], [-120.88822742902042, 38.14309952176056, 0.0], [-120.88832660212947, 38.143193695137555, 0.0], [-120.88834913996163, 38.143328214293405, 0.0], [-120.88831699105424, 38.14339618133382, 0.0], [-120.88800727619878, 38.14340551202231, 0.0], [-120.88747039717092, 38.14344055702363, 0.0], [-120.88708936416674, 38.14343668119033, 0.0], [-120.88703698789409, 38.14342083732415, 0.0], [-120.88699670204689, 38.143378388236684, 0.0], [-120.88697870430016, 38.143348261832166, 0.0], [-120.88696550715031, 38.143282458040474, 0.0], [-120.8869787132833, 38.14321712966222, 0.0], [-120.88711364742551, 38.14311822772165, 0.0], [-120.88731895379043, 38.14306529684069, 0.0], [-120.88754055020472, 38.142970934662515, 0.0], [-120.88770805276752, 38.14292030403981, 0.0], [-120.88771818396732, 38.14269994625144, 0.0], [-120.88788688757768, 38.14260761197189, 0.0], [-120.88792880566378, 38.14259346494714, 0.0], [-120.88792701172817, 38.14252488603284, 0.0], [-120.88786666290736, 38.14252380084244, 0.0], [-120.8878679528881, 38.1424791200915, 0.0]]]]}}, {"type": "Feature", "properties": {"Symb_class": "D", "Crop2016": "Walnuts", "County": "Calaveras", "Acres": 8.79038256, "SUBCLASS2": "13"}, "geometry": {"type": "MultiPolygon", "coordinates": [[[[-120.59700666104004, 38.384378834650754, 0.0], [-120.59698972600032, 38.38453601193822, 0.0], [-120.59648255156394, 38.3848241421844, 0.0], [-120.59579102037338, 38.38481327430813, 0.0], [-120.59511437067383, 38.38438817316584, 0.0], [-120.5942582896828, 38.38427813676407, 0.0], [-120.5940197016349, 38.38402224921667, 0.0], [-120.59376280681985, 38.38375216908409, 0.0], [-120.59379703173387, 38.383480659192976, 0.0], [-120.59365022006696, 38.3833242858824, 0.0], [-120.59317601559817, 38.38318380388877, 0.0], [-120.59359164811382, 38.382824731768785, 0.0], [-120.59410109977944, 38.38282222703232, 0.0], [-120.59475759308064, 38.38300465288009, 0.0], [-120.59492294417836, 38.38320377478183, 0.0], [-120.59521577519806, 38.38341655130993, 0.0], [-120.59529049616506, 38.38365896332304, 0.0], [-120.5958557960919, 38.38381326919636, 0.0], [-120.59592720317384, 38.383641542330245, 0.0], [-120.59621832110626, 38.38364010583756, 0.0], [-120.59667548363585, 38.38392347319134, 0.0], [-120.59707806632535, 38.38420710701489, 0.0], [-120.59700666104004, 38.384378834650754, 0.0]]]]}}, {"type": "Feature", "properties": {"Symb_class": "V", "Crop2016": "Grapes", "County": "Calaveras", "Acres": 0.81794308, "SUBCLASS2": "**"}, "geometry": {"type": "MultiPolygon", "coordinates": [[[[-120.62854623488269, 38.050247120821794, 0.0], [-120.62850085468949, 38.0501880708491, 0.0], [-120.62842958415146, 38.04992432008931, 0.0], [-120.6284328414427, 38.04986015393561, 0.0], [-120.62849962220092, 38.049797580793076, 0.0], [-120.62862248568065, 38.04973324475183, 0.0], [-120.62883432728925, 38.049689689303996, 0.0], [-120.62901781537258, 38.04971057393617, 0.0], [-120.62922987706841, 38.04975977372852, 0.0], [-120.62933035363298, 38.04992471906288, 0.0], [-120.62928002192588, 38.049998563796706, 0.0], [-120.62916736779938, 38.05005591616553, 0.0], [-120.62885187498, 38.050164743001865, 0.0], [-120.62879699779761, 38.05015160521233, 0.0], [-120.62869540103394, 38.05016760866954, 0.0], [-120.62864818917588, 38.05025058069953, 0.0], [-120.62860423191407, 38.05026938684048, 0.0], [-120.62854623488269, 38.050247120821794, 0.0]]]]}}, {"type": "Feature", "properties": {"Symb_class": "V", "Crop2016": "Grapes", "County": "Calaveras", "Acres": 0.64985495, "SUBCLASS2": "**"}, "geometry": {"type": "MultiPolygon", "coordinates": [[[[-120.45166643908337, 38.11197098665518, 0.0], [-120.45144055680684, 38.11289387988853, 0.0], [-120.4513524859764, 38.11288047700951, 0.0], [-120.45132869140116, 38.112732951174884, 0.0], [-120.45116212937444, 38.112694879076976, 0.0], [-120.45134296832596, 38.11194296980729, 0.0], [-120.45166643908337, 38.11197098665518, 0.0]]]]}}, {"type": "Feature", "properties": {"Symb_class": "C", "Crop2016": "Olives", "County": "Calaveras", "Acres": 3.10586605, "SUBCLASS2": "6"}, "geometry": {"type": "MultiPolygon", "coordinates": [[[[-120.87559193643976, 38.16675728507536, 0.0], [-120.87554196675379, 38.16675728507536, 0.0], [-120.87536031033534, 38.166751779704775, 0.0], [-120.87522787889951, 38.16674776668133, 0.0], [-120.87512523290357, 38.166838046236265, 0.0], [-120.8751171292014, 38.16684218779564, 0.0], [-120.87478795593857, 38.1668618651433, 0.0], [-120.8744957249935, 38.1668357501568, 0.0], [-120.87445455430571, 38.16684056620287, 0.0], [-120.87446407195617, 38.166783458710356, 0.0], [-120.87447039968902, 38.16678404703255, 0.0], [-120.87466870458461, 38.16680249478157, 0.0], [-120.87467112913755, 38.16678350603035, 0.0], [-120.87467503860567, 38.16675287583507, 0.0], [-120.87468298240775, 38.16669065982239, 0.0], [-120.87460683940762, 38.16664069190209, 0.0], [-120.8744872799315, 38.16662776573674, 0.0], [-120.87460683940762, 38.165448580751985, 0.0], [-120.874628255244, 38.16541289018827, 0.0], [-120.87466156657136, 38.165398612686595, 0.0], [-120.87467053804609, 38.16539698188004, 0.0], [-120.8747781598104, 38.16542240734407, 0.0], [-120.87496137929745, 38.1655033091213, 0.0], [-120.87508511144806, 38.165569934046864, 0.0], [-120.87525643274913, 38.165603247193125, 0.0], [-120.87527633043267, 38.165644284911515, 0.0], [-120.87529450335087, 38.16568176931284, 0.0], [-120.8753658870766, 38.16570794333394, 0.0], [-120.87553720927602, 38.16575077282372, 0.0], [-120.87563714505475, 38.16576980916466, 0.0], [-120.87565618215226, 38.16580312080701, 0.0], [-120.87565229693867, 38.16587432072769, 0.0], [-120.87563952559027, 38.165895920118466, 0.0], [-120.87559250058176, 38.16589391923345, 0.0], [-120.87558479842653, 38.16602678974556, 0.0], [-120.87561097174063, 38.166064860865696, 0.0], [-120.87564666360349, 38.16609103616181, 0.0], [-120.8756347672142, 38.16625997786944, 0.0], [-120.87549672759604, 38.16624863227863, 0.0], [-120.87546106627592, 38.166245701239895, 0.0], [-120.87545939990106, 38.16637556379984, 0.0], [-120.87561057917685, 38.16637446483884, 0.0], [-120.87558829287295, 38.16673450505687, 0.0], [-120.87559193643976, 38.16675728507536, 0.0]]]]}}, {"type": "Feature", "properties": {"Symb_class": "V", "Crop2016": "Grapes", "County": "Calaveras", "Acres": 2.5418471, "SUBCLASS2": "**"}, "geometry": {"type": "MultiPolygon", "coordinates": [[[[-120.47765688675234, 38.10479394165496, 0.0], [-120.47771970504182, 38.10469686015015, 0.0], [-120.4781651409637, 38.104748256672806, 0.0], [-120.4782565122045, 38.10487389207219, 0.0], [-120.47826222279474, 38.10503379335097, 0.0], [-120.47820511599383, 38.10510803202595, 0.0], [-120.47827364397529, 38.10521653522151, 0.0], [-120.47827935366722, 38.10538785513322, 0.0], [-120.47825651130618, 38.105450672663395, 0.0], [-120.47828506605411, 38.10550778081166, 0.0], [-120.47826222189644, 38.10571336581715, 0.0], [-120.47811374475302, 38.10578760521527, 0.0], [-120.4781137438547, 38.10593608307831, 0.0], [-120.47814229770434, 38.1059646373217, 0.0], [-120.47815943037344, 38.10603887575761, 0.0], [-120.47723429588649, 38.10602174365446, 0.0], [-120.47718860936777, 38.10552491303534, 0.0], [-120.4776054923383, 38.105182271332325, 0.0], [-120.47767402031975, 38.10506805730979, 0.0], [-120.47765688675234, 38.10479394165496, 0.0]]]]}}, {"type": "Feature", "properties": {"Symb_class": "V", "Crop2016": "Grapes", "County": "Calaveras", "Acres": 1.90104165, "SUBCLASS2": "**"}, "geometry": {"type": "MultiPolygon", "coordinates": [[[[-120.47774193115862, 38.028191631228964, 0.0], [-120.47778952210571, 38.02810597075563, 0.0], [-120.4778371103579, 38.02811548882683, 0.0], [-120.47793704793327, 38.02831060370661, 0.0], [-120.47799891400855, 38.02853427424355, 0.0], [-120.47799891400855, 38.028734148064615, 0.0], [-120.47797512033162, 38.02878649734579, 0.0], [-120.47752302340197, 38.029329013314204, 0.0], [-120.47728031657851, 38.0294955762469, 0.0], [-120.47703761155167, 38.02961930802123, 0.0], [-120.47695195090114, 38.02964786234885, 0.0], [-120.47688532555144, 38.02963834306154, 0.0], [-120.47677111194959, 38.0294860576474, 0.0], [-120.47673779882558, 38.029419431662006, 0.0], [-120.47675683502477, 38.02940515587029, 0.0], [-120.4767853897727, 38.02934804772232, 0.0], [-120.47685201422406, 38.02927190581449, 0.0], [-120.47688532555144, 38.029238594854796, 0.0], [-120.47712803237489, 38.02904823682201, 0.0], [-120.47708995997654, 38.02900064776722, 0.0], [-120.47711851382616, 38.02893402275559, 0.0], [-120.47724224597674, 38.02880553189488, 0.0], [-120.4773136297025, 38.028748424694705, 0.0], [-120.47739929035305, 38.0286770408088, 0.0], [-120.47748495010528, 38.02858662083714, 0.0], [-120.47757061075583, 38.0285057201895, 0.0], [-120.47760392387981, 38.02842005866823, 0.0], [-120.47774193115862, 38.028191631228964, 0.0]]]]}}, {"type": "Feature", "properties": {"Symb_class": "D", "Crop2016": "Miscellaneous Deciduous", "County": "Calaveras", "Acres": 1.2786774, "SUBCLASS2": "10"}, "geometry": {"type": "MultiPolygon", "coordinates": [[[[-120.91083902903819, 38.14083151578066, 0.0], [-120.91084159732158, 38.140476908008395, 0.0], [-120.91095483175977, 38.14047594289664, 0.0], [-120.91132445615986, 38.140482519221806, 0.0], [-120.91132518559186, 38.14032457632967, 0.0], [-120.91133312130907, 38.14017868291273, 0.0], [-120.91188403561495, 38.14017953992982, 0.0], [-120.91188188325152, 38.140784501061056, 0.0], [-120.91188446500965, 38.14082627127834, 0.0], [-120.91083902903819, 38.14083151578066, 0.0]]]]}}, {"type": "Feature", "properties": {"Symb_class": "P", "Crop2016": "Mixed Pasture", "County": "Calaveras", "Acres": 1.21778108, "SUBCLASS2": "3"}, "geometry": {"type": "MultiPolygon", "coordinates": [[[[-120.51759802256169, 38.403306625768096, 0.0], [-120.51749886741892, 38.403442720950984, 0.0], [-120.51742656381833, 38.40351443788788, 0.0], [-120.51730806615089, 38.40348638328658, 0.0], [-120.5172625682784, 38.40348657828621, 0.0], [-120.51714431764763, 38.40349422410244, 0.0], [-120.51706266707653, 38.40353027720176, 0.0], [-120.51688962011175, 38.40350959528095, 0.0], [-120.5168672529595, 38.40290988106478, 0.0], [-120.51692140520147, 38.40284538421124, 0.0], [-120.51694800880861, 38.402745301971784, 0.0], [-120.51710240944301, 38.402701798287474, 0.0], [-120.5172388069408, 38.402686933097065, 0.0], [-120.51751205019573, 38.40272146530412, 0.0], [-120.51759439606286, 38.40278537796756, 0.0], [-120.51761353916159, 38.40292096797359, 0.0], [-120.51755048641179, 38.40301406583957, 0.0], [-120.517450388038, 38.40301449385604, 0.0], [-120.51737833416905, 38.403121911126, 0.0], [-120.5173784832894, 38.40314333303357, 0.0], [-120.5175246266097, 38.403221252968976, 0.0], [-120.51757012627886, 38.40322105796861, 0.0], [-120.51759802256169, 38.403306625768096, 0.0]]]]}}, {"type": "Feature", "properties": {"Symb_class": "P", "Crop2016": "Mixed Pasture", "County": "Calaveras", "Acres": 1.30903749, "SUBCLASS2": "3"}, "geometry": {"type": "MultiPolygon", "coordinates": [[[[-120.50651967059282, 38.04432138999756, 0.0], [-120.50702982743594, 38.04426047605428, 0.0], [-120.50722018313958, 38.04543307417903, 0.0], [-120.50668718393544, 38.04545591610575, 0.0], [-120.50673286865754, 38.044983830722245, 0.0], [-120.50651967059282, 38.04432138999756, 0.0]]]]}}, {"type": "Feature", "properties": {"Symb_class": "V", "Crop2016": "Grapes", "County": "Calaveras", "Acres": 1.71324036, "SUBCLASS2": "**"}, "geometry": {"type": "MultiPolygon", "coordinates": [[[[-120.47835563500789, 38.02148601232077, 0.0], [-120.47840619758198, 38.02148006502269, 0.0], [-120.47857275960871, 38.02156037119758, 0.0], [-120.47860845326818, 38.02159606201628, 0.0], [-120.47865306719845, 38.0216406772844, 0.0], [-120.47870660499275, 38.021664472790675, 0.0], [-120.47874824460112, 38.02174775310942, 0.0], [-120.47874527117754, 38.02182211172064, 0.0], [-120.47878988600613, 38.02189646884108, 0.0], [-120.4788910138492, 38.02195298198544, 0.0], [-120.47896834711709, 38.02198867402828, 0.0], [-120.47906352541808, 38.02203626268404, 0.0], [-120.4791319330253, 38.02203923701822, 0.0], [-120.47915275417694, 38.02206303168734, 0.0], [-120.47917060100669, 38.022119543995615, 0.0], [-120.47916762578645, 38.02216415894502, 0.0], [-120.47912598617809, 38.022235542807586, 0.0], [-120.4791438312112, 38.02229800433793, 0.0], [-120.47916167714264, 38.02236046369204, 0.0], [-120.47916167714264, 38.02241400215976, 0.0], [-120.47915275417694, 38.02244077102507, 0.0], [-120.47895942325307, 38.02248538577889, 0.0], [-120.47881070715778, 38.02255082070206, 0.0], [-120.4783020972136, 38.02244374605051, 0.0], [-120.47824856031758, 38.02241995079734, 0.0], [-120.47823963555525, 38.022315850277515, 0.0], [-120.47816527840592, 38.02226231103045, 0.0], [-120.47815338111829, 38.022217696848436, 0.0], [-120.47813851040708, 38.02215523595732, 0.0], [-120.47812958564474, 38.022086826348776, 0.0], [-120.4781444581526, 38.022045185686224, 0.0], [-120.47817420137164, 38.02201246800618, 0.0], [-120.47818609865926, 38.02196488004265, 0.0], [-120.47820394369239, 38.02192026426423, 0.0], [-120.47822476484403, 38.02186077675333, 0.0], [-120.47822773916594, 38.02179831697329, 0.0], [-120.4782098932345, 38.021700164266356, 0.0], [-120.47824558509735, 38.02166149914897, 0.0], [-120.47827532921475, 38.02159606201628, 0.0], [-120.478319943145, 38.02152467894612, 0.0], [-120.47835563500789, 38.02148601232077, 0.0]]]]}}, {"type": "Feature", "properties": {"Symb_class": "V", "Crop2016": "Grapes", "County": "Calaveras", "Acres": 1.76192349, "SUBCLASS2": "**"}, "geometry": {"type": "MultiPolygon", "coordinates": [[[[-120.47904468774658, 38.03076263783642, 0.0], [-120.47909465563592, 38.03065556315657, 0.0], [-120.47915890224674, 38.03059488620869, 0.0], [-120.47919816221793, 38.030566332957804, 0.0], [-120.4793052369082, 38.030494950135704, 0.0], [-120.47943729913646, 38.0304092881101, 0.0], [-120.47962646457233, 38.03035218216011, 0.0], [-120.47995840015464, 38.03031292015734, 0.0], [-120.48007975266808, 38.030548486905005, 0.0], [-120.48005119881844, 38.03064128619054, 0.0], [-120.48000123003075, 38.03069482497563, 0.0], [-120.47994412322984, 38.03074479324664, 0.0], [-120.47969784919638, 38.03074479324664, 0.0], [-120.47965501842195, 38.030784054310274, 0.0], [-120.47965858742859, 38.03086971377496, 0.0], [-120.47975852500393, 38.03093039120279, 0.0], [-120.47991914018348, 38.03095537526216, 0.0], [-120.48001550695558, 38.03098035931305, 0.0], [-120.48001550695558, 38.031041035941634, 0.0], [-120.47991200037362, 38.03114811076564, 0.0], [-120.47971926503277, 38.031301587119515, 0.0], [-120.47965501932026, 38.031333709822704, 0.0], [-120.47956578876479, 38.03134084788479, 0.0], [-120.47950868196388, 38.03134084788479, 0.0], [-120.47943729823812, 38.031337278146246, 0.0], [-120.4792231470609, 38.031226633854814, 0.0], [-120.47909822464256, 38.03112312677201, 0.0], [-120.47900185787046, 38.030962512653566, 0.0], [-120.47900899408708, 38.03088755974945, 0.0], [-120.47904468774658, 38.03076263783642, 0.0]]]]}}, {"type": "Feature", "properties": {"Symb_class": "P", "Crop2016": "Mixed Pasture", "County": "Calaveras", "Acres": 7.00527818, "SUBCLASS2": "3"}, "geometry": {"type": "MultiPolygon", "coordinates": [[[[-120.46768971665396, 38.131914270238, 0.0], [-120.46734707495011, 38.13165157734375, 0.0], [-120.46702727560726, 38.13145741423552, 0.0], [-120.46676458306538, 38.13128609187906, 0.0], [-120.46647904906072, 38.13056654291804, 0.0], [-120.46671889834327, 38.13054369930474, 0.0], [-120.46687879756554, 38.1307150212839, 0.0], [-120.46710722566755, 38.13095487123779, 0.0], [-120.46734707584842, 38.1309777133092, 0.0], [-120.46767829727008, 38.1309434487862, 0.0], [-120.46782677531182, 38.13094345019946, 0.0], [-120.46885470222007, 38.13165157734375, 0.0], [-120.4689917590813, 38.13164015500114, 0.0], [-120.46971130692894, 38.13221122683739, 0.0], [-120.46815799583518, 38.13312493926486, 0.0], [-120.46797525335357, 38.13229117621286, 0.0], [-120.46768971665396, 38.131914270238, 0.0]]]]}}, {"type": "Feature", "properties": {"Symb_class": "V", "Crop2016": "Grapes", "County": "Calaveras", "Acres": 6.40311679, "SUBCLASS2": "**"}, "geometry": {"type": "MultiPolygon", "coordinates": [[[[-120.67619618425095, 38.20896354427728, 0.0], [-120.67616189106498, 38.20903241080301, 0.0], [-120.67609048937292, 38.209166099796555, 0.0], [-120.67595519141304, 38.20926447591794, 0.0], [-120.67573618663837, 38.20916957473724, 0.0], [-120.67579710229607, 38.20907820414077, 0.0], [-120.67583517289785, 38.208903075314275, 0.0], [-120.6757285716197, 38.20878124714552, 0.0], [-120.67558390063812, 38.208705105054094, 0.0], [-120.6754544596939, 38.20852997603577, 0.0], [-120.67534024519374, 38.208392920305464, 0.0], [-120.67524887305458, 38.20830916080081, 0.0], [-120.675066130573, 38.20815687625651, 0.0], [-120.67490377086516, 38.20809926468591, 0.0], [-120.67485841941804, 38.208087653144474, 0.0], [-120.67455588569499, 38.208089347229674, 0.0], [-120.67442371836385, 38.20819481383697, 0.0], [-120.67424168195805, 38.208138709325276, 0.0], [-120.67417075188152, 38.20805789017896, 0.0], [-120.67412957580387, 38.20805789017896, 0.0], [-120.6739163750442, 38.20796651889285, 0.0], [-120.6737640908406, 38.207776161737215, 0.0], [-120.67374124668294, 38.2074944350286, 0.0], [-120.67400774718332, 38.20726600588885, 0.0], [-120.67471587385045, 38.207266007300625, 0.0], [-120.67472364966756, 38.20726471131079, 0.0], [-120.67485170001973, 38.207345080988944, 0.0], [-120.67502103065414, 38.20733461214066, 0.0], [-120.67562579896129, 38.207224529262, 0.0], [-120.67569050011963, 38.207227935119406, 0.0], [-120.6759342714467, 38.20724882908071, 0.0], [-120.67595079236311, 38.20726164215834, 0.0], [-120.67612396958359, 38.207395952751234, 0.0], [-120.67633010060196, 38.20741067731354, 0.0], [-120.67640134419048, 38.20741255776559, 0.0], [-120.67645052515567, 38.207497967930834, 0.0], [-120.67636599009415, 38.20751748394786, 0.0], [-120.67640190743418, 38.20778922883589, 0.0], [-120.67642147094442, 38.20780662010147, 0.0], [-120.67629202910187, 38.207943676935734, 0.0], [-120.67607121512022, 38.207943676935734, 0.0], [-120.67588847263859, 38.20797413381813, 0.0], [-120.6758199428605, 38.208187333049686, 0.0], [-120.67589608675893, 38.208293933843024, 0.0], [-120.67620065696276, 38.208309162212515, 0.0], [-120.67633771472228, 38.20833961894197, 0.0], [-120.67632248558326, 38.2084766761844, 0.0], [-120.67630725734257, 38.20859089000298, 0.0], [-120.6761321298796, 38.208735560912004, 0.0], [-120.67609405658293, 38.2089259176762, 0.0], [-120.67619618425095, 38.20896354427728, 0.0]]]]}}, {"type": "Feature", "properties": {"Symb_class": "C", "Crop2016": "Olives", "County": "Calaveras", "Acres": 28.82574121, "SUBCLASS2": "6"}, "geometry": {"type": "MultiPolygon", "coordinates": [[[[-120.93582013594214, 38.183589834321666, 0.0], [-120.93574747211711, 38.18273977194939, 0.0], [-120.9356539610893, 38.18123725832066, 0.0], [-120.93570427842333, 38.18122026108417, 0.0], [-120.9365889680612, 38.18117859591268, 0.0], [-120.93680875077693, 38.18125756164901, 0.0], [-120.93698686873147, 38.181367983184835, 0.0], [-120.93733577438782, 38.18136696283004, 0.0], [-120.93738990596853, 38.181536001175424, 0.0], [-120.93738406781749, 38.181582390830386, 0.0], [-120.93742824516656, 38.18162250723801, 0.0], [-120.93744666062987, 38.18161210177329, 0.0], [-120.93744354437415, 38.18156197884921, 0.0], [-120.93744083056367, 38.18149755682808, 0.0], [-120.9375324102136, 38.18146340218173, 0.0], [-120.9375159099585, 38.18140589094368, 0.0], [-120.93745331534947, 38.18137617991674, 0.0], [-120.93741910301189, 38.18130405316375, 0.0], [-120.93742524389516, 38.181246939350515, 0.0], [-120.93730327423916, 38.181234067323025, 0.0], [-120.93730015888175, 38.18118394272665, 0.0], [-120.93741850563222, 38.18116456370178, 0.0], [-120.93738693164663, 38.1806776269385, 0.0], [-120.93741501028745, 38.18064593420019, 0.0], [-120.93965987233472, 38.18057091721745, 0.0], [-120.93974047816515, 38.18060451867212, 0.0], [-120.939793008948, 38.18066981497144, 0.0], [-120.93993781916843, 38.18083686928823, 0.0], [-120.94005807843216, 38.180910506920725, 0.0], [-120.94024525769295, 38.18102108221302, 0.0], [-120.94028873166114, 38.181086217847344, 0.0], [-120.9403575497984, 38.18250365603169, 0.0], [-120.94040373488212, 38.18327695581303, 0.0], [-120.94040829473052, 38.18341889778044, 0.0], [-120.94016813822414, 38.18343733425786, 0.0], [-120.94012895730471, 38.183326972347, 0.0], [-120.93993009635194, 38.18330917698868, 0.0], [-120.93992660460044, 38.1834330947864, 0.0], [-120.93955128937304, 38.18345988592583, 0.0], [-120.93953773559203, 38.183512101857815, 0.0], [-120.93937496894739, 38.18349970685291, 0.0], [-120.93924092413734, 38.18332568934714, 0.0], [-120.93913934713656, 38.18328575817193, 0.0], [-120.93900891535058, 38.183412215880175, 0.0], [-120.93889364982152, 38.18342926626951, 0.0], [-120.93882642439723, 38.1834566957316, 0.0], [-120.93879475339358, 38.1835085932116, 0.0], [-120.93687805310616, 38.183565518133626, 0.0], [-120.93684880216387, 38.183531625716284, 0.0], [-120.93690798676805, 38.18336100113849, 0.0], [-120.93639982867644, 38.18338544802483, 0.0], [-120.93617037469838, 38.183381414027885, 0.0], [-120.93621169989639, 38.1834155190536, 0.0], [-120.93634400466975, 38.18343691765425, 0.0], [-120.93634721974014, 38.18353711287285, 0.0], [-120.93634600881114, 38.183580008145206, 0.0], [-120.93623087623277, 38.183592288747235, 0.0], [-120.9360557658378, 38.183589210123664, 0.0], [-120.93582013594214, 38.183589834321666, 0.0]]]]}}, {"type": "Feature", "properties": {"Symb_class": "V", "Crop2016": "Grapes", "County": "Calaveras", "Acres": 0.43851866, "SUBCLASS2": "**"}, "geometry": {"type": "MultiPolygon", "coordinates": [[[[-120.48716477789034, 38.09096149398004, 0.0], [-120.48622838481796, 38.09096528068902, 0.0], [-120.48637809804319, 38.09076236626045, 0.0], [-120.48705758192749, 38.09073581679954, 0.0], [-120.48716361367374, 38.0907829903038, 0.0], [-120.48716477789034, 38.09096149398004, 0.0]]]]}}, {"type": "Feature", "properties": {"Symb_class": "V", "Crop2016": "Grapes", "County": "Calaveras", "Acres": 11.87043589, "SUBCLASS2": "**"}, "geometry": {"type": "MultiPolygon", "coordinates": [[[[-120.63806027498882, 38.133787292929505, 0.0], [-120.63830691912817, 38.133847193967796, 0.0], [-120.63976142003224, 38.134664068935514, 0.0], [-120.63977768223383, 38.135283615679654, 0.0], [-120.63978720078256, 38.136673219970056, 0.0], [-120.63974913018085, 38.136796952090755, 0.0], [-120.6396729862824, 38.13684454098597, 0.0], [-120.63940648668033, 38.13691116595238, 0.0], [-120.63906384497645, 38.136892131263274, 0.0], [-120.63884493542318, 38.136644667134846, 0.0], [-120.63876879062644, 38.13641623769202, 0.0], [-120.63867361322379, 38.13628298891432, 0.0], [-120.6384832557235, 38.136263954061356, 0.0], [-120.63831193532071, 38.136140221743524, 0.0], [-120.63827386382066, 38.1359498641392, 0.0], [-120.63835000592246, 38.135826131995415, 0.0], [-120.63810254341787, 38.13575950815808, 0.0], [-120.63792170356804, 38.13588323900173, 0.0], [-120.63778845286868, 38.13613070288592, 0.0], [-120.63768375691726, 38.13613070288592, 0.0], [-120.63745532881522, 38.13574047104884, 0.0], [-120.63779797231574, 38.13523602576655, 0.0], [-120.6373411161117, 38.13485531099698, 0.0], [-120.63803591716989, 38.13379883081661, 0.0], [-120.63806027498882, 38.133787292929505, 0.0]]]]}}, {"type": "Feature", "properties": {"Symb_class": "V", "Crop2016": "Grapes", "County": "Calaveras", "Acres": 1.78698564, "SUBCLASS2": "**"}, "geometry": {"type": "MultiPolygon", "coordinates": [[[[-120.49890964117245, 38.10922866664822, 0.0], [-120.49725353586074, 38.109221526993714, 0.0], [-120.49718929014826, 38.109225097174445, 0.0], [-120.49759974657123, 38.108657595986884, 0.0], [-120.49772823799621, 38.10867544066522, 0.0], [-120.49780319072858, 38.108728978915096, 0.0], [-120.49792097423538, 38.10877537813447, 0.0], [-120.49804589665372, 38.108800363187235, 0.0], [-120.49821364804987, 38.10882177803114, 0.0], [-120.49835998360965, 38.108857470130616, 0.0], [-120.49847419900816, 38.108875316173766, 0.0], [-120.49861339835131, 38.108886023232145, 0.0], [-120.49893819412374, 38.10890743805094, 0.0], [-120.49906311564379, 38.108914577029296, 0.0], [-120.49918446815718, 38.10887531476013, 0.0], [-120.49935221955337, 38.108886023938936, 0.0], [-120.49936649737649, 38.10890744017146, 0.0], [-120.49936292657324, 38.10895026908344, 0.0], [-120.49904883871898, 38.10916085085803, 0.0], [-120.49897745589156, 38.1092036810351, 0.0], [-120.49890964117245, 38.10922866664822, 0.0]]]]}}, {"type": "Feature", "properties": {"Symb_class": "V", "Crop2016": "Grapes", "County": "Calaveras", "Acres": 4.80297951, "SUBCLASS2": "**"}, "geometry": {"type": "MultiPolygon", "coordinates": [[[[-120.55486945877139, 38.1500312373316, 0.0], [-120.55486595444347, 38.150049011145306, 0.0], [-120.55245353323954, 38.15092074922746, 0.0], [-120.55229570104073, 38.15083578699427, 0.0], [-120.55209774289486, 38.15084177817326, 0.0], [-120.55181652619348, 38.15037638480479, 0.0], [-120.55195709816239, 38.150337336979376, 0.0], [-120.55213793621559, 38.15029926612417, 0.0], [-120.55232829371587, 38.15036589010774, 0.0], [-120.55233781136633, 38.15024215980416, 0.0], [-120.55262334626927, 38.1501374619422, 0.0], [-120.55295647122102, 38.149966141055046, 0.0], [-120.55316063492893, 38.14991902696342, 0.0], [-120.5534380203156, 38.14981508593451, 0.0], [-120.55420330858088, 38.149528319966834, 0.0], [-120.55450788058134, 38.149385551867475, 0.0], [-120.55458042313377, 38.149401150010824, 0.0], [-120.55463990777527, 38.14948918974074, 0.0], [-120.55486945877139, 38.1500312373316, 0.0]]]]}}, {"type": "Feature", "properties": {"Symb_class": "V", "Crop2016": "Grapes", "County": "Calaveras", "Acres": 2.11115333, "SUBCLASS2": "**"}, "geometry": {"type": "MultiPolygon", "coordinates": [[[[-120.65198438557319, 38.19356066132656, 0.0], [-120.65063665842378, 38.19357208315038, 0.0], [-120.65077371438669, 38.19300101094454, 0.0], [-120.65089799630623, 38.19289664983374, 0.0], [-120.6515697160515, 38.19288821435261, 0.0], [-120.651705132589, 38.19266617332909, 0.0], [-120.65188661563259, 38.19266519196351, 0.0], [-120.65189799459232, 38.192847960121426, 0.0], [-120.65198438557319, 38.19356066132656, 0.0]]]]}}, {"type": "Feature", "properties": {"Symb_class": "V", "Crop2016": "Grapes", "County": "Calaveras", "Acres": 0.55860383, "SUBCLASS2": "**"}, "geometry": {"type": "MultiPolygon", "coordinates": [[[[-120.89116105634545, 38.12438758809528, 0.0], [-120.8913234699522, 38.12432211983935, 0.0], [-120.89147099218647, 38.124528104164014, 0.0], [-120.89149818957999, 38.12452790276068, 0.0], [-120.89174390036978, 38.12460462891476, 0.0], [-120.89169899808029, 38.124640665226536, 0.0], [-120.89162775179678, 38.12474830128878, 0.0], [-120.89146482525202, 38.12477092905947, 0.0], [-120.89143882082116, 38.12487108972101, 0.0], [-120.89133088464654, 38.12494329421187, 0.0], [-120.89105584655769, 38.12468827123491, 0.0], [-120.89106397541268, 38.12460966399291, 0.0], [-120.89096331469352, 38.124531862986366, 0.0], [-120.89116105634545, 38.12438758809528, 0.0]]]]}}, {"type": "Feature", "properties": {"Symb_class": "D", "Crop2016": "Walnuts", "County": "Calaveras", "Acres": 1.78828873, "SUBCLASS2": "13"}, "geometry": {"type": "MultiPolygon", "coordinates": [[[[-120.91679233241099, 38.07098477895247, 0.0], [-120.91673195664076, 38.07098668908982, 0.0], [-120.91665875741981, 38.07104201728245, 0.0], [-120.91654211477345, 38.07103398778071, 0.0], [-120.91648762207002, 38.070961495215556, 0.0], [-120.91640582237854, 38.07092130027178, 0.0], [-120.91573767433484, 38.07068592422914, 0.0], [-120.91550290592353, 38.070589368836515, 0.0], [-120.91541716981453, 38.070555063961656, 0.0], [-120.91534713715497, 38.0703660608421, 0.0], [-120.91536753789507, 38.07017866188038, 0.0], [-120.91566411488948, 38.07022266835328, 0.0], [-120.91577474241672, 38.07017694478868, 0.0], [-120.91629266968707, 38.070391776129355, 0.0], [-120.9165177039539, 38.070565645095115, 0.0], [-120.91673498575989, 38.07061420216698, 0.0], [-120.91701061224526, 38.07073234194483, 0.0], [-120.91711566213291, 38.07088322124045, 0.0], [-120.91708950498847, 38.071007931143484, 0.0], [-120.91705064027602, 38.071048964773794, 0.0], [-120.91689665466326, 38.07102835496523, 0.0], [-120.91679233241099, 38.07098477895247, 0.0]]]]}}, {"type": "Feature", "properties": {"Symb_class": "C", "Crop2016": "Olives", "County": "Calaveras", "Acres": 4.56238136, "SUBCLASS2": "6"}, "geometry": {"type": "MultiPolygon", "coordinates": [[[[-120.92984046611743, 38.130177195700774, 0.0], [-120.92983051098743, 38.130348645732134, 0.0], [-120.92971057511721, 38.130425738864645, 0.0], [-120.92951905609529, 38.13057955108355, 0.0], [-120.92949701323485, 38.13075109485663, 0.0], [-120.92944948786474, 38.13081810766594, 0.0], [-120.92929340288917, 38.13090499966333, 0.0], [-120.92914845971806, 38.130915639189794, 0.0], [-120.9288602307676, 38.13107019585524, 0.0], [-120.92870390773847, 38.13113804782951, 0.0], [-120.92853443067867, 38.131120313925344, 0.0], [-120.92815802759144, 38.13098992504533, 0.0], [-120.92780556819984, 38.130840308878255, 0.0], [-120.92681111790895, 38.130590909289715, 0.0], [-120.92678611420135, 38.1305244552085, 0.0], [-120.92677071707739, 38.13025799171867, 0.0], [-120.92984046611743, 38.130177195700774, 0.0]]]]}}, {"type": "Feature", "properties": {"Symb_class": "V", "Crop2016": "Grapes", "County": "Calaveras", "Acres": 3.75141416, "SUBCLASS2": "**"}, "geometry": {"type": "MultiPolygon", "coordinates": [[[[-120.48519541207274, 38.08944193814732, 0.0], [-120.48638894879353, 38.088402589012055, 0.0], [-120.4864746112407, 38.08885373507781, 0.0], [-120.48612625804826, 38.08921351020937, 0.0], [-120.48620049841658, 38.089264906310184, 0.0], [-120.4865374277336, 38.08900221412014, 0.0], [-120.48668019608337, 38.0895561511416, 0.0], [-120.486657352824, 38.08968749918738, 0.0], [-120.48621763018738, 38.090064403943, 0.0], [-120.48567511063784, 38.090235726150716, 0.0], [-120.48524109769315, 38.08993305798853, 0.0], [-120.48519541207274, 38.08944193814732, 0.0]]]]}}, {"type": "Feature", "properties": {"Symb_class": "V", "Crop2016": "Grapes", "County": "Calaveras", "Acres": 4.52368197, "SUBCLASS2": "**"}, "geometry": {"type": "MultiPolygon", "coordinates": [[[[-120.48613138383524, 38.185285074942364, 0.0], [-120.48631332142638, 38.18551754902467, 0.0], [-120.4863532946599, 38.1855974992859, 0.0], [-120.486370427329, 38.18573455626885, 0.0], [-120.48637613881758, 38.18579737526106, 0.0], [-120.4863532946599, 38.185997249275616, 0.0], [-120.48622194928726, 38.186231388141856, 0.0], [-120.48593641528261, 38.18662542672759, 0.0], [-120.48554808706001, 38.18689383007531, 0.0], [-120.48534250042076, 38.187008043860715, 0.0], [-120.48516546763105, 38.18696806810301, 0.0], [-120.48487993362643, 38.18617428101573, 0.0], [-120.48507980877713, 38.18603151265144, 0.0], [-120.48502270197622, 38.18586590289065, 0.0], [-120.48483424800604, 38.18582592791831, 0.0], [-120.48474858735548, 38.18563176284969, 0.0], [-120.48526826005238, 38.185380493045585, 0.0], [-120.48534821101099, 38.18546615288621, 0.0], [-120.4856280353237, 38.18526056726366, 0.0], [-120.4856280353237, 38.185232013678714, 0.0], [-120.4861077347871, 38.185254855700265, 0.0], [-120.48613138383524, 38.185285074942364, 0.0]]]]}}, {"type": "Feature", "properties": {"Symb_class": "P", "Crop2016": "Mixed Pasture", "County": "Calaveras", "Acres": 80.72910533, "SUBCLASS2": "3"}, "geometry": {"type": "MultiPolygon", "coordinates": [[[[-120.71666840495459, 38.03191436498442, 0.0], [-120.71639382770145, 38.03199424366994, 0.0], [-120.7072662149828, 38.03950382301681, 0.0], [-120.70725202339794, 38.03966748187684, 0.0], [-120.70707185818286, 38.039768507717085, 0.0], [-120.7066036697315, 38.04005687486886, 0.0], [-120.70472166507533, 38.038311381154756, 0.0], [-120.70470180422268, 38.03812584718169, 0.0], [-120.70934088401295, 38.03457120810292, 0.0], [-120.7152012324151, 38.02999519201346, 0.0], [-120.7169156347955, 38.03125597367759, 0.0], [-120.71697242718606, 38.031512689019294, 0.0], [-120.71666840495459, 38.03191436498442, 0.0]]]]}}, {"type": "Feature", "properties": {"Symb_class": "C", "Crop2016": "Olives", "County": "Calaveras", "Acres": 0.41895297, "SUBCLASS2": "6"}, "geometry": {"type": "MultiPolygon", "coordinates": [[[[-120.89172502766397, 38.12378360477757, 0.0], [-120.89173398117241, 38.12453329683676, 0.0], [-120.89168009932334, 38.124576539885666, 0.0], [-120.89131303961341, 38.12420794917192, 0.0], [-120.89172502766397, 38.12378360477757, 0.0]]]]}}, {"type": "Feature", "properties": {"Symb_class": "D", "Crop2016": "Walnuts", "County": "Calaveras", "Acres": 15.52607515, "SUBCLASS2": "13"}, "geometry": {"type": "MultiPolygon", "coordinates": [[[[-120.6096970541593, 38.228283069186325, 0.0], [-120.61000887286914, 38.228174986826204, 0.0], [-120.6103947837253, 38.22815781495315, 0.0], [-120.61090368831691, 38.22826115874374, 0.0], [-120.61146640558728, 38.22824400876691, 0.0], [-120.6115699076777, 38.228267573312436, 0.0], [-120.61153921583771, 38.22837423290017, 0.0], [-120.61151387256692, 38.22845596732087, 0.0], [-120.61116034597673, 38.228591813147325, 0.0], [-120.61078811017413, 38.22874515788879, 0.0], [-120.61040815065674, 38.22913436969978, 0.0], [-120.61015098095717, 38.22951177795402, 0.0], [-120.60995183703511, 38.229640036671995, 0.0], [-120.60961724064292, 38.22975123092705, 0.0], [-120.60901483759991, 38.23001073998023, 0.0], [-120.60848058704256, 38.2304039517131, 0.0], [-120.60827097056092, 38.230574909206155, 0.0], [-120.60801811816464, 38.230820082192906, 0.0], [-120.60781373167455, 38.230969687953255, 0.0], [-120.60766082404015, 38.23107027784651, 0.0], [-120.60755556484504, 38.2311003157752, 0.0], [-120.60732785898853, 38.231131433328805, 0.0], [-120.60717979237519, 38.23094602972642, 0.0], [-120.60719900823743, 38.230774768971095, 0.0], [-120.60718244689684, 38.23058847322288, 0.0], [-120.6071332731182, 38.23029065066908, 0.0], [-120.60726215890358, 38.23009301591657, 0.0], [-120.60708136486782, 38.2297996630903, 0.0], [-120.6069876660921, 38.22961537033017, 0.0], [-120.60681964520137, 38.22934730794148, 0.0], [-120.60674895317841, 38.22915275579087, 0.0], [-120.6067311036537, 38.22900577066483, 0.0], [-120.60675516233366, 38.228963348133405, 0.0], [-120.60755105170907, 38.22888660193807, 0.0], [-120.60823964900192, 38.228625281654054, 0.0], [-120.60867762082205, 38.228541232118964, 0.0], [-120.6091146934286, 38.22834630098324, 0.0], [-120.60941116621842, 38.22829154925765, 0.0], [-120.6096970541593, 38.228283069186325, 0.0]]]]}}, {"type": "Feature", "properties": {"Symb_class": "C", "Crop2016": "Olives", "County": "Calaveras", "Acres": 7.08530625, "SUBCLASS2": "6"}, "geometry": {"type": "MultiPolygon", "coordinates": [[[[-120.8894350315619, 38.13352404432987, 0.0], [-120.88942431825383, 38.133502990025356, 0.0], [-120.88913795959574, 38.13348890129565, 0.0], [-120.8891170450193, 38.13356005221453, 0.0], [-120.88900047962805, 38.13354603486153, 0.0], [-120.88899053887111, 38.13349817177765, 0.0], [-120.88901419600411, 38.13346283300501, 0.0], [-120.88901539794998, 38.13342113135171, 0.0], [-120.88898197343487, 38.133402648307616, 0.0], [-120.88893303142156, 38.13339878819277, 0.0], [-120.88888074857373, 38.13337996668512, 0.0], [-120.88886326556165, 38.1333319671198, 0.0], [-120.88898128981695, 38.13329534721258, 0.0], [-120.88898686565993, 38.133232860293504, 0.0], [-120.88885144373252, 38.13321850371242, 0.0], [-120.88884090200267, 38.13319149202144, 0.0], [-120.888853245753, 38.13315595101417, 0.0], [-120.88898909617677, 38.133155414002076, 0.0], [-120.88897916260636, 38.13297641775281, 0.0], [-120.88885865361098, 38.13296829118463, 0.0], [-120.8888656011814, 38.132858144688434, 0.0], [-120.88892302868089, 38.13282937484822, 0.0], [-120.8890364221209, 38.13282247209158, 0.0], [-120.88904653894761, 38.13273324565416, 0.0], [-120.88895603008947, 38.13273161765014, 0.0], [-120.88896589089636, 38.13265132888263, 0.0], [-120.88889423767603, 38.13265004004462, 0.0], [-120.88888583124161, 38.13281082382085, 0.0], [-120.88876900983047, 38.132805742672865, 0.0], [-120.88876198769988, 38.13265660294309, 0.0], [-120.88835101205066, 38.1326462328849, 0.0], [-120.88835807280881, 38.13200858029369, 0.0], [-120.88881087222106, 38.13200778112231, 0.0], [-120.89009992770428, 38.13205479231074, 0.0], [-120.8901345586568, 38.1319004398198, 0.0], [-120.89027434909143, 38.13189401110869, 0.0], [-120.89027023121417, 38.13203699008855, 0.0], [-120.89028051512754, 38.13207293793882, 0.0], [-120.89032936910596, 38.132079777171846, 0.0], [-120.89037085330577, 38.13208052122724, 0.0], [-120.89036117485689, 38.13176145785619, 0.0], [-120.8905127080689, 38.131740338035236, 0.0], [-120.8905079982019, 38.13151077114377, 0.0], [-120.89055111104732, 38.1314549213107, 0.0], [-120.8906681893766, 38.13145106391927, 0.0], [-120.89072261111316, 38.13152654693495, 0.0], [-120.89062514929472, 38.13215959808925, 0.0], [-120.89049776639078, 38.13304543383834, 0.0], [-120.89044728107183, 38.13309519230827, 0.0], [-120.89038642739786, 38.133111980308094, 0.0], [-120.89034468717817, 38.13312017116042, 0.0], [-120.89034665628527, 38.13318279172241, 0.0], [-120.89037622612949, 38.13320418528462, 0.0], [-120.89045499310853, 38.13322050196098, 0.0], [-120.8904242159286, 38.13350307622956, 0.0], [-120.89038993172578, 38.13351438098641, 0.0], [-120.89018636988914, 38.13350774326638, 0.0], [-120.89000886278899, 38.133513494920734, 0.0], [-120.88997354911685, 38.13356054400185, 0.0], [-120.88990849402228, 38.13359215899453, 0.0], [-120.88978626924475, 38.13364360725539, 0.0], [-120.88973672805514, 38.13366059933355, 0.0], [-120.88952262359032, 38.13362694797725, 0.0], [-120.8894350315619, 38.13352404432987, 0.0]]]]}}, {"type": "Feature", "properties": {"Symb_class": "G", "Crop2016": "Miscellaneous Grain and Hay", "County": "Calaveras", "Acres": 7.73880443, "SUBCLASS2": "6"}, "geometry": {"type": "MultiPolygon", "coordinates": [[[[-120.45977081320123, 38.11648771132931, 0.0], [-120.45933669066208, 38.116651215664625, 0.0], [-120.45936127305984, 38.11671776506471, 0.0], [-120.45886735775707, 38.116986222249714, 0.0], [-120.45881877686651, 38.11694832410966, 0.0], [-120.45878140515404, 38.11676757918963, 0.0], [-120.45863618979344, 38.116739571956025, 0.0], [-120.45827440678748, 38.1168742359913, 0.0], [-120.45818945041611, 38.116817435685775, 0.0], [-120.45803162181059, 38.116703791123356, 0.0], [-120.45790970515517, 38.116532887879835, 0.0], [-120.45771585231012, 38.11645746074323, 0.0], [-120.45767883273724, 38.11633383620242, 0.0], [-120.45744907063701, 38.116315668993174, 0.0], [-120.45727944984678, 38.11624966979155, 0.0], [-120.45706055197162, 38.116031531980404, 0.0], [-120.45697373069771, 38.11567008592166, 0.0], [-120.45687570024567, 38.11545148698122, 0.0], [-120.45697151724885, 38.11530831720146, 0.0], [-120.45738140683488, 38.11513539286592, 0.0], [-120.4575985547919, 38.115067923929686, 0.0], [-120.45776776505205, 38.11506728076904, 0.0], [-120.45803407510961, 38.115132910692076, 0.0], [-120.45837337058906, 38.11527442627192, 0.0], [-120.45838569098318, 38.11531246027322, 0.0], [-120.45832677677191, 38.11556021582034, 0.0], [-120.45802613310417, 38.1158088921456, 0.0], [-120.45800318743689, 38.11600890786214, 0.0], [-120.45804079001634, 38.116227734830616, 0.0], [-120.45812574638772, 38.11628453488809, 0.0], [-120.45836823761552, 38.11640737713234, 0.0], [-120.45848910414038, 38.11640691632677, 0.0], [-120.45856098104119, 38.11630191831045, 0.0], [-120.4584030949435, 38.11617875431335, 0.0], [-120.45839071615889, 38.11613119929746, 0.0], [-120.458401808556, 38.1159693087474, 0.0], [-120.45848536355552, 38.11579762281204, 0.0], [-120.45876206712093, 38.115587118832686, 0.0], [-120.45900291892333, 38.115443393800454, 0.0], [-120.45912319884829, 38.11534773079484, 0.0], [-120.45923168389358, 38.11529971513209, 0.0], [-120.45973995876618, 38.11540250028921, 0.0], [-120.45969301909764, 38.11563117006447, 0.0], [-120.45968409792853, 38.11614530692594, 0.0], [-120.45977081320123, 38.11648771132931, 0.0]]]]}}, {"type": "Feature", "properties": {"Symb_class": "P", "Crop2016": "Mixed Pasture", "County": "Calaveras", "Acres": 3.20550956, "SUBCLASS2": "3"}, "geometry": {"type": "MultiPolygon", "coordinates": [[[[-120.45073405609043, 38.12276582624306, 0.0], [-120.45079687258327, 38.12229754783532, 0.0], [-120.45109382866677, 38.12228041530539, 0.0], [-120.45121946614408, 38.12213193674443, 0.0], [-120.45141933859985, 38.12210338316759, 0.0], [-120.45143647216726, 38.12227470375447, 0.0], [-120.45152784340809, 38.12235465411931, 0.0], [-120.45173342914903, 38.122337522309486, 0.0], [-120.45179053505166, 38.12217762286818, 0.0], [-120.45182480128818, 38.12204056511789, 0.0], [-120.45185335423947, 38.12178929379193, 0.0], [-120.45218457566114, 38.121812137317924, 0.0], [-120.45246439817721, 38.121863533105206, 0.0], [-120.45269853686948, 38.12193206217872, 0.0], [-120.45285272729812, 38.12199488032176, 0.0], [-120.45310399776119, 38.122012010798606, 0.0], [-120.4530982871709, 38.122194754715565, 0.0], [-120.45308115629844, 38.12249742210728, 0.0], [-120.45296123120802, 38.12272584988332, 0.0], [-120.45112809400496, 38.12248029033096, 0.0], [-120.45110525074557, 38.12274869311631, 0.0], [-120.45073405609043, 38.12276582624306, 0.0]]]]}}, {"type": "Feature", "properties": {"Symb_class": "V", "Crop2016": "Grapes", "County": "Calaveras", "Acres": 3.88260655, "SUBCLASS2": "**"}, "geometry": {"type": "MultiPolygon", "coordinates": [[[[-120.52597125974914, 38.02845007467254, 0.0], [-120.52601170998805, 38.02850480313103, 0.0], [-120.52603550366499, 38.02857618718476, 0.0], [-120.52604511743516, 38.02865116509708, 0.0], [-120.52604740185095, 38.0286689861383, 0.0], [-120.52605691860306, 38.02872847165989, 0.0], [-120.5260664371518, 38.02878082023746, 0.0], [-120.52607125032509, 38.028889549910936, 0.0], [-120.52662885977477, 38.03092447934289, 0.0], [-120.5261460171062, 38.03093611272221, 0.0], [-120.52585586755764, 38.03088026031407, 0.0], [-120.52581898003713, 38.0307852161646, 0.0], [-120.5257087190225, 38.030557209331, 0.0], [-120.52570691161216, 38.03030016514967, 0.0], [-120.52570597466932, 38.03016688275747, 0.0], [-120.52570450233057, 38.02995744123774, 0.0], [-120.5256673471121, 38.02982431672313, 0.0], [-120.52564233082806, 38.02970066171532, 0.0], [-120.52556902560595, 38.02957721594737, 0.0], [-120.52550725834531, 38.02937755812117, 0.0], [-120.5255525370289, 38.02894894114228, 0.0], [-120.52553967225573, 38.028703091289806, 0.0], [-120.52560958094776, 38.02857856686431, 0.0], [-120.52563852107296, 38.02855498517773, 0.0], [-120.52567382576194, 38.02852621814217, 0.0], [-120.52571748298644, 38.028509319077926, 0.0], [-120.52576900496123, 38.028461973089975, 0.0], [-120.52594032626233, 38.02842866034677, 0.0], [-120.52597125974914, 38.02845007467254, 0.0]]]]}}, {"type": "Feature", "properties": {"Symb_class": "V", "Crop2016": "Grapes", "County": "Calaveras", "Acres": 5.47126041, "SUBCLASS2": "**"}, "geometry": {"type": "MultiPolygon", "coordinates": [[[[-120.55506646739805, 38.15112094424614, 0.0], [-120.55504315881137, 38.151124274314284, 0.0], [-120.554561068931, 38.1512355552991, 0.0], [-120.55402331135078, 38.151366425102935, 0.0], [-120.55373539591231, 38.151433050937406, 0.0], [-120.55350934744747, 38.15145922512867, 0.0], [-120.553333266872, 38.151478260256035, 0.0], [-120.55321191435861, 38.151511572070156, 0.0], [-120.55305410910925, 38.15161877714967, 0.0], [-120.55303615178673, 38.15162356594426, 0.0], [-120.55297190697257, 38.15163546269605, 0.0], [-120.55290052324682, 38.151628325069034, 0.0], [-120.5527767910962, 38.15159025418129, 0.0], [-120.55263164310925, 38.151537905177044, 0.0], [-120.5524983933082, 38.15146414179533, 0.0], [-120.55244410991224, 38.151437822790136, 0.0], [-120.55223554805272, 38.15107489123896, 0.0], [-120.55449251040682, 38.15029254374665, 0.0], [-120.55455303978898, 38.150301785249525, 0.0], [-120.55470988294265, 38.150253459848436, 0.0], [-120.55470974100884, 38.15023442016288, 0.0], [-120.5547093879709, 38.15018681880788, 0.0], [-120.55482485382429, 38.15011933069611, 0.0], [-120.55486223631651, 38.15012836311747, 0.0], [-120.55518448806005, 38.15081915000823, 0.0], [-120.55518380444212, 38.15083932688322, 0.0], [-120.55517972788738, 38.15095953818995, 0.0], [-120.5551821093212, 38.15101426471925, 0.0], [-120.55513927944509, 38.15107375178132, 0.0], [-120.55506646739805, 38.15112094424614, 0.0]]]]}}, {"type": "Feature", "properties": {"Symb_class": "V", "Crop2016": "Grapes", "County": "Calaveras", "Acres": 5.87318484, "SUBCLASS2": "**"}, "geometry": {"type": "MultiPolygon", "coordinates": [[[[-120.55749466122171, 38.15069876468958, 0.0], [-120.55747828942567, 38.15073586824093, 0.0], [-120.55738548986356, 38.150790596350866, 0.0], [-120.55696670426126, 38.150926226123715, 0.0], [-120.55676445037167, 38.15095001985277, 0.0], [-120.55660026798213, 38.15096191671442, 0.0], [-120.55655446108915, 38.15096911515895, 0.0], [-120.55643370415878, 38.15098809107475, 0.0], [-120.55633614711893, 38.15098571184471, 0.0], [-120.55626476339319, 38.15097143505005, 0.0], [-120.55622830975895, 38.150943267159064, 0.0], [-120.55621241496831, 38.15093098388117, 0.0], [-120.55618624075589, 38.15086673894133, 0.0], [-120.55617910184432, 38.15081201088852, 0.0], [-120.55617672310547, 38.15075966273852, 0.0], [-120.55613627196821, 38.150733489002654, 0.0], [-120.55606964841516, 38.15073110905787, 0.0], [-120.55606339434416, 38.15073793100085, 0.0], [-120.55604347330441, 38.15075966273852, 0.0], [-120.55604347330441, 38.15079773476624, 0.0], [-120.55610534027802, 38.150923846185215, 0.0], [-120.55609820136647, 38.150947641327924, 0.0], [-120.55588796864053, 38.150994068112766, 0.0], [-120.55585787597683, 38.15099285024099, 0.0], [-120.55583883977764, 38.150978574154166, 0.0], [-120.55580076827758, 38.1509476399151, 0.0], [-120.55574128183947, 38.15093336311294, 0.0], [-120.55551999175069, 38.15099285024099, 0.0], [-120.55549857591433, 38.1510118861965, 0.0], [-120.5555057148259, 38.1510713732605, 0.0], [-120.55551047410026, 38.15109278771566, 0.0], [-120.5554890582639, 38.15111182293866, 0.0], [-120.55544146911339, 38.1511189613226, 0.0], [-120.55540339761333, 38.15110468384759, 0.0], [-120.55534154860602, 38.15096503768877, 0.0], [-120.55533123684488, 38.15094175400177, 0.0], [-120.55496532877515, 38.150018323056656, 0.0], [-120.55649319239355, 38.149753150757995, 0.0], [-120.55657885214575, 38.149755530028244, 0.0], [-120.5566502358715, 38.14978170411504, 0.0], [-120.55672161959724, 38.14978170411504, 0.0], [-120.55713958683431, 38.149722309248574, 0.0], [-120.55749466122171, 38.15069876468958, 0.0]]]]}}, {"type": "Feature", "properties": {"Symb_class": "C", "Crop2016": "Olives", "County": "Calaveras", "Acres": 0.41330256, "SUBCLASS2": "6"}, "geometry": {"type": "MultiPolygon", "coordinates": [[[[-120.65287899081518, 38.19740976889965, 0.0], [-120.65262391958012, 38.19734743292446, 0.0], [-120.65263533357412, 38.19731078374015, 0.0], [-120.65238724404549, 38.19726047182729, 0.0], [-120.65239929225007, 38.1972213170968, 0.0], [-120.65230221041901, 38.19720418380696, 0.0], [-120.65231172806945, 38.19716611271741, 0.0], [-120.65226711234254, 38.19715846418678, 0.0], [-120.65228563740034, 38.19708836791434, 0.0], [-120.6525488500668, 38.1969626540447, 0.0], [-120.65264312825586, 38.196982107936265, 0.0], [-120.6526315283106, 38.19701763478388, 0.0], [-120.65279142663454, 38.19704809200159, 0.0], [-120.65277619839385, 38.197091873788494, 0.0], [-120.65292283668587, 38.19711715617708, 0.0], [-120.65287288586451, 38.197271674219, 0.0], [-120.65292260671714, 38.19728415583314, 0.0], [-120.6528894786461, 38.19737956598337, 0.0], [-120.65287899081518, 38.19740976889965, 0.0]]]]}}, {"type": "Feature", "properties": {"Symb_class": "P", "Crop2016": "Mixed Pasture", "County": "Calaveras", "Acres": 0.56547126, "SUBCLASS2": "3"}, "geometry": {"type": "MultiPolygon", "coordinates": [[[[-120.4545386890166, 38.34486700890974, 0.0], [-120.45479888963192, 38.344911003922206, 0.0], [-120.45510268099639, 38.345024107864226, 0.0], [-120.4553937683861, 38.34504205105818, 0.0], [-120.45544313620086, 38.34518467632436, 0.0], [-120.45532364589502, 38.34547074609226, 0.0], [-120.45522665479379, 38.345471111745674, 0.0], [-120.45512966369257, 38.34547147810364, 0.0], [-120.45510745913539, 38.3454991719416, 0.0], [-120.45508087798613, 38.34542405798257, 0.0], [-120.45492198936856, 38.34521520321537, 0.0], [-120.45472666957464, 38.34499696197607, 0.0], [-120.4545386890166, 38.34486700890974, 0.0]]]]}}, {"type": "Feature", "properties": {"Symb_class": "D", "Crop2016": "Walnuts", "County": "Calaveras", "Acres": 14.72242571, "SUBCLASS2": "13"}, "geometry": {"type": "MultiPolygon", "coordinates": [[[[-120.54155322197012, 38.396257641769864, 0.0], [-120.53858025292722, 38.396185243866086, 0.0], [-120.53843391107922, 38.39608116823222, 0.0], [-120.53677141425429, 38.396031440322474, 0.0], [-120.53687888420329, 38.39579294413845, 0.0], [-120.53695009635082, 38.39557364793774, 0.0], [-120.53696092194829, 38.395392706245936, 0.0], [-120.53700773225944, 38.39515447831052, 0.0], [-120.53700663182319, 38.395002149676266, 0.0], [-120.53694473700183, 38.39483105134402, 0.0], [-120.53693233036942, 38.39479302325741, 0.0], [-120.54137353555711, 38.394906494226795, 0.0], [-120.54160508081316, 38.395048269323354, 0.0], [-120.54167052218331, 38.39570490891748, 0.0], [-120.54155322197012, 38.396257641769864, 0.0]]]]}}, {"type": "Feature", "properties": {"Symb_class": "V", "Crop2016": "Grapes", "County": "Calaveras", "Acres": 0.48727662, "SUBCLASS2": "**"}, "geometry": {"type": "MultiPolygon", "coordinates": [[[[-120.43091303836677, 38.18382190921608, 0.0], [-120.43038759489247, 38.18354894581043, 0.0], [-120.43040317167947, 38.18351130395681, 0.0], [-120.43042791757064, 38.18345609977677, 0.0], [-120.43043172642743, 38.18340851093109, 0.0], [-120.43044780357607, 38.183389217230925, 0.0], [-120.43046979702918, 38.183362825016864, 0.0], [-120.4304742598595, 38.18336189507195, 0.0], [-120.43056116916827, 38.1833437897404, 0.0], [-120.43065253861248, 38.18332094711964, 0.0], [-120.43074962224019, 38.18331523611029, 0.0], [-120.43079530696225, 38.183269550137574, 0.0], [-120.43084670407124, 38.183235286168824, 0.0], [-120.43090525087158, 38.183225404867954, 0.0], [-120.43090761793232, 38.18322767218674, 0.0], [-120.43093236382349, 38.18328668317506, 0.0], [-120.43093807531206, 38.18342754689676, 0.0], [-120.430943785004, 38.18380254995768, 0.0], [-120.43092492577291, 38.18381442380627, 0.0], [-120.43091303836677, 38.18382190921608, 0.0]]]]}}, {"type": "Feature", "properties": {"Symb_class": "C", "Crop2016": "Olives", "County": "Calaveras", "Acres": 7.5201418, "SUBCLASS2": "6"}, "geometry": {"type": "MultiPolygon", "coordinates": [[[[-120.91587372418462, 38.10581258634192, 0.0], [-120.91577491219832, 38.10578579918858, 0.0], [-120.91567518213378, 38.10579118192562, 0.0], [-120.91568199585521, 38.10586998189885, 0.0], [-120.91568870627039, 38.10595235778262, 0.0], [-120.91570537900205, 38.106002722823575, 0.0], [-120.91564153663313, 38.106019471814406, 0.0], [-120.91553275873707, 38.10602469478444, 0.0], [-120.91543333589637, 38.106019353769206, 0.0], [-120.91536268160263, 38.105957300841624, 0.0], [-120.91542403204498, 38.10586898027969, 0.0], [-120.91536202044259, 38.10582138674243, 0.0], [-120.91534133134327, 38.10575306874593, 0.0], [-120.91524973642197, 38.10579078325672, 0.0], [-120.9148545333925, 38.105840988658855, 0.0], [-120.91486134262234, 38.10591979069893, 0.0], [-120.91472069699158, 38.10593159876898, 0.0], [-120.9145642922158, 38.105860871899914, 0.0], [-120.91449755278005, 38.10582034483161, 0.0], [-120.91448560788172, 38.10576291177212, 0.0], [-120.91456012582948, 38.10568913110153, 0.0], [-120.91452596739082, 38.10529870119647, 0.0], [-120.91458787658526, 38.105031573081526, 0.0], [-120.91555510971966, 38.10491999332113, 0.0], [-120.91636045206681, 38.104930707320996, 0.0], [-120.91643603631482, 38.10497854106661, 0.0], [-120.916553450614, 38.104987776291075, 0.0], [-120.91659365830782, 38.10500637185209, 0.0], [-120.91658201704007, 38.10493821284564, 0.0], [-120.91699490430419, 38.10490261991347, 0.0], [-120.9170245388271, 38.10497467379391, 0.0], [-120.9178731332586, 38.10489673523439, 0.0], [-120.91784404670801, 38.10576170021409, 0.0], [-120.91771636376677, 38.105795201129915, 0.0], [-120.9170671153783, 38.10586594502715, 0.0], [-120.91675796735981, 38.10591410684964, 0.0], [-120.91645837472097, 38.10594455689547, 0.0], [-120.91623558803894, 38.10597994503806, 0.0], [-120.91602718428294, 38.10598697473959, 0.0], [-120.91587225543913, 38.10602356593305, 0.0], [-120.9157957540112, 38.10600790409017, 0.0], [-120.91579295935237, 38.105947054932464, 0.0], [-120.91587611460159, 38.10588773324591, 0.0], [-120.91587372418462, 38.10581258634192, 0.0]]]]}}, {"type": "Feature", "properties": {"Symb_class": "V", "Crop2016": "Grapes", "County": "Calaveras", "Acres": 5.87091069, "SUBCLASS2": "**"}, "geometry": {"type": "MultiPolygon", "coordinates": [[[[-120.4987377835771, 38.09750520065062, 0.0], [-120.49873778267882, 38.096962683066295, 0.0], [-120.4991161189405, 38.096955545040856, 0.0], [-120.4991696558365, 38.09697339116352, 0.0], [-120.49920534769936, 38.09698052918721, 0.0], [-120.4992553155887, 38.09698052989417, 0.0], [-120.49929814636316, 38.09698052918721, 0.0], [-120.49934097713759, 38.096959115114046, 0.0], [-120.4993730990955, 38.09695197708826, 0.0], [-120.49944091471293, 38.09696625172527, 0.0], [-120.49950158962217, 38.09697339116352, 0.0], [-120.49955869821973, 38.096969821797934, 0.0], [-120.49967291182158, 38.0969519756744, 0.0], [-120.49990847883518, 38.096941268280936, 0.0], [-120.50106489716839, 38.09692342285734, 0.0], [-120.50110415803789, 38.09694483694096, 0.0], [-120.50111129605115, 38.09698409925923, 0.0], [-120.50111129605115, 38.09733387922239, 0.0], [-120.50080791521677, 38.09787639617191, 0.0], [-120.50078650117703, 38.097965627031336, 0.0], [-120.5007222536679, 38.097994180148085, 0.0], [-120.49950873033036, 38.098069132203264, 0.0], [-120.49910898002894, 38.098079840845365, 0.0], [-120.4989198127964, 38.09803701121623, 0.0], [-120.49884842907068, 38.09800488668033, 0.0], [-120.4988377220508, 38.097965627031336, 0.0], [-120.4988020292896, 38.097933503877904, 0.0], [-120.49877347633831, 38.0979156579897, 0.0], [-120.49876990643335, 38.09775147476516, 0.0], [-120.49876633832503, 38.09757658387142, 0.0], [-120.49874135258374, 38.09756230723283, 0.0], [-120.4987377835771, 38.09750520065062, 0.0]]]]}}, {"type": "Feature", "properties": {"Symb_class": "V", "Crop2016": "Grapes", "County": "Calaveras", "Acres": 1.22759448, "SUBCLASS2": "**"}, "geometry": {"type": "MultiPolygon", "coordinates": [[[[-120.4770766747918, 38.02341040071342, 0.0], [-120.47704990589465, 38.02334199227669, 0.0], [-120.47701421403177, 38.02327655735243, 0.0], [-120.47690118979936, 38.02323491595063, 0.0], [-120.47672272868839, 38.023154610195625, 0.0], [-120.47659780806667, 38.02313081517331, 0.0], [-120.4764699122247, 38.02309512297912, 0.0], [-120.47643422126015, 38.023068354352816, 0.0], [-120.47643422126015, 38.02302968783435, 0.0], [-120.47649073157974, 38.0229583040378, 0.0], [-120.47649370679994, 38.022877997271976, 0.0], [-120.47649073157974, 38.022806613327596, 0.0], [-120.47648478293593, 38.02272630710319, 0.0], [-120.47650560408759, 38.02267574387973, 0.0], [-120.47655021891616, 38.02258056382964, 0.0], [-120.47683872814103, 38.022672768156035, 0.0], [-120.47690118890105, 38.02270846126362, 0.0], [-120.47706775182607, 38.02284825426513, 0.0], [-120.47721944224327, 38.02304158500911, 0.0], [-120.47732354440828, 38.02311891730542, 0.0], [-120.47780241113342, 38.023288455194724, 0.0], [-120.47779348726938, 38.02332117230504, 0.0], [-120.47776671927056, 38.02337768435062, 0.0], [-120.47769236032458, 38.0234014778775, 0.0], [-120.47756743790623, 38.02340742714258, 0.0], [-120.47747820914739, 38.02339850430627, 0.0], [-120.47722241566686, 38.02346393912163, 0.0], [-120.4770826234356, 38.023416349977786, 0.0], [-120.4770766747918, 38.02341040071342, 0.0]]]]}}, {"type": "Feature", "properties": {"Symb_class": "V", "Crop2016": "Grapes", "County": "Calaveras", "Acres": 0.21068767, "SUBCLASS2": "**"}, "geometry": {"type": "MultiPolygon", "coordinates": [[[[-120.4762542446913, 38.02878845104079, 0.0], [-120.47623022913051, 38.02879939979868, 0.0], [-120.4762010186124, 38.02879270586429, 0.0], [-120.47617722493548, 38.02883434623022, 0.0], [-120.47614748081811, 38.028848622840776, 0.0], [-120.47613796406597, 38.02887003775142, 0.0], [-120.47613673786563, 38.028897583329105, 0.0], [-120.47613320479161, 38.02891524793013, 0.0], [-120.47585480790191, 38.02886647001531, 0.0], [-120.47582982305892, 38.028815310981, 0.0], [-120.47575011195049, 38.02871775286295, 0.0], [-120.47570490243717, 38.02869990706743, 0.0], [-120.47563678139255, 38.02865529822043, 0.0], [-120.47563443319638, 38.028647600888355, 0.0], [-120.47563232844368, 38.02863090281209, 0.0], [-120.47569419362068, 38.02863685165256, 0.0], [-120.4763295109357, 38.028755824822355, 0.0], [-120.47632475076301, 38.02877366989665, 0.0], [-120.47630452609268, 38.02877842924283, 0.0], [-120.4762542446913, 38.02878845104079, 0.0]]]]}}, {"type": "Feature", "properties": {"Symb_class": "C", "Crop2016": "Olives", "County": "Calaveras", "Acres": 7.61734355, "SUBCLASS2": "6"}, "geometry": {"type": "MultiPolygon", "coordinates": [[[[-120.90155273431446, 38.13222882834156, 0.0], [-120.90156462621222, 38.132523894210074, 0.0], [-120.90178360403745, 38.13263650300482, 0.0], [-120.90189355423495, 38.13273088702679, 0.0], [-120.90219577534431, 38.13272862308356, 0.0], [-120.90249929811249, 38.13234891203525, 0.0], [-120.90261926093218, 38.13237051428962, 0.0], [-120.90274614077954, 38.13257782409832, 0.0], [-120.90303386397851, 38.13264972066153, 0.0], [-120.90311615594673, 38.13272748687231, 0.0], [-120.90316912870074, 38.132985929249244, 0.0], [-120.90329488924728, 38.1330215537177, 0.0], [-120.90337274623292, 38.13367622415645, 0.0], [-120.90338552836108, 38.13386242094168, 0.0], [-120.90264882269156, 38.13386833932289, 0.0], [-120.90238332381267, 38.13386359599758, 0.0], [-120.90221587065722, 38.133808150720434, 0.0], [-120.90199233657685, 38.1338136953207, 0.0], [-120.90175714326244, 38.133804723765806, 0.0], [-120.90151618995041, 38.133786112219695, 0.0], [-120.90152309979156, 38.133123420085184, 0.0], [-120.90138459035452, 38.1331114079659, 0.0], [-120.9013803269502, 38.132262297332204, 0.0], [-120.90083504597948, 38.132177087255826, 0.0], [-120.89948156242572, 38.13222528966938, 0.0], [-120.89946752265617, 38.132063542206666, 0.0], [-120.89957574898665, 38.13201512911775, 0.0], [-120.89990088162732, 38.13190797225041, 0.0], [-120.90026216696658, 38.1317910209317, 0.0], [-120.90170049280567, 38.13176121619613, 0.0], [-120.90178706883947, 38.13192242024158, 0.0], [-120.90171649180088, 38.132084801841934, 0.0], [-120.9014996977801, 38.132153069769785, 0.0], [-120.90150246099792, 38.13222475900987, 0.0], [-120.90155273431446, 38.13222882834156, 0.0]]]]}}, {"type": "Feature", "properties": {"Symb_class": "V", "Crop2016": "Grapes", "County": "Calaveras", "Acres": 0.67312903, "SUBCLASS2": "**"}, "geometry": {"type": "MultiPolygon", "coordinates": [[[[-120.60811843482904, 38.10011885773572, 0.0], [-120.60727275632898, 38.10014693001629, 0.0], [-120.60723974144567, 38.09980197833409, 0.0], [-120.60807050521704, 38.09979778277761, 0.0], [-120.60811843482904, 38.10011885773572, 0.0]]]]}}, {"type": "Feature", "properties": {"Symb_class": "V", "Crop2016": "Grapes", "County": "Calaveras", "Acres": 0.58106989, "SUBCLASS2": "**"}, "geometry": {"type": "MultiPolygon", "coordinates": [[[[-120.53415004401695, 38.19982472831914, 0.0], [-120.5341386210398, 38.199777138872456, 0.0], [-120.53395016796792, 38.199779042818, 0.0], [-120.53393874588909, 38.19975619899776, 0.0], [-120.53391209736617, 38.19974858603664, 0.0], [-120.53391019383608, 38.19973335728825, 0.0], [-120.53389496469708, 38.19972764615378, 0.0], [-120.5338892541068, 38.199681959885766, 0.0], [-120.53370841425696, 38.1996762501592, 0.0], [-120.53370270456504, 38.19947827880825, 0.0], [-120.5337046080951, 38.199445918652785, 0.0], [-120.53420143932928, 38.199436400292875, 0.0], [-120.53420714902126, 38.19945353235152, 0.0], [-120.53430423175064, 38.19945353235152, 0.0], [-120.53432136441974, 38.19961533579177, 0.0], [-120.53433088207015, 38.199626756665936, 0.0], [-120.53444509567203, 38.199626756665936, 0.0], [-120.5344469992021, 38.19964008219351, 0.0], [-120.5344755530517, 38.19964579333484, 0.0], [-120.53449649098437, 38.199847570706005, 0.0], [-120.53449458835262, 38.199912292057356, 0.0], [-120.53434801384094, 38.19991800317733, 0.0], [-120.53428138938958, 38.1998456667622, 0.0], [-120.53426425672048, 38.199824729025096, 0.0], [-120.53415004401695, 38.19982472831914, 0.0]]]]}}, {"type": "Feature", "properties": {"Symb_class": "V", "Crop2016": "Grapes", "County": "Calaveras", "Acres": 11.29552109, "SUBCLASS2": "**"}, "geometry": {"type": "MultiPolygon", "coordinates": [[[[-120.43678471811795, 38.12804128826863, 0.0], [-120.43758210139168, 38.12798110687388, 0.0], [-120.43803895669741, 38.127954457873656, 0.0], [-120.43865965393115, 38.12791381586825, 0.0], [-120.43867855628139, 38.127912579238355, 0.0], [-120.43872434341142, 38.127912579238355, 0.0], [-120.43926866318478, 38.127912579945004, 0.0], [-120.4402509035743, 38.127912579238355, 0.0], [-120.44060496735702, 38.127924000750966, 0.0], [-120.44063051903697, 38.12792513633034, 0.0], [-120.44077628865811, 38.12793161485617, 0.0], [-120.44078751939583, 38.12792564582174, 0.0], [-120.44162147488137, 38.12748237422432, 0.0], [-120.44181563674688, 38.12739100081401, 0.0], [-120.44185084441783, 38.12739399771956, 0.0], [-120.4419119433319, 38.12739919796158, 0.0], [-120.44199457306668, 38.12740622984147, 0.0], [-120.44204025868704, 38.12744430133616, 0.0], [-120.44203870639825, 38.12744702688585, 0.0], [-120.44185371004357, 38.127771714947066, 0.0], [-120.44166335344163, 38.128091515121675, 0.0], [-120.44159482276523, 38.12832374973974, 0.0], [-120.44156436718212, 38.12845319295104, 0.0], [-120.44154152392278, 38.12865116435261, 0.0], [-120.44119888221891, 38.12878060698333, 0.0], [-120.44089431021847, 38.12889482208412, 0.0], [-120.440612583274, 38.12900522824323, 0.0], [-120.44040318957455, 38.129069950333346, 0.0], [-120.44021664003274, 38.12912705626643, 0.0], [-120.44007196905119, 38.12912705626643, 0.0], [-120.4399577536527, 38.12904329890404, 0.0], [-120.4398511550695, 38.1290128429423, 0.0], [-120.43974074673122, 38.12901665029153, 0.0], [-120.43968363993025, 38.12902426286947, 0.0], [-120.43967602580993, 38.12885294186841, 0.0], [-120.43967602580993, 38.12877680032843, 0.0], [-120.43982450474999, 38.12876157088031, 0.0], [-120.43977881912957, 38.128464615085726, 0.0], [-120.43939049090699, 38.12849126389976, 0.0], [-120.43938668384679, 38.12844177222787, 0.0], [-120.4391392204439, 38.12845700103612, 0.0], [-120.43918490606433, 38.12905472094633, 0.0], [-120.4391887140228, 38.12907756431902, 0.0], [-120.43908972776333, 38.12907756431902, 0.0], [-120.43906688540228, 38.129028070924754, 0.0], [-120.4390135838649, 38.12861689873748, 0.0], [-120.43880419196206, 38.12865116435261, 0.0], [-120.43859479916091, 38.12877680032843, 0.0], [-120.43817220829507, 38.128864363940544, 0.0], [-120.43804276465589, 38.12878441434468, 0.0], [-120.43806560791523, 38.12870065729578, 0.0], [-120.43798946491513, 38.128624514890305, 0.0], [-120.43788286363699, 38.128597864005016, 0.0], [-120.43782956479455, 38.12863593629152, 0.0], [-120.43782956479455, 38.12872730602365, 0.0], [-120.4379019007345, 38.12881867776128, 0.0], [-120.43795139341508, 38.128871978654246, 0.0], [-120.4379437783964, 38.1289290861555, 0.0], [-120.43758590755353, 38.12893289209581, 0.0], [-120.43750595839155, 38.128750150205384, 0.0], [-120.4374831151322, 38.128643550322465, 0.0], [-120.43748692309067, 38.128251415036914, 0.0], [-120.43725468613185, 38.12827044985973, 0.0], [-120.43723945789117, 38.12859024996931, 0.0], [-120.43734986622948, 38.12863974295378, 0.0], [-120.43741458804905, 38.12870826990667, 0.0], [-120.43745265775249, 38.12919939292808, 0.0], [-120.43682448114566, 38.12918035693422, 0.0], [-120.43680544584478, 38.128978578203586, 0.0], [-120.43677498666845, 38.12875776422441, 0.0], [-120.43677879462693, 38.128502685321784, 0.0], [-120.43674072312689, 38.12817146476978, 0.0], [-120.43672930194634, 38.12806486474844, 0.0], [-120.43677498756676, 38.12804202105884, 0.0], [-120.43678471811795, 38.12804128826863, 0.0]]]]}}, {"type": "Feature", "properties": {"Symb_class": "V", "Crop2016": "Grapes", "County": "Calaveras", "Acres": 2.57944396, "SUBCLASS2": "**"}, "geometry": {"type": "MultiPolygon", "coordinates": [[[[-120.922317369362, 38.16980350988974, 0.0], [-120.92231468968751, 38.169850347707374, 0.0], [-120.92229684285776, 38.16992530086527, 0.0], [-120.92226472000154, 38.169978838687136, 0.0], [-120.92218976816748, 38.1700288078504, 0.0], [-120.92209340139539, 38.17006806830282, 0.0], [-120.92204700071599, 38.17007520694988, 0.0], [-120.92210767832017, 38.1684726408387, 0.0], [-120.92217540320776, 38.168433940291905, 0.0], [-120.92234849059672, 38.16835250289532, 0.0], [-120.92254950211627, 38.16825792694869, 0.0], [-120.92272399177538, 38.1681851847751, 0.0], [-120.9228147009578, 38.168184489819595, 0.0], [-120.92279378009316, 38.169427116224284, 0.0], [-120.92257989930884, 38.169738181253706, 0.0], [-120.92245965711312, 38.169796227143145, 0.0], [-120.9223805694355, 38.16975874980119, 0.0], [-120.922317369362, 38.16980350988974, 0.0]]]]}}, {"type": "Feature", "properties": {"Symb_class": "P", "Crop2016": "Mixed Pasture", "County": "Calaveras", "Acres": 37.44177365, "SUBCLASS2": "3"}, "geometry": {"type": "MultiPolygon", "coordinates": [[[[-120.53947290792675, 38.04808678892036, 0.0], [-120.53899005896996, 38.04811275397458, 0.0], [-120.53874614660738, 38.04778063276057, 0.0], [-120.5385952035885, 38.04778130905466, 0.0], [-120.53859657621425, 38.047971711072364, 0.0], [-120.53823671021311, 38.048306537991536, 0.0], [-120.53790566036966, 38.048450825865, 0.0], [-120.53742349233585, 38.048571986711956, 0.0], [-120.5373027363038, 38.04857252576066, 0.0], [-120.53672777769103, 38.0483846847324, 0.0], [-120.53651628373044, 38.048361826741534, 0.0], [-120.53615094339595, 38.04793503705771, 0.0], [-120.53569760140131, 38.04786565476898, 0.0], [-120.5350320863197, 38.04767820879061, 0.0], [-120.53466948225356, 38.04763221929557, 0.0], [-120.53409402687247, 38.04737296491471, 0.0], [-120.53394291407197, 38.04734983495677, 0.0], [-120.53360285502455, 38.046232693716235, 0.0], [-120.53484056639942, 38.04622719623397, 0.0], [-120.53511208668563, 38.0462021862569, 0.0], [-120.53510578320729, 38.04532157395082, 0.0], [-120.53531522182253, 38.04505883074872, 0.0], [-120.53957132824759, 38.04499220619479, 0.0], [-120.53947290792675, 38.04808678892036, 0.0]]]]}}, {"type": "Feature", "properties": {"Symb_class": "P", "Crop2016": "Mixed Pasture", "County": "Calaveras", "Acres": 14.16244242, "SUBCLASS2": "3"}, "geometry": {"type": "MultiPolygon", "coordinates": [[[[-120.56142582994052, 38.10432968180318, 0.0], [-120.56158572826448, 38.10403272631464, 0.0], [-120.56174562838505, 38.103865211179, 0.0], [-120.56183699962585, 38.10365962592098, 0.0], [-120.56184461374622, 38.10349972587593, 0.0], [-120.56185222786654, 38.103316983952524, 0.0], [-120.56192075674632, 38.10331698324563, 0.0], [-120.56180654224615, 38.10296672791089, 0.0], [-120.56176847074609, 38.1027306838038, 0.0], [-120.56169994186634, 38.102403271720966, 0.0], [-120.56166948538495, 38.102174841877705, 0.0], [-120.5614715137643, 38.102129156671595, 0.0], [-120.5613953707642, 38.1017560571608, 0.0], [-120.56141059990318, 38.10152001409087, 0.0], [-120.56149435702366, 38.10139057191067, 0.0], [-120.56173801336638, 38.10137534381967, 0.0], [-120.56180654224615, 38.101230673261966, 0.0], [-120.5620425835702, 38.10120782966043, 0.0], [-120.5623090840706, 38.10133727287128, 0.0], [-120.56258319869133, 38.10144387303193, 0.0], [-120.5627735552933, 38.101580929143005, 0.0], [-120.56286492743243, 38.10148194533861, 0.0], [-120.56280401177469, 38.10135250097022, 0.0], [-120.56296391189527, 38.10126874426591, 0.0], [-120.56307051227508, 38.10107838692718, 0.0], [-120.56307051227508, 38.100903258698956, 0.0], [-120.56283447005272, 38.10100985878592, 0.0], [-120.56275071293226, 38.10114691571109, 0.0], [-120.5626060419507, 38.10098701582227, 0.0], [-120.56262126839476, 38.100865188211515, 0.0], [-120.56227101257055, 38.10043878891399, 0.0], [-120.56214918484835, 38.10014183104302, 0.0], [-120.56292584039521, 38.100225588332194, 0.0], [-120.5632532547567, 38.10016467427089, 0.0], [-120.56345884139601, 38.10027888818249, 0.0], [-120.56338269659925, 38.100651986753064, 0.0], [-120.56341315397897, 38.1010022439942, 0.0], [-120.56357305409955, 38.10108600171097, 0.0], [-120.56382432635922, 38.10107077426335, 0.0], [-120.56405275266462, 38.10123828590914, 0.0], [-120.56383193868295, 38.10135250097022, 0.0], [-120.56344361225699, 38.101535244272476, 0.0], [-120.56334462599753, 38.10167230091907, 0.0], [-120.56358828413688, 38.101809358015444, 0.0], [-120.56387762430336, 38.10183220001516, 0.0], [-120.56419742544281, 38.10157331582462, 0.0], [-120.56428879488699, 38.10208347073007, 0.0], [-120.56411366832236, 38.10216722932806, 0.0], [-120.56419742364618, 38.10227382898483, 0.0], [-120.56434970964641, 38.10226621503173, 0.0], [-120.56441062440582, 38.10244895675567, 0.0], [-120.56406036858161, 38.1026849989453, 0.0], [-120.56361873971994, 38.10241088565977, 0.0], [-120.56329132625679, 38.10233474270161, 0.0], [-120.5631771117566, 38.10242611494877, 0.0], [-120.56306289815475, 38.102563171338055, 0.0], [-120.56288776889518, 38.10275352692925, 0.0], [-120.56288776889518, 38.103065713945185, 0.0], [-120.5628649256358, 38.103316983952524, 0.0], [-120.56275071293226, 38.10343881171659, 0.0], [-120.56264411255243, 38.10353779781821, 0.0], [-120.56273548379326, 38.10366724114261, 0.0], [-120.5627126414322, 38.10406318279958, 0.0], [-120.56223294107049, 38.104215469275296, 0.0], [-120.56205019769055, 38.104215469275296, 0.0], [-120.56204258536683, 38.10435252513559, 0.0], [-120.56204258626515, 38.10453526800323, 0.0], [-120.56159334238482, 38.10448196701654, 0.0], [-120.56142582994052, 38.10432968180318, 0.0]]]]}}, {"type": "Feature", "properties": {"Symb_class": "V", "Crop2016": "Grapes", "County": "Calaveras", "Acres": 4.69747192, "SUBCLASS2": "**"}, "geometry": {"type": "MultiPolygon", "coordinates": [[[[-120.78337519230227, 38.25397814591891, 0.0], [-120.78326573797479, 38.253916280244084, 0.0], [-120.78334663755435, 38.253802066335055, 0.0], [-120.78337995157663, 38.25373544029622, 0.0], [-120.7834323000015, 38.25365929799094, 0.0], [-120.78357030817861, 38.253540326272876, 0.0], [-120.78373687020532, 38.253492735979194, 0.0], [-120.78386536073198, 38.253468941878765, 0.0], [-120.78397005758173, 38.25346418235233, 0.0], [-120.78427938705991, 38.25351653077721, 0.0], [-120.7843602893344, 38.25351653077721, 0.0], [-120.78455064503807, 38.25348321692912, 0.0], [-120.78477907493671, 38.25351653077721, 0.0], [-120.78508840441492, 38.253578396792406, 0.0], [-120.78523593114075, 38.25360219226782, 0.0], [-120.78539297461872, 38.25363074513501, 0.0], [-120.78556905519417, 38.25365929799094, 0.0], [-120.78573085794653, 38.25373544100166, 0.0], [-120.7853501447426, 38.25412567170921, 0.0], [-120.78490756456505, 38.25391152074695, 0.0], [-120.78488853106083, 38.25396386884958, 0.0], [-120.78491232383942, 38.25400670004926, 0.0], [-120.78528827956563, 38.2541922980957, 0.0], [-120.78422228115731, 38.25471577892954, 0.0], [-120.78328001400128, 38.25426844125333, 0.0], [-120.7832276646781, 38.25422561020792, 0.0], [-120.78327049635085, 38.25414470822899, 0.0], [-120.78332760315179, 38.25403525275752, 0.0], [-120.78337519230227, 38.25397814591891, 0.0]]]]}}, {"type": "Feature", "properties": {"Symb_class": "V", "Crop2016": "Grapes", "County": "Calaveras", "Acres": 2.94866721, "SUBCLASS2": "**"}, "geometry": {"type": "MultiPolygon", "coordinates": [[[[-120.5337497637095, 38.052766529925705, 0.0], [-120.53382590670962, 38.052718940720254, 0.0], [-120.53430655838723, 38.05275701293589, 0.0], [-120.53470154941425, 38.052828395987966, 0.0], [-120.53478720916648, 38.052833155185716, 0.0], [-120.53475865621522, 38.05393246569689, 0.0], [-120.53472058291852, 38.05427035014017, 0.0], [-120.53466823718858, 38.05427034872544, 0.0], [-120.53460637111328, 38.054265590328505, 0.0], [-120.53454926341405, 38.05424179621695, 0.0], [-120.5345064326396, 38.05423227800427, 0.0], [-120.53444932494037, 38.05419896566492, 0.0], [-120.53390680808577, 38.05355175229994, 0.0], [-120.53376403973597, 38.05339470722569, 0.0], [-120.53363079083326, 38.053261457667254, 0.0], [-120.53354989035542, 38.05321386878358, 0.0], [-120.5335356134306, 38.05309965491213, 0.0], [-120.53356416458526, 38.05306158287471, 0.0], [-120.53365934468289, 38.05304254684855, 0.0], [-120.53378307683347, 38.05298544086251, 0.0], [-120.53381162978481, 38.052947368765636, 0.0], [-120.53381638905917, 38.0528807443169, 0.0], [-120.53375452298387, 38.052828395987966, 0.0], [-120.53371645058549, 38.052795083717065, 0.0], [-120.5337497637095, 38.052766529925705, 0.0]]]]}}, {"type": "Feature", "properties": {"Symb_class": "V", "Crop2016": "Grapes", "County": "Calaveras", "Acres": 5.49499923, "SUBCLASS2": "**"}, "geometry": {"type": "MultiPolygon", "coordinates": [[[[-120.50211834341725, 38.10247218593214, 0.0], [-120.50232892738448, 38.10191896180052, 0.0], [-120.50239674030695, 38.10190825513485, 0.0], [-120.50252166272531, 38.1019153926765, 0.0], [-120.50261089058584, 38.10192610004805, 0.0], [-120.50264301523873, 38.1019296698784, 0.0], [-120.50266086027185, 38.101876132300866, 0.0], [-120.50271082995785, 38.10186185367469, 0.0], [-120.50283575057955, 38.101562042880886, 0.0], [-120.50288215036063, 38.10153705818017, 0.0], [-120.50292855014168, 38.101512074177826, 0.0], [-120.50296424110623, 38.10147638202421, 0.0], [-120.50307845560638, 38.10148352102182, 0.0], [-120.50318910109996, 38.101522782315385, 0.0], [-120.50324263889426, 38.101529919894645, 0.0], [-120.50334971538116, 38.101501366038754, 0.0], [-120.5039136471738, 38.10157275030421, 0.0], [-120.5040064458376, 38.101590596006204, 0.0], [-120.50405284561869, 38.10163342567323, 0.0], [-120.50407069244841, 38.1016584110479, 0.0], [-120.50406355263854, 38.101729795159926, 0.0], [-120.50407069244841, 38.10182973223407, 0.0], [-120.50407069065177, 38.10196536181065, 0.0], [-120.50407069065177, 38.10202603685371, 0.0], [-120.50407069244841, 38.10209742131343, 0.0], [-120.50402786167399, 38.102140250683426, 0.0], [-120.50397075397474, 38.102200927701915, 0.0], [-120.50390650826225, 38.1022187746643, 0.0], [-120.50362454326425, 38.10286836592458, 0.0], [-120.50358528239475, 38.10292190489577, 0.0], [-120.503542450722, 38.10293975097515, 0.0], [-120.5034889129277, 38.10304325687728, 0.0], [-120.5034353751334, 38.10315033311033, 0.0], [-120.5034103902904, 38.10315747123755, 0.0], [-120.5021219133222, 38.10282553627454, 0.0], [-120.50207551264285, 38.102818398114884, 0.0], [-120.50207194363621, 38.10277199935338, 0.0], [-120.50216474229998, 38.102547139756226, 0.0], [-120.5021254814305, 38.10250074011555, 0.0], [-120.50211834341725, 38.10247218593214, 0.0]]]]}}, {"type": "Feature", "properties": {"Symb_class": "P", "Crop2016": "Mixed Pasture", "County": "Calaveras", "Acres": 10.43882977, "SUBCLASS2": "3"}, "geometry": {"type": "MultiPolygon", "coordinates": [[[[-120.55807981391632, 38.051695497928854, 0.0], [-120.55881078474111, 38.05188966081395, 0.0], [-120.55948464786668, 38.05187824085518, 0.0], [-120.5601263306438, 38.051696430966814, 0.0], [-120.56068810019156, 38.0524609189173, 0.0], [-120.56068389697434, 38.05262063279458, 0.0], [-120.56067617595446, 38.05281365011253, 0.0], [-120.56076108112184, 38.05298897629941, 0.0], [-120.56082389042822, 38.05331237892689, 0.0], [-120.56083946811354, 38.05377880829215, 0.0], [-120.56070891236006, 38.05408407072854, 0.0], [-120.56062197340685, 38.054177249752016, 0.0], [-120.5605542027052, 38.05438944719089, 0.0], [-120.56049510523759, 38.05456108994195, 0.0], [-120.56035611071032, 38.054683059084034, 0.0], [-120.5601014050896, 38.055099078927924, 0.0], [-120.559713076867, 38.05522471477657, 0.0], [-120.55948464786668, 38.05509907822056, 0.0], [-120.55966739034827, 38.054767857333, 0.0], [-120.55979302602897, 38.05452800835015, 0.0], [-120.55994150586733, 38.05427673616732, 0.0], [-120.56002145592761, 38.05411683703869, 0.0], [-120.55998719058942, 38.053831301658015, 0.0], [-120.55987297608927, 38.053637136849666, 0.0], [-120.5596217056262, 38.05334018128164, 0.0], [-120.55937043606143, 38.05310033115714, 0.0], [-120.55901637138042, 38.05275768989145, 0.0], [-120.55868514906044, 38.0525064179975, 0.0], [-120.5582739793751, 38.05228941130187, 0.0], [-120.5578856511525, 38.052083826013536, 0.0], [-120.55779338339305, 38.05198670209641, 0.0], [-120.55779478386657, 38.05198408266825, 0.0], [-120.5578782508312, 38.051840889004104, 0.0], [-120.55788956331558, 38.051704778083455, 0.0], [-120.55807981391632, 38.051695497928854, 0.0]]]]}}, {"type": "Feature", "properties": {"Symb_class": "YP", "Crop2016": "Young Perennials", "County": "Calaveras", "Acres": 1.73068174, "SUBCLASS2": "**"}, "geometry": {"type": "MultiPolygon", "coordinates": [[[[-120.92375270021793, 38.16871998569865, 0.0], [-120.92368706391338, 38.16879189608264, 0.0], [-120.92364496796084, 38.16881126003539, 0.0], [-120.92346354779934, 38.168812651347025, 0.0], [-120.92334841342429, 38.168794492256595, 0.0], [-120.92320286478872, 38.16876228514374, 0.0], [-120.92307041179332, 38.16881090408564, 0.0], [-120.92302279838833, 38.168873155013635, 0.0], [-120.92292181876725, 38.16902150104259, 0.0], [-120.92291771436471, 38.16917862611413, 0.0], [-120.92287602894227, 38.16923130922111, 0.0], [-120.92282160271414, 38.169231725905945, 0.0], [-120.92287593911072, 38.16824590578286, 0.0], [-120.92290499781353, 38.16815047583451, 0.0], [-120.92372477698565, 38.16792997179821, 0.0], [-120.92376112012708, 38.16793445371196, 0.0], [-120.92375642822634, 38.168043978715126, 0.0], [-120.92374633565416, 38.16820590984327, 0.0], [-120.92374810443692, 38.16834871031125, 0.0], [-120.92374963606447, 38.16847246780673, 0.0], [-120.92375110930155, 38.16859146707469, 0.0], [-120.92375270021793, 38.16871998569865, 0.0]]]]}}, {"type": "Feature", "properties": {"Symb_class": "V", "Crop2016": "Grapes", "County": "Calaveras", "Acres": 4.94062362, "SUBCLASS2": "**"}, "geometry": {"type": "MultiPolygon", "coordinates": [[[[-120.47822734211059, 38.027653874040745, 0.0], [-120.47849146207548, 38.02644034798764, 0.0], [-120.47856998471276, 38.026343979059774, 0.0], [-120.47861638359551, 38.02633327123604, 0.0], [-120.4786663523832, 38.026322564825975, 0.0], [-120.47871989107581, 38.02631185629153, 0.0], [-120.47878056688336, 38.026265457105616, 0.0], [-120.47881982775287, 38.02623333501058, 0.0], [-120.47891976532821, 38.02622262717068, 0.0], [-120.47901970290357, 38.0264831770877, 0.0], [-120.47915533234179, 38.02680797476002, 0.0], [-120.47931594572471, 38.027029265201435, 0.0], [-120.47944800525798, 38.02709708004009, 0.0], [-120.47958006568958, 38.02713277099245, 0.0], [-120.47998695310596, 38.02713634022825, 0.0], [-120.48004762891351, 38.02712563322797, 0.0], [-120.48006547484495, 38.0270435407485, 0.0], [-120.4800975977012, 38.027022126011595, 0.0], [-120.48022965903111, 38.02703997221581, 0.0], [-120.48046165613975, 38.027186308803586, 0.0], [-120.4805758697416, 38.0273183689007, 0.0], [-120.48061156340113, 38.02739332121086, 0.0], [-120.48061869961772, 38.02757535066007, 0.0], [-120.48053660977044, 38.027721688301305, 0.0], [-120.4805437477837, 38.02776808727254, 0.0], [-120.4804902099894, 38.02780021010993, 0.0], [-120.47995126214141, 38.02779307099521, 0.0], [-120.47832371067932, 38.027703840847884, 0.0], [-120.47824875704866, 38.02768956472186, 0.0], [-120.47822734211059, 38.027653874040745, 0.0]]]]}}, {"type": "Feature", "properties": {"Symb_class": "P", "Crop2016": "Mixed Pasture", "County": "Calaveras", "Acres": 2.15174477, "SUBCLASS2": "3"}, "geometry": {"type": "MultiPolygon", "coordinates": [[[[-120.51438685803467, 38.4021635632477, 0.0], [-120.51389384464042, 38.40193002222831, 0.0], [-120.51378252630874, 38.4016234501841, 0.0], [-120.51360825314363, 38.401424253689015, 0.0], [-120.51354337232222, 38.40125315577143, 0.0], [-120.5140225938819, 38.40080840207391, 0.0], [-120.51469042212535, 38.4013196808357, 0.0], [-120.51469101411516, 38.40140536493246, 0.0], [-120.51459254798021, 38.40164142369948, 0.0], [-120.5145569881697, 38.40176296568731, 0.0], [-120.51450323028814, 38.40188458490923, 0.0], [-120.51438685803467, 38.4021635632477, 0.0]]]]}}, {"type": "Feature", "properties": {"Symb_class": "P", "Crop2016": "Mixed Pasture", "County": "Calaveras", "Acres": 4.61939634, "SUBCLASS2": "3"}, "geometry": {"type": "MultiPolygon", "coordinates": [[[[-120.51047028604091, 38.42604668464909, 0.0], [-120.50958800927786, 38.426593095254454, 0.0], [-120.50938239838408, 38.42669869066995, 0.0], [-120.50917665543793, 38.42678524476239, 0.0], [-120.50900732300686, 38.42687164533536, 0.0], [-120.50876412570327, 38.426806024175406, 0.0], [-120.50870239886682, 38.426653950148854, 0.0], [-120.50870122656538, 38.42648258120517, 0.0], [-120.50867584556534, 38.42632083419381, 0.0], [-120.50867369679516, 38.426006655333595, 0.0], [-120.50858782683717, 38.42587372519304, 0.0], [-120.5090821814161, 38.42539560170049, 0.0], [-120.50962592357276, 38.42504104130753, 0.0], [-120.50984660370544, 38.425363817942234, 0.0], [-120.51047028604091, 38.42604668464909, 0.0]]]]}}, {"type": "Feature", "properties": {"Symb_class": "V", "Crop2016": "Grapes", "County": "Calaveras", "Acres": 0.52224644, "SUBCLASS2": "**"}, "geometry": {"type": "MultiPolygon", "coordinates": [[[[-120.48001193884728, 38.02546952710862, 0.0], [-120.48004525017463, 38.025450491692744, 0.0], [-120.48040216970165, 38.02552663403412, 0.0], [-120.4803926520512, 38.02560277700392, 0.0], [-120.4803022321263, 38.02572175014746, 0.0], [-120.48022133075013, 38.025755062706224, 0.0], [-120.48010235787389, 38.02580741128553, 0.0], [-120.47983109899744, 38.02585024075559, 0.0], [-120.47965501932026, 38.02589783114917, 0.0], [-120.47957887632016, 38.025907348092005, 0.0], [-120.47952177041755, 38.025907348092005, 0.0], [-120.4794932147713, 38.025864517947674, 0.0], [-120.4795455640945, 38.02580741128553, 0.0], [-120.47959791162104, 38.0257598222485, 0.0], [-120.47967405462114, 38.02570747292755, 0.0], [-120.47973592069644, 38.02565036685064, 0.0], [-120.47979302659907, 38.02558374091507, 0.0], [-120.47984537592224, 38.0255456708454, 0.0], [-120.47995958862579, 38.02554091128927, 0.0], [-120.48001193884728, 38.02546952710862, 0.0]]]]}}, {"type": "Feature", "properties": {"Symb_class": "V", "Crop2016": "Grapes", "County": "Calaveras", "Acres": 2.77690575, "SUBCLASS2": "**"}, "geometry": {"type": "MultiPolygon", "coordinates": [[[[-120.65747033502953, 38.19579237176349, 0.0], [-120.6574703341312, 38.19570671065274, 0.0], [-120.65759026011995, 38.19568957912448, 0.0], [-120.65780155465457, 38.19570671206475, 0.0], [-120.65804711722234, 38.19570671065274, 0.0], [-120.65827554442603, 38.19571813284598, 0.0], [-120.65847541778014, 38.19571242210259, 0.0], [-120.65857249961118, 38.19571813214003, 0.0], [-120.65862389761848, 38.19585518984732, 0.0], [-120.65862960731043, 38.196020800193466, 0.0], [-120.65868671411137, 38.19631775699904, 0.0], [-120.65870955826904, 38.19648907768214, 0.0], [-120.65873811122033, 38.196666110043196, 0.0], [-120.65750459767277, 38.196768902715675, 0.0], [-120.6574703341312, 38.19627207070945, 0.0], [-120.65745320236043, 38.19609504021437, 0.0], [-120.65759025922166, 38.19605506379612, 0.0], [-120.6576587881014, 38.195986535868755, 0.0], [-120.65764736692088, 38.19585518984732, 0.0], [-120.65761881307127, 38.19579237176349, 0.0], [-120.65747033502953, 38.19579237176349, 0.0]]]]}}, {"type": "Feature", "properties": {"Symb_class": "D", "Crop2016": "Walnuts", "County": "Calaveras", "Acres": 16.93341611, "SUBCLASS2": "13"}, "geometry": {"type": "MultiPolygon", "coordinates": [[[[-120.88626132588395, 38.07638837004073, 0.0], [-120.88557191831072, 38.076604851993345, 0.0], [-120.88544003305059, 38.076668636176564, 0.0], [-120.88535177626888, 38.07664181924787, 0.0], [-120.88521221131138, 38.076617849262675, 0.0], [-120.88505445726602, 38.07659712717341, 0.0], [-120.8849056441527, 38.07658014232524, 0.0], [-120.88482537968206, 38.076539355762165, 0.0], [-120.88482188882885, 38.07650352978465, 0.0], [-120.88487245589451, 38.076475830280636, 0.0], [-120.88489619836749, 38.07643691688294, 0.0], [-120.88491130892886, 38.076383543074805, 0.0], [-120.88495755689463, 38.076348612973106, 0.0], [-120.8849640364428, 38.07628077798342, 0.0], [-120.88496209877673, 38.07603397471239, 0.0], [-120.88509950777751, 38.07597564986643, 0.0], [-120.88508317101576, 38.07591455719397, 0.0], [-120.88495203405226, 38.075912196024426, 0.0], [-120.88493538827007, 38.0758618272176, 0.0], [-120.88494351532842, 38.07573680171548, 0.0], [-120.8850937702378, 38.07570374313295, 0.0], [-120.88525306758882, 38.07567084718018, 0.0], [-120.88523303156474, 38.07558107712662, 0.0], [-120.88530744171464, 38.07551088872834, 0.0], [-120.88551134041953, 38.07550025385947, 0.0], [-120.88570804721225, 38.07542511389545, 0.0], [-120.8857030193416, 38.075285545010075, 0.0], [-120.88581411758605, 38.07519813496914, 0.0], [-120.88579028887483, 38.0749259028808, 0.0], [-120.88582051628583, 38.07466179505742, 0.0], [-120.88601362622411, 38.07455440270838, 0.0], [-120.88626798779006, 38.07436228001614, 0.0], [-120.88625300928102, 38.073782638253526, 0.0], [-120.8863508483919, 38.073684261035055, 0.0], [-120.8864068664347, 38.07346710993853, 0.0], [-120.88643215041668, 38.073374579204405, 0.0], [-120.88659822825146, 38.07326312295603, 0.0], [-120.88660922632549, 38.07319536996548, 0.0], [-120.88697323805164, 38.072965877176166, 0.0], [-120.88739273691628, 38.07285182496064, 0.0], [-120.8879471681265, 38.0727652323389, 0.0], [-120.88811467877414, 38.07276109109764, 0.0], [-120.8882889708039, 38.072835750795726, 0.0], [-120.88840242622764, 38.07282348478412, 0.0], [-120.88841876568434, 38.07288457720981, 0.0], [-120.88838711085036, 38.07304136901198, 0.0], [-120.88835350307896, 38.07326607470162, 0.0], [-120.88829091296155, 38.07355463731724, 0.0], [-120.88822133934109, 38.07361418396378, 0.0], [-120.8881695415835, 38.0736847808052, 0.0], [-120.88815689959252, 38.073809725662, 0.0], [-120.88822421215336, 38.07382881780965, 0.0], [-120.88823582467504, 38.073896976835115, 0.0], [-120.88811372655996, 38.07436686385121, 0.0], [-120.88801301284019, 38.07440796984935, 0.0], [-120.88798433771802, 38.074461099713716, 0.0], [-120.88803757188175, 38.07449781983783, 0.0], [-120.88802606086968, 38.07458344583994, 0.0], [-120.88805298337876, 38.074748442713755, 0.0], [-120.8879359248124, 38.074885816896526, 0.0], [-120.88798134992139, 38.07487948075476, 0.0], [-120.88809614293656, 38.074978105992294, 0.0], [-120.88808987000095, 38.075196152104716, 0.0], [-120.88807455462369, 38.075256674703134, 0.0], [-120.88804074293469, 38.07533117132977, 0.0], [-120.8879083725843, 38.07537170823417, 0.0], [-120.88774013699624, 38.075400869843016, 0.0], [-120.88758618462116, 38.07540525490283, 0.0], [-120.8873854731389, 38.07546244310152, 0.0], [-120.88735042536808, 38.07557983324639, 0.0], [-120.88724799227288, 38.07568051534879, 0.0], [-120.88711521318905, 38.07568289491179, 0.0], [-120.88697324613649, 38.07579478519855, 0.0], [-120.88675824515302, 38.075929203656436, 0.0], [-120.88667533604219, 38.07608507176207, 0.0], [-120.88658023140306, 38.076245490016966, 0.0], [-120.88626132588395, 38.07638837004073, 0.0]]]]}}, {"type": "Feature", "properties": {"Symb_class": "V", "Crop2016": "Grapes", "County": "Calaveras", "Acres": 1.70037626, "SUBCLASS2": "**"}, "geometry": {"type": "MultiPolygon", "coordinates": [[[[-120.69546702967716, 38.04776857831173, 0.0], [-120.69475955878019, 38.047658422204776, 0.0], [-120.69471574794379, 38.04749206469881, 0.0], [-120.69483181027849, 38.04698680698961, 0.0], [-120.69507127777705, 38.046766449811436, 0.0], [-120.69557310813578, 38.0468397126867, 0.0], [-120.69564715356971, 38.047010653686854, 0.0], [-120.69546702967716, 38.04776857831173, 0.0]]]]}}, {"type": "Feature", "properties": {"Symb_class": "P", "Crop2016": "Mixed Pasture", "County": "Calaveras", "Acres": 5.2223392, "SUBCLASS2": "3"}, "geometry": {"type": "MultiPolygon", "coordinates": [[[[-120.57634144883323, 38.10689956279498, 0.0], [-120.5763262196942, 38.1065949929404, 0.0], [-120.57635667617559, 38.10632087877355, 0.0], [-120.57679830503727, 38.10619905016044, 0.0], [-120.57725516124131, 38.106275193332486, 0.0], [-120.57748358934333, 38.10629042181605, 0.0], [-120.57762064710286, 38.10621427865983, 0.0], [-120.57801658944581, 38.10624473564907, 0.0], [-120.57803181588986, 38.106138136131115, 0.0], [-120.57833638878863, 38.105985850835616, 0.0], [-120.57868664371455, 38.106016307920086, 0.0], [-120.57880847323338, 38.10592493733539, 0.0], [-120.57879324409436, 38.10574219370254, 0.0], [-120.57906735781678, 38.10557467965899, 0.0], [-120.57947852929875, 38.105605136208055, 0.0], [-120.57967650091938, 38.10569651002017, 0.0], [-120.5799201572621, 38.106016307920086, 0.0], [-120.58014858626241, 38.106122908322675, 0.0], [-120.57978310129918, 38.10621427865983, 0.0], [-120.57940238719695, 38.10624473564907, 0.0], [-120.57908258695578, 38.10612290690899, 0.0], [-120.5788693879928, 38.10612290690899, 0.0], [-120.57854958775164, 38.10624473564907, 0.0], [-120.5783211596496, 38.10632087877355, 0.0], [-120.5782145601681, 38.10662544906412, 0.0], [-120.57815364630702, 38.10686910678559, 0.0], [-120.57789475992695, 38.106930020912245, 0.0], [-120.57765110268592, 38.10705184972007, 0.0], [-120.57722470475993, 38.10688433585216, 0.0], [-120.57702673313928, 38.106945249259304, 0.0], [-120.57692013186113, 38.107067078041695, 0.0], [-120.57684398886103, 38.10717367832474, 0.0], [-120.57656987603691, 38.10711276298754, 0.0], [-120.57634144883323, 38.10689956279498, 0.0]]]]}}, {"type": "Feature", "properties": {"Symb_class": "V", "Crop2016": "Grapes", "County": "Calaveras", "Acres": 1.33425544, "SUBCLASS2": "**"}, "geometry": {"type": "MultiPolygon", "coordinates": [[[[-120.48807971380384, 38.158175053091774, 0.0], [-120.48809024116066, 38.15815891293323, 0.0], [-120.48810007232312, 38.158164274856745, 0.0], [-120.48819917716021, 38.15821833200874, 0.0], [-120.48820314501882, 38.158223522284366, 0.0], [-120.48824728463863, 38.15824457228099, 0.0], [-120.48864227476739, 38.158482517839005, 0.0], [-120.48867029771266, 38.15849755390175, 0.0], [-120.48873983270553, 38.158534866802974, 0.0], [-120.48876124944022, 38.15859673306977, 0.0], [-120.48882549515272, 38.158665736929414, 0.0], [-120.48887308340488, 38.15873474213642, 0.0], [-120.48892543182977, 38.15878233084897, 0.0], [-120.48897302098025, 38.15882754126261, 0.0], [-120.48901347211749, 38.15885847427841, 0.0], [-120.48905173855196, 38.158885807037095, 0.0], [-120.48906544324994, 38.158916193316834, 0.0], [-120.48906789565068, 38.15894317217503, 0.0], [-120.48905154271924, 38.158944134923445, 0.0], [-120.48900395356875, 38.158958410863754, 0.0], [-120.48887222371717, 38.159128384115256, 0.0], [-120.48884847944758, 38.15913765133954, 0.0], [-120.48882370840361, 38.15912431275205, 0.0], [-120.48879455986928, 38.159117834170054, 0.0], [-120.48852054136827, 38.15897833332195, 0.0], [-120.48840195027606, 38.15891795988671, 0.0], [-120.48831866926267, 38.158872750235496, 0.0], [-120.4882829773998, 38.15886561331684, 0.0], [-120.48794097260146, 38.158679065005614, 0.0], [-120.48792129859842, 38.158625285789995, 0.0], [-120.48789631375544, 38.158437902664566, 0.0], [-120.48790464293475, 38.15840875512398, 0.0], [-120.48806147530864, 38.15818470822479, 0.0], [-120.48807971380384, 38.158175053091774, 0.0]]]]}}, {"type": "Feature", "properties": {"Symb_class": "D", "Crop2016": "Plums, Prunes and Apricots", "County": "Calaveras", "Acres": 12.50289316, "SUBCLASS2": "16"}, "geometry": {"type": "MultiPolygon", "coordinates": [[[[-120.93229620318603, 38.09986558887943, 0.0], [-120.93204156673558, 38.09953327277701, 0.0], [-120.93147292507591, 38.09870069126852, 0.0], [-120.93146698272031, 38.09864396166205, 0.0], [-120.93217753663531, 38.09818856302338, 0.0], [-120.93226683995432, 38.09809774607595, 0.0], [-120.93234416244242, 38.09803055972941, 0.0], [-120.93242542134809, 38.09795748172071, 0.0], [-120.932452899016, 38.097919220946665, 0.0], [-120.93290231088126, 38.097897327845885, 0.0], [-120.93329476237102, 38.097889331691235, 0.0], [-120.93379912957212, 38.09779091409128, 0.0], [-120.9341982016455, 38.09768170070657, 0.0], [-120.93444791263326, 38.09765330864963, 0.0], [-120.93521645010492, 38.09862052413835, 0.0], [-120.93531579299554, 38.098842814122044, 0.0], [-120.93456035565568, 38.09915140617228, 0.0], [-120.93368654461587, 38.09951155830376, 0.0], [-120.93361835619761, 38.09952228016594, 0.0], [-120.93358735982873, 38.099551536766896, 0.0], [-120.93354120169448, 38.099583507928195, 0.0], [-120.93346103244528, 38.09961786210098, 0.0], [-120.93341152539163, 38.09963487199491, 0.0], [-120.93335221771827, 38.09959806481898, 0.0], [-120.93327967067425, 38.099629572220834, 0.0], [-120.93321960931435, 38.0996195742599, 0.0], [-120.93318241726496, 38.09960103670912, 0.0], [-120.93314756712353, 38.09963320790689, 0.0], [-120.93295849870566, 38.099650743745094, 0.0], [-120.93236371966448, 38.09987870077585, 0.0], [-120.93229620318603, 38.09986558887943, 0.0]]]]}}, {"type": "Feature", "properties": {"Symb_class": "C", "Crop2016": "Olives", "County": "Calaveras", "Acres": 0.74819648, "SUBCLASS2": "6"}, "geometry": {"type": "MultiPolygon", "coordinates": [[[[-120.88575370767981, 38.14437377694703, 0.0], [-120.88581728055415, 38.144367768987586, 0.0], [-120.88592439477033, 38.14442215004543, 0.0], [-120.88610828440054, 38.144849853172644, 0.0], [-120.88612165223029, 38.14490969920896, 0.0], [-120.88534828631398, 38.14492676708322, 0.0], [-120.88528828064963, 38.1449137650074, 0.0], [-120.88523294532646, 38.14484362624311, 0.0], [-120.88527992811412, 38.14478486601588, 0.0], [-120.88538341493317, 38.144755734919606, 0.0], [-120.88539316704389, 38.14462716275084, 0.0], [-120.88565151802803, 38.14446253629472, 0.0], [-120.88573203582358, 38.14439245997384, 0.0], [-120.88575370767981, 38.14437377694703, 0.0]]]]}}, {"type": "Feature", "properties": {"Symb_class": "P", "Crop2016": "Mixed Pasture", "County": "Calaveras", "Acres": 1.94431885, "SUBCLASS2": "3"}, "geometry": {"type": "MultiPolygon", "coordinates": [[[[-120.50352372893316, 38.03719420672263, 0.0], [-120.50358797284903, 38.03717993032357, 0.0], [-120.50364508144658, 38.037183499777335, 0.0], [-120.50369861834258, 38.037233467867104, 0.0], [-120.50445171916438, 38.03805795128343, 0.0], [-120.50485860658074, 38.038625452902004, 0.0], [-120.50499066701234, 38.03889671068256, 0.0], [-120.50499423601897, 38.03896095790313, 0.0], [-120.50487288170893, 38.03902163287324, 0.0], [-120.50475509910045, 38.039046617002796, 0.0], [-120.50465873232837, 38.03905375714326, 0.0], [-120.50457307077949, 38.03900735612288, 0.0], [-120.50454094792323, 38.03888243390786, 0.0], [-120.50442673342306, 38.038664713986705, 0.0], [-120.50408766072582, 38.038186442187225, 0.0], [-120.50378427899312, 38.037822383923, 0.0], [-120.50351302101498, 38.03753684866374, 0.0], [-120.50341665244625, 38.03738337405431, 0.0], [-120.5033988056165, 38.037308421352776, 0.0], [-120.50340237641974, 38.03725131370623, 0.0], [-120.50352372893316, 38.03719420672263, 0.0]]]]}}, {"type": "Feature", "properties": {"Symb_class": "C", "Crop2016": "Olives", "County": "Calaveras", "Acres": 2.86345697, "SUBCLASS2": "6"}, "geometry": {"type": "MultiPolygon", "coordinates": [[[[-120.71478365055529, 38.05067085877468, 0.0], [-120.71471780494328, 38.050655272789285, 0.0], [-120.71465114186434, 38.05066589712197, 0.0], [-120.71462365341665, 38.050677284022434, 0.0], [-120.71459924978363, 38.05068634501441, 0.0], [-120.71446372724493, 38.05068132464917, 0.0], [-120.71448734125882, 38.05060072287532, 0.0], [-120.71400529629419, 38.05058896033701, 0.0], [-120.71399986328336, 38.05056978077429, 0.0], [-120.71394584668701, 38.05056157783657, 0.0], [-120.71393935456246, 38.05038263811847, 0.0], [-120.7139065067658, 38.050372460818686, 0.0], [-120.71375004090454, 38.050362263710376, 0.0], [-120.71374594099356, 38.05030019466319, 0.0], [-120.71383097911162, 38.0502803918085, 0.0], [-120.71375150156517, 38.05012148986973, 0.0], [-120.71423436040342, 38.05010704267841, 0.0], [-120.7142323113463, 38.050076009114335, 0.0], [-120.71567527428884, 38.05011599197208, 0.0], [-120.71569994831475, 38.05019514977435, 0.0], [-120.71567335099583, 38.05075968531694, 0.0], [-120.71565776522563, 38.050776072047476, 0.0], [-120.71553493857682, 38.05084759285043, 0.0], [-120.71550942372785, 38.0508923968611, 0.0], [-120.71550199016885, 38.050937551709836, 0.0], [-120.715122468131, 38.05092540299057, 0.0], [-120.71509969583856, 38.05088204490668, 0.0], [-120.71500025772647, 38.050880110900536, 0.0], [-120.7149713122114, 38.05084140176408, 0.0], [-120.7147484051551, 38.050834682256, 0.0], [-120.71477688444455, 38.05069456986732, 0.0], [-120.71478365055529, 38.05067085877468, 0.0]]]]}}, {"type": "Feature", "properties": {"Symb_class": "V", "Crop2016": "Grapes", "County": "Calaveras", "Acres": 4.78738021, "SUBCLASS2": "**"}, "geometry": {"type": "MultiPolygon", "coordinates": [[[[-120.47638483907235, 38.15999682810436, 0.0], [-120.47646580063567, 38.15993899902662, 0.0], [-120.47648477574943, 38.15992544374063, 0.0], [-120.47652364944503, 38.15991585876539, 0.0], [-120.47662536658295, 38.159875171696925, 0.0], [-120.47665686241513, 38.1598279290962, 0.0], [-120.47668227216126, 38.15978981375153, 0.0], [-120.47678220883829, 38.15972794920329, 0.0], [-120.47693449483853, 38.159616113280286, 0.0], [-120.47695474106838, 38.159569665143216, 0.0], [-120.47698517688853, 38.15955992684558, 0.0], [-120.47723644824993, 38.15921728302363, 0.0], [-120.47724358985641, 38.159189427695544, 0.0], [-120.47726999942745, 38.159156877294485, 0.0], [-120.47729855237876, 38.15909739117473, 0.0], [-120.47729855237876, 38.15900935103514, 0.0], [-120.47729355684746, 38.15896009690929, 0.0], [-120.47729355594917, 38.158874641829634, 0.0], [-120.47730064904665, 38.15874698030653, 0.0], [-120.47730495197685, 38.15872702176144, 0.0], [-120.4773889723037, 38.158638154747344, 0.0], [-120.47742532263166, 38.158638154747344, 0.0], [-120.47820746688491, 38.159375550190134, 0.0], [-120.47847498697315, 38.15965953331596, 0.0], [-120.47849779968979, 38.15967322003022, 0.0], [-120.47855014811466, 38.159706533751944, 0.0], [-120.47857394268992, 38.15974698429147, 0.0], [-120.47856204630061, 38.15978743410228, 0.0], [-120.47855153960505, 38.15980011567524, 0.0], [-120.47854930729159, 38.15980281035027, 0.0], [-120.4785334933493, 38.159815989181595, 0.0], [-120.47848114492446, 38.15985643966045, 0.0], [-120.47844177625713, 38.159879815150454, 0.0], [-120.47840500192433, 38.15990164870177, 0.0], [-120.4783431349507, 38.15992782409168, 0.0], [-120.47823843899928, 38.15996113487174, 0.0], [-120.47817657382232, 38.15996113628438, 0.0], [-120.47812898377349, 38.15994923806539, 0.0], [-120.47809567244614, 38.15993496231907, 0.0], [-120.47805997878662, 38.15992782267904, 0.0], [-120.47804151930586, 38.15991936219053, 0.0], [-120.47800287288402, 38.15990164870177, 0.0], [-120.47795528373354, 38.159882613653956, 0.0], [-120.47793862806984, 38.15989926905616, 0.0], [-120.47791323808663, 38.159916846929065, 0.0], [-120.47790769368473, 38.159920685157296, 0.0], [-120.4778791398351, 38.15994209983946, 0.0], [-120.47786248506974, 38.15994923806539, 0.0], [-120.4777268556315, 38.15996351522162, 0.0], [-120.4776684929858, 38.15996351522162, 0.0], [-120.4775962244195, 38.1599996499124, 0.0], [-120.47757338026183, 38.16014241771826, 0.0], [-120.47766475060433, 38.160199524762355, 0.0], [-120.4778493121744, 38.160204139235596, 0.0], [-120.47790946426413, 38.16025951783598, 0.0], [-120.47792911041941, 38.16027760418121, 0.0], [-120.47791872140316, 38.16029037325411, 0.0], [-120.47790255442298, 38.160310243786114, 0.0], [-120.47743894109138, 38.160551241716846, 0.0], [-120.47731758767962, 38.16057741687357, 0.0], [-120.4770487093387, 38.160598830656504, 0.0], [-120.47700667806488, 38.16059428825387, 0.0], [-120.47700112018819, 38.160589312871075, 0.0], [-120.47697732471465, 38.16055362204746, 0.0], [-120.47695712609547, 38.16051098091986, 0.0], [-120.47695590977658, 38.16050841199776, 0.0], [-120.47693166424705, 38.16049298221746, 0.0], [-120.47692973466583, 38.16049175532202, 0.0], [-120.47688214731197, 38.16047747826922, 0.0], [-120.47684639436365, 38.160477478975565, 0.0], [-120.47684407491359, 38.16047747826922, 0.0], [-120.47679660523903, 38.160472392690956, 0.0], [-120.47677744956391, 38.16047034009495, 0.0], [-120.47673264788575, 38.16045608493421, 0.0], [-120.47664014656432, 38.16037168333516, 0.0], [-120.47653283292215, 38.16027376385278, 0.0], [-120.4764154392842, 38.16016664989891, 0.0], [-120.47635700028171, 38.16009102204669, 0.0], [-120.47633640999706, 38.160057329905484, 0.0], [-120.47633464390924, 38.160040177986176, 0.0], [-120.47638483907235, 38.15999682810436, 0.0]]]]}}, {"type": "Feature", "properties": {"Symb_class": "P", "Crop2016": "Mixed Pasture", "County": "Calaveras", "Acres": 0.41755107, "SUBCLASS2": "3"}, "geometry": {"type": "MultiPolygon", "coordinates": [[[[-120.51685646598958, 38.40266714709875, 0.0], [-120.51657826493262, 38.40191857472706, 0.0], [-120.5166962137294, 38.40186808630414, 0.0], [-120.51681480841492, 38.40191042328284, 0.0], [-120.51686055512074, 38.40194593017593, 0.0], [-120.51696184286399, 38.40211687087339, 0.0], [-120.51696347959442, 38.40235250422436, 0.0], [-120.51695487732728, 38.40242394628271, 0.0], [-120.51694691825386, 38.40258821424485, 0.0], [-120.51693836359742, 38.40266679581379, 0.0], [-120.51685646598958, 38.40266714709875, 0.0]]]]}}, {"type": "Feature", "properties": {"Symb_class": "V", "Crop2016": "Grapes", "County": "Calaveras", "Acres": 1.5431736, "SUBCLASS2": "**"}, "geometry": {"type": "MultiPolygon", "coordinates": [[[[-120.60815832002764, 38.10100362528863, 0.0], [-120.60815831912934, 38.10037068926862, 0.0], [-120.6092195591616, 38.10038972429018, 0.0], [-120.6092195591616, 38.100975071933995, 0.0], [-120.60918148766154, 38.10098458972013, 0.0], [-120.60913865688711, 38.100975071933995, 0.0], [-120.60907203333404, 38.100951276756284, 0.0], [-120.60903396093569, 38.10096079525244, 0.0], [-120.60897685413478, 38.100975071933995, 0.0], [-120.60815832002764, 38.10100362528863, 0.0]]]]}}, {"type": "Feature", "properties": {"Symb_class": "P", "Crop2016": "Mixed Pasture", "County": "Calaveras", "Acres": 11.58968419, "SUBCLASS2": "3"}, "geometry": {"type": "MultiPolygon", "coordinates": [[[[-120.89912390717852, 38.157739744347296, 0.0], [-120.89913580536444, 38.157692154954326, 0.0], [-120.89912985582234, 38.157525592893904, 0.0], [-120.89910011260328, 38.157466106149734, 0.0], [-120.89870155436621, 38.15743041521012, 0.0], [-120.89867181114717, 38.15733523598936, 0.0], [-120.89873724533076, 38.15726980011471, 0.0], [-120.89881457770034, 38.157251953892676, 0.0], [-120.8989097560013, 38.15722221182779, 0.0], [-120.89894544786416, 38.15717462209707, 0.0], [-120.89892165418725, 38.15699021327482, 0.0], [-120.89883242363175, 38.156930728212984, 0.0], [-120.89867181024884, 38.15687718928487, 0.0], [-120.89865991296122, 38.156657089098665, 0.0], [-120.89864801477529, 38.15619904307913, 0.0], [-120.89867775799435, 38.15615740174709, 0.0], [-120.89874914261839, 38.15612765994212, 0.0], [-120.89951651856838, 38.156139556665536, 0.0], [-120.89961764461488, 38.15621689026523, 0.0], [-120.89965928691818, 38.156288273314885, 0.0], [-120.89971282381416, 38.15750774673447, 0.0], [-120.89966523466367, 38.15788251233983, 0.0], [-120.89966523466367, 38.15799553618433, 0.0], [-120.8997247220001, 38.15809666274508, 0.0], [-120.89976041296465, 38.15826917522063, 0.0], [-120.8997842066416, 38.15848332590296, 0.0], [-120.89983774623254, 38.15947080232617, 0.0], [-120.89979015708204, 38.159536236932, 0.0], [-120.89964144098674, 38.15951244317882, 0.0], [-120.89958790229413, 38.159536236932, 0.0], [-120.8997247220001, 38.15969090178931, 0.0], [-120.89976041296465, 38.1598455677312, 0.0], [-120.89970687517035, 38.15997048886941, 0.0], [-120.8996116977677, 38.16005971872822, 0.0], [-120.89936185382929, 38.16000023193238, 0.0], [-120.8983267889078, 38.159488647298815, 0.0], [-120.89819591784561, 38.159125779827264, 0.0], [-120.89790443429885, 38.15864988930755, 0.0], [-120.89785750630841, 38.1586029588253, 0.0], [-120.89786279289386, 38.158587852149445, 0.0], [-120.89796392073697, 38.15860229768317, 0.0], [-120.89807099722388, 38.15860229909584, 0.0], [-120.89813048276369, 38.15856660800597, 0.0], [-120.89814832779682, 38.15846547927159, 0.0], [-120.8980947909008, 38.15837030069548, 0.0], [-120.89800556214199, 38.15823943074519, 0.0], [-120.89791038204436, 38.15815020077786, 0.0], [-120.89782115328548, 38.15804312467294, 0.0], [-120.89775571820358, 38.157971741222035, 0.0], [-120.8975237201966, 38.15799553618433, 0.0], [-120.89748455814178, 38.15800935812461, 0.0], [-120.89741775941725, 38.15798578072398, 0.0], [-120.89739285003276, 38.15775164080772, 0.0], [-120.89739879777825, 38.15755533624779, 0.0], [-120.89745828511468, 38.1575196439391, 0.0], [-120.89775571730524, 38.15753748868289, 0.0], [-120.89778546142261, 38.15779328193581, 0.0], [-120.89817212416868, 38.15787656270783, 0.0], [-120.89829704389211, 38.157900356994865, 0.0], [-120.89850524822212, 38.157953895878144, 0.0], [-120.89858852833719, 38.15795984479747, 0.0], [-120.89869560482408, 38.15801338222438, 0.0], [-120.898814576802, 38.15804312467294, 0.0], [-120.89892760103443, 38.15804312467294, 0.0], [-120.89901088384441, 38.15799553618433, 0.0], [-120.89905934795398, 38.15797689619747, 0.0], [-120.89906733218025, 38.157864067278204, 0.0], [-120.8990753640172, 38.15775053182771, 0.0], [-120.89912390717852, 38.157739744347296, 0.0]]]]}}, {"type": "Feature", "properties": {"Symb_class": "C", "Crop2016": "Olives", "County": "Calaveras", "Acres": 2.94995789, "SUBCLASS2": "6"}, "geometry": {"type": "MultiPolygon", "coordinates": [[[[-120.51561132195405, 38.097869584840325, 0.0], [-120.51556968234569, 38.09786363597056, 0.0], [-120.51554749665308, 38.09787694616835, 0.0], [-120.51548045089187, 38.09791717295336, 0.0], [-120.51545487585572, 38.09791877133541, 0.0], [-120.51538527169258, 38.097923121818766, 0.0], [-120.5153198393056, 38.09792312323266, 0.0], [-120.51531037914735, 38.09792379764944, 0.0], [-120.51515327368561, 38.09793502025508, 0.0], [-120.51497815340919, 38.09796592323724, 0.0], [-120.51496305362758, 38.09796858767686, 0.0], [-120.51495102159268, 38.09797071201772, 0.0], [-120.51494551222503, 38.09796657927331, 0.0], [-120.51490623518586, 38.09793712197501, 0.0], [-120.51490343244217, 38.09793502025508, 0.0], [-120.51489153515455, 38.097821995282466, 0.0], [-120.5149331747629, 38.09773276566157, 0.0], [-120.51494221181467, 38.097708668272546, 0.0], [-120.5149688684224, 38.09763758704354, 0.0], [-120.51499860984485, 38.09753051121523, 0.0], [-120.5149936179068, 38.097512205010744, 0.0], [-120.51498076391339, 38.09746507614522, 0.0], [-120.51497045394888, 38.0974272689692, 0.0], [-120.51496371838088, 38.09740257270049, 0.0], [-120.5149629188803, 38.09739964101657, 0.0], [-120.51496544584117, 38.09739739365141, 0.0], [-120.51501645667457, 38.09735205185962, 0.0], [-120.515129480907, 38.097363948975016, 0.0], [-120.51520086373442, 38.09731041229388, 0.0], [-120.51520692915922, 38.09730348002249, 0.0], [-120.51532578615279, 38.09716764314179, 0.0], [-120.51558752737878, 38.09709031129577, 0.0], [-120.51563086929464, 38.09710475769305, 0.0], [-120.51567957235608, 38.09712099265487, 0.0], [-120.5158016776577, 38.09716169492184, 0.0], [-120.51600393244561, 38.09732825691603, 0.0], [-120.51609424816594, 38.097461031739726, 0.0], [-120.51662909969623, 38.0982473077416, 0.0], [-120.51669992466985, 38.09835142471747, 0.0], [-120.51667617680701, 38.09836499568416, 0.0], [-120.51667260600377, 38.098367035888636, 0.0], [-120.51661664365649, 38.09839901534445, 0.0], [-120.51638460612364, 38.09847244496297, 0.0], [-120.51616288843681, 38.098542609198795, 0.0], [-120.51614669989708, 38.09854773090543, 0.0], [-120.51609911074658, 38.098476347926365, 0.0], [-120.51595634419341, 38.098244349228146, 0.0], [-120.51587306228176, 38.09811347889401, 0.0], [-120.51580762719983, 38.09807778720109, 0.0], [-120.51576003804932, 38.0980004549043, 0.0], [-120.51573822066602, 38.09794591201315, 0.0], [-120.51573624257578, 38.0979409677052, 0.0], [-120.51567675613765, 38.097869584133385, 0.0], [-120.51561132195405, 38.097869584840325, 0.0]]]]}}, {"type": "Feature", "properties": {"Symb_class": "V", "Crop2016": "Grapes", "County": "Calaveras", "Acres": 0.23415246, "SUBCLASS2": "**"}, "geometry": {"type": "MultiPolygon", "coordinates": [[[[-120.68539429765143, 37.96797482274037, 0.0], [-120.68509308535015, 37.96801462377885, 0.0], [-120.68494633117545, 37.96779648866809, 0.0], [-120.6852949206248, 37.96766121379588, 0.0], [-120.68539429765143, 37.96797482274037, 0.0]]]]}}, {"type": "Feature", "properties": {"Symb_class": "D", "Crop2016": "Walnuts", "County": "Calaveras", "Acres": 13.05172991, "SUBCLASS2": "13"}, "geometry": {"type": "MultiPolygon", "coordinates": [[[[-120.56252515404927, 38.40849493485693, 0.0], [-120.56170341295658, 38.40814172681284, 0.0], [-120.56153522408088, 38.40796399269381, 0.0], [-120.55992273017958, 38.407340721742095, 0.0], [-120.55990657757246, 38.40720988594769, 0.0], [-120.55954113123678, 38.40702116180965, 0.0], [-120.55964443659614, 38.40663985094906, 0.0], [-120.56058228943085, 38.40630227403303, 0.0], [-120.56109868687025, 38.40639508596716, 0.0], [-120.56147768429202, 38.406369523030016, 0.0], [-120.56179700213782, 38.40647514800836, 0.0], [-120.56217734882911, 38.406628093052554, 0.0], [-120.56255670827193, 38.406650129163715, 0.0], [-120.56274006340456, 38.40682779119271, 0.0], [-120.56278610565613, 38.40689898174588, 0.0], [-120.56316546509895, 38.4069210170705, 0.0], [-120.56362048065496, 38.406918894702216, 0.0], [-120.56389403203201, 38.40698902574232, 0.0], [-120.56403143833788, 38.40710739525609, 0.0], [-120.56380609415226, 38.407394069936885, 0.0], [-120.56348956467704, 38.407657368810256, 0.0], [-120.56340018320456, 38.40787200496141, 0.0], [-120.56317483542567, 38.40815868083277, 0.0], [-120.56252515404927, 38.40849493485693, 0.0]]]]}}, {"type": "Feature", "properties": {"Symb_class": "D", "Crop2016": "Walnuts", "County": "Calaveras", "Acres": 75.71841905, "SUBCLASS2": "13"}, "geometry": {"type": "MultiPolygon", "coordinates": [[[[-120.91634561279662, 38.076786884267904, 0.0], [-120.91623002477239, 38.07687424432456, 0.0], [-120.9160746557541, 38.076949179143824, 0.0], [-120.91597148514202, 38.07714295186216, 0.0], [-120.91594567564562, 38.07732796478587, 0.0], [-120.91588726718587, 38.07754175473054, 0.0], [-120.91586952096742, 38.07764076671478, 0.0], [-120.91588265523517, 38.07773335498624, 0.0], [-120.91589922915217, 38.07778123269712, 0.0], [-120.91582144223506, 38.077870739119184, 0.0], [-120.91577829884693, 38.077923708778165, 0.0], [-120.91564562935757, 38.077936644292876, 0.0], [-120.91540126604072, 38.07785916411075, 0.0], [-120.91521339238221, 38.077780930045186, 0.0], [-120.91506178101675, 38.07773914709699, 0.0], [-120.91501045217974, 38.07767283514454, 0.0], [-120.91498731157802, 38.07757866281942, 0.0], [-120.91490413117596, 38.07747498296221, 0.0], [-120.9147990040332, 38.0774308620541, 0.0], [-120.91476682907468, 38.077378896876276, 0.0], [-120.91481599297185, 38.077247685822435, 0.0], [-120.91489183773129, 38.07707059829347, 0.0], [-120.91492249633363, 38.07695423518532, 0.0], [-120.91491936929812, 38.076863231334315, 0.0], [-120.91494152804124, 38.076763301136126, 0.0], [-120.91509075437962, 38.076525002178954, 0.0], [-120.9152305537974, 38.076116199661655, 0.0], [-120.91520116002296, 38.07582360720694, 0.0], [-120.91511325897412, 38.07573263730653, 0.0], [-120.91500859087046, 38.07570097675916, 0.0], [-120.91488952726439, 38.0756452178998, 0.0], [-120.91480966973059, 38.07553650886276, 0.0], [-120.91475945210956, 38.07544620827941, 0.0], [-120.91454308838182, 38.07536487924813, 0.0], [-120.91404642692922, 38.07506399025161, 0.0], [-120.91392359578883, 38.07500816372663, 0.0], [-120.91381325662081, 38.07491083333669, 0.0], [-120.91376117679219, 38.074886065816365, 0.0], [-120.91367476065851, 38.07487558996743, 0.0], [-120.91364914429984, 38.07484831272791, 0.0], [-120.91362052217828, 38.07479415917776, 0.0], [-120.91355438641041, 38.07473337808323, 0.0], [-120.91348782573945, 38.074687489741194, 0.0], [-120.9134051789367, 38.07467708175122, 0.0], [-120.91334187915018, 38.07464913475626, 0.0], [-120.91332041300817, 38.07447589497144, 0.0], [-120.91336881513399, 38.07423809418403, 0.0], [-120.91341760084043, 38.0741404537378, 0.0], [-120.91345977135313, 38.07403629732606, 0.0], [-120.9134798585812, 38.073980255744935, 0.0], [-120.91348270174907, 38.07397232910506, 0.0], [-120.91347496994942, 38.07382280899554, 0.0], [-120.91346593110104, 38.07373340015892, 0.0], [-120.9134772777214, 38.07359948682854, 0.0], [-120.91349505987246, 38.07350443307223, 0.0], [-120.91352656109449, 38.07345730570018, 0.0], [-120.91374346560806, 38.07338665065101, 0.0], [-120.91397641762588, 38.073414629951166, 0.0], [-120.9140326377896, 38.073412048770116, 0.0], [-120.91444452522883, 38.0733931368428, 0.0], [-120.91457565231086, 38.07342228934016, 0.0], [-120.91461944967253, 38.07341310316488, 0.0], [-120.9147197753201, 38.07339206406125, 0.0], [-120.91492325900332, 38.073395674886974, 0.0], [-120.91501301956482, 38.07342111119029, 0.0], [-120.91527721768313, 38.07341089678544, 0.0], [-120.91710180202638, 38.073416438192176, 0.0], [-120.91723686822093, 38.07343969427505, 0.0], [-120.9172153724345, 38.07366581803213, 0.0], [-120.91727919414217, 38.07394113876943, 0.0], [-120.91782593038366, 38.073938909069355, 0.0], [-120.9194395911965, 38.07393769486221, 0.0], [-120.91967053727628, 38.07392009698897, 0.0], [-120.91975697137627, 38.07391351184038, 0.0], [-120.91987191980003, 38.07391483070877, 0.0], [-120.92017955325896, 38.073918362305854, 0.0], [-120.92023562430238, 38.073919005121596, 0.0], [-120.92030505688732, 38.07386360909549, 0.0], [-120.92036594020571, 38.07384382393155, 0.0], [-120.92049362763849, 38.07383782219037, 0.0], [-120.92059622602373, 38.073832997884715, 0.0], [-120.92071186076038, 38.07387676879355, 0.0], [-120.92067325027114, 38.073908869989125, 0.0], [-120.9216541988833, 38.0739173340836, 0.0], [-120.92206569375875, 38.07392087982395, 0.0], [-120.92230387037823, 38.07392293273254, 0.0], [-120.92234488475916, 38.073941338897924, 0.0], [-120.92238864888317, 38.07396097765175, 0.0], [-120.92241042314735, 38.07397538972588, 0.0], [-120.92243305799755, 38.07399037389547, 0.0], [-120.92244600811071, 38.07513147067028, 0.0], [-120.92245879473045, 38.07659801605106, 0.0], [-120.92248170805841, 38.078264933214506, 0.0], [-120.9224789151962, 38.07860472484237, 0.0], [-120.92248360799522, 38.07875859316387, 0.0], [-120.92247213561075, 38.07884422266301, 0.0], [-120.92242920871657, 38.07892214375129, 0.0], [-120.92237011574055, 38.078931827753905, 0.0], [-120.92228881820733, 38.07892681427623, 0.0], [-120.92222149037511, 38.078907741137435, 0.0], [-120.92210985134486, 38.07885569781156, 0.0], [-120.92206965802409, 38.07883710478896, 0.0], [-120.92191360628621, 38.07875566426778, 0.0], [-120.92176065912594, 38.078724347275994, 0.0], [-120.92160811890247, 38.0786787322658, 0.0], [-120.9214482547145, 38.078572187998724, 0.0], [-120.92130054024076, 38.078515929270715, 0.0], [-120.92119291937479, 38.078481836715056, 0.0], [-120.92104007372414, 38.07844694509315, 0.0], [-120.92090029227265, 38.07843016574067, 0.0], [-120.92077377085312, 38.078424348935286, 0.0], [-120.92065720725847, 38.07838652271805, 0.0], [-120.92047905337134, 38.07828680673908, 0.0], [-120.92041284124667, 38.07822841227003, 0.0], [-120.92033265582778, 38.07818407614286, 0.0], [-120.92022915283908, 38.07816436215328, 0.0], [-120.92008565865052, 38.078118905190316, 0.0], [-120.91995195879352, 38.078047319821145, 0.0], [-120.9199474968615, 38.07804493114248, 0.0], [-120.91988179138669, 38.07796866380097, 0.0], [-120.91979408796718, 38.07776593604522, 0.0], [-120.91985241827354, 38.0775702677406, 0.0], [-120.91985596302564, 38.077445156767354, 0.0], [-120.91969167104163, 38.07738860088303, 0.0], [-120.91759503460955, 38.07686864378008, 0.0], [-120.9172003148737, 38.07669474807567, 0.0], [-120.91720166773652, 38.076647088160264, 0.0], [-120.91712028486334, 38.076591998978714, 0.0], [-120.91709115070206, 38.07655571904151, 0.0], [-120.91685734258981, 38.076557532862005, 0.0], [-120.9168239818551, 38.076670194009054, 0.0], [-120.91646603196045, 38.07679498102355, 0.0], [-120.91634561279662, 38.076786884267904, 0.0]]]]}}, {"type": "Feature", "properties": {"Symb_class": "V", "Crop2016": "Grapes", "County": "Calaveras", "Acres": 6.16364215, "SUBCLASS2": "**"}, "geometry": {"type": "MultiPolygon", "coordinates": [[[[-120.4755974756073, 38.15930865613833, 0.0], [-120.47547183992663, 38.15923441606526, 0.0], [-120.47500927133567, 38.15909736009561, 0.0], [-120.47475800177094, 38.15898314494264, 0.0], [-120.474729447023, 38.1588917728327, 0.0], [-120.4745866786732, 38.15883466688347, 0.0], [-120.47455812662022, 38.15869760874973, 0.0], [-120.47458668136815, 38.15856055318381, 0.0], [-120.47456954869905, 38.15839494314832, 0.0], [-120.4745124409998, 38.1581836472833, 0.0], [-120.47430114466854, 38.15789239990246, 0.0], [-120.47432969761986, 38.15766968290059, 0.0], [-120.47606004329992, 38.15819506829614, 0.0], [-120.476385553233, 38.158309281858116, 0.0], [-120.47671677375637, 38.15838923089187, 0.0], [-120.47682527676795, 38.158463469706426, 0.0], [-120.47679672381665, 38.15856055389017, 0.0], [-120.47675674968481, 38.15869189934243, 0.0], [-120.4766939313953, 38.158868930317134, 0.0], [-120.4765740063049, 38.15899456724297, 0.0], [-120.4764312379551, 38.1592058628772, 0.0], [-120.47632273494352, 38.159268680723784, 0.0], [-120.47623136370271, 38.159320076975, 0.0], [-120.47606575299184, 38.15932578703948, 0.0], [-120.47585445755892, 38.15928010086032, 0.0], [-120.47576879601009, 38.159348630118295, 0.0], [-120.47575737572785, 38.15942286866242, 0.0], [-120.47578021808893, 38.159508529350724, 0.0], [-120.47586016814921, 38.159537083126615, 0.0], [-120.47598009323963, 38.15958847918864, 0.0], [-120.47599722411212, 38.15964558666658, 0.0], [-120.47595724998028, 38.159708404840636, 0.0], [-120.47588872199883, 38.15963416517458, 0.0], [-120.47568313535953, 38.15961703434587, 0.0], [-120.4755175246487, 38.159537083126615, 0.0], [-120.47546041784776, 38.15940002631316, 0.0], [-120.4755974756073, 38.15930865613833, 0.0]]]]}}, {"type": "Feature", "properties": {"Symb_class": "V", "Crop2016": "Grapes", "County": "Calaveras", "Acres": 10.85150197, "SUBCLASS2": "**"}, "geometry": {"type": "MultiPolygon", "coordinates": [[[[-120.47681394182571, 38.02871035273146, 0.0], [-120.47669972822386, 38.028753184042536, 0.0], [-120.4765769752369, 38.028777239760124, 0.0], [-120.47655317976334, 38.028776050277386, 0.0], [-120.47547419441098, 38.028565709659325, 0.0], [-120.4754481306913, 38.02852475481159, 0.0], [-120.47545765103668, 38.02847716612437, 0.0], [-120.47551951621367, 38.02842957669862, 0.0], [-120.47561469361634, 38.02842005866823, 0.0], [-120.47565752439078, 38.02839150598485, 0.0], [-120.47564324836428, 38.02834391579588, 0.0], [-120.47569083661645, 38.02829632699119, 0.0], [-120.47572890811652, 38.02824873815559, 0.0], [-120.47572414884215, 38.02822970275417, 0.0], [-120.47498651611122, 38.02809645268321, 0.0], [-120.4749103740094, 38.028039346345544, 0.0], [-120.47482471335886, 38.02792037201219, 0.0], [-120.47473905270833, 38.02778236267565, 0.0], [-120.4748485070358, 38.02746351613594, 0.0], [-120.4749389269607, 38.02716846334265, 0.0], [-120.47498651700953, 38.027135150718884, 0.0], [-120.47544813158963, 38.02706376667624, 0.0], [-120.47550047911616, 38.02703045400489, 0.0], [-120.47558138139067, 38.02697810629944, 0.0], [-120.47605251631616, 38.02668305296648, 0.0], [-120.47608106836914, 38.02664974012202, 0.0], [-120.4760905869179, 38.02659739214455, 0.0], [-120.47612865841795, 38.02657835631407, 0.0], [-120.47660930919723, 38.02667829419181, 0.0], [-120.47672828207347, 38.026683052258846, 0.0], [-120.47777048590655, 38.026892445114854, 0.0], [-120.47779427958346, 38.02695431110355, 0.0], [-120.47778952120741, 38.02703997221581, 0.0], [-120.4777752442826, 38.02713990875625, 0.0], [-120.47759440622939, 38.02724936405172, 0.0], [-120.47753254015409, 38.02731122973903, 0.0], [-120.47750874468052, 38.0274016498696, 0.0], [-120.47753254015409, 38.02746351613594, 0.0], [-120.4776515130303, 38.027611042794646, 0.0], [-120.47766103068075, 38.02769194372257, 0.0], [-120.47756585327807, 38.02797747985783, 0.0], [-120.47752778087968, 38.028001274013796, 0.0], [-120.4774373618531, 38.02802506886964, 0.0], [-120.47733266500337, 38.028148801004825, 0.0], [-120.47727555820244, 38.028253496828256, 0.0], [-120.47726604055201, 38.028372469913, 0.0], [-120.47724224597674, 38.0284581307823, 0.0], [-120.47711851202952, 38.02854379225909, 0.0], [-120.47681394182571, 38.02871035273146, 0.0]]]]}}, {"type": "Feature", "properties": {"Symb_class": "P", "Crop2016": "Mixed Pasture", "County": "Calaveras", "Acres": 8.75623956, "SUBCLASS2": "3"}, "geometry": {"type": "MultiPolygon", "coordinates": [[[[-120.46937591912098, 38.10357362892733, 0.0], [-120.46928945986814, 38.10360947769093, 0.0], [-120.46939319462219, 38.10383742378524, 0.0], [-120.46938200790198, 38.103980275334614, 0.0], [-120.4691293684064, 38.10416214684903, 0.0], [-120.46919050774463, 38.104276155173544, 0.0], [-120.46885552058532, 38.1045071641856, 0.0], [-120.4688031703638, 38.104543264844395, 0.0], [-120.4684593518669, 38.10456475303715, 0.0], [-120.4678882811627, 38.10418404019343, 0.0], [-120.46777406666253, 38.103978453711896, 0.0], [-120.46774361018115, 38.10389469577645, 0.0], [-120.46781213726426, 38.10345306882814, 0.0], [-120.46867255082991, 38.10268402697182, 0.0], [-120.46889336481159, 38.10246321335342, 0.0], [-120.46908372231185, 38.10218148527397, 0.0], [-120.46935022101563, 38.101838842028755, 0.0], [-120.46952535027522, 38.10185407073007, 0.0], [-120.46981850019684, 38.101931801173095, 0.0], [-120.47012782967502, 38.10193655929712, 0.0], [-120.47028011477693, 38.10196511227608, 0.0], [-120.47029439170173, 38.102003184311116, 0.0], [-120.47001361517486, 38.10233154895817, 0.0], [-120.47004216902447, 38.102398175025805, 0.0], [-120.47018017809988, 38.10243624683523, 0.0], [-120.47031342700262, 38.10249335309832, 0.0], [-120.4703467401266, 38.10255046002373, 0.0], [-120.4701468649759, 38.102821717663154, 0.0], [-120.47003265137405, 38.102840754166905, 0.0], [-120.46993271290036, 38.10293117431085, 0.0], [-120.46992319614823, 38.103045388139485, 0.0], [-120.46937591912098, 38.10357362892733, 0.0]]]]}}, {"type": "Feature", "properties": {"Symb_class": "V", "Crop2016": "Grapes", "County": "Calaveras", "Acres": 4.45685225, "SUBCLASS2": "**"}, "geometry": {"type": "MultiPolygon", "coordinates": [[[[-120.4860243639422, 38.158412474764745, 0.0], [-120.48614193814154, 38.15839955420402, 0.0], [-120.48620618385405, 38.15840907227528, 0.0], [-120.48620766876918, 38.15841575929352, 0.0], [-120.4862109422301, 38.15843048810774, 0.0], [-120.48612687429254, 38.15856163319118, 0.0], [-120.48592302679164, 38.15885879072139, 0.0], [-120.48547331039745, 38.159560732072244, 0.0], [-120.48494031029499, 38.16037688617147, 0.0], [-120.48489748041888, 38.160384025061184, 0.0], [-120.48477612610883, 38.16046254785803, 0.0], [-120.48472853785665, 38.16049824013885, 0.0], [-120.4845810111308, 38.160486342007516, 0.0], [-120.48450010885631, 38.16047206495366, 0.0], [-120.48434306537834, 38.16046492677885, 0.0], [-120.48427168165261, 38.16044708133885, 0.0], [-120.48425502598892, 38.16042209700907, 0.0], [-120.48417650335165, 38.15987720029423, 0.0], [-120.48410395361266, 38.15953932787319, 0.0], [-120.48410987890028, 38.15952504003885, 0.0], [-120.48415984589134, 38.159489347987936, 0.0], [-120.48431213189154, 38.15940844730687, 0.0], [-120.4844596586174, 38.15931802717192, 0.0], [-120.48463811793174, 38.15919667477199, 0.0], [-120.48487368584364, 38.15904200886635, 0.0], [-120.48542809998582, 38.15876599234133, 0.0], [-120.48555183213644, 38.15870888629359, 0.0], [-120.48560656019852, 38.15866843376544, 0.0], [-120.48570826116678, 38.1585471742288, 0.0], [-120.48574120957475, 38.15852379195444, 0.0], [-120.48581833084022, 38.15844238516183, 0.0], [-120.48586848198589, 38.1584334703179, 0.0], [-120.48591968326215, 38.15842436687735, 0.0], [-120.48592540732713, 38.15842334973307, 0.0], [-120.4860243639422, 38.158412474764745, 0.0]]]]}}, {"type": "Feature", "properties": {"Symb_class": "V", "Crop2016": "Grapes", "County": "Calaveras", "Acres": 34.08277304, "SUBCLASS2": "**"}, "geometry": {"type": "MultiPolygon", "coordinates": [[[[-120.46467200881499, 38.129344273079425, 0.0], [-120.4645911074388, 38.12932999487626, 0.0], [-120.46448641058906, 38.129301441994656, 0.0], [-120.46436267933677, 38.12924909395618, 0.0], [-120.46430557163754, 38.129206264228806, 0.0], [-120.46431508928796, 38.129168192239746, 0.0], [-120.46430557073923, 38.12912536175836, 0.0], [-120.4642627408631, 38.12912060328552, 0.0], [-120.46421039243826, 38.12912060328552, 0.0], [-120.46418183858862, 38.12912060328552, 0.0], [-120.4641437679869, 38.129096808090075, 0.0], [-120.46410093721244, 38.12903494294825, 0.0], [-120.46405810733634, 38.12892548796592, 0.0], [-120.46401527656188, 38.128835066788334, 0.0], [-120.46397720596016, 38.12874464832535, 0.0], [-120.46376305478294, 38.12856380894342, 0.0], [-120.46353938415868, 38.12843055925526, 0.0], [-120.46329667913183, 38.12822116720437, 0.0], [-120.46304445555626, 38.12803081014479, 0.0], [-120.46292548268, 38.12781189983124, 0.0], [-120.46280651070211, 38.127531123151506, 0.0], [-120.46278271612687, 38.12744546306906, 0.0], [-120.46278271612687, 38.12734552429471, 0.0], [-120.46288265280393, 38.12716468568658, 0.0], [-120.46290644827745, 38.127055230726526, 0.0], [-120.4629159659279, 38.12696481217889, 0.0], [-120.46293024285269, 38.12688866866948, 0.0], [-120.46290168900312, 38.126693552330714, 0.0], [-120.46277795775082, 38.12632235695289, 0.0], [-120.46275416317555, 38.12618434804234, 0.0], [-120.46283506275512, 38.12614151793014, 0.0], [-120.46290644917579, 38.126112965214716, 0.0], [-120.46298259127758, 38.12610820513221, 0.0], [-120.46311584107862, 38.12611296380142, 0.0], [-120.46319674155649, 38.1260082687671, 0.0], [-120.4632062592069, 38.12587977733864, 0.0], [-120.46320626100353, 38.12581315290197, 0.0], [-120.46316818860518, 38.125737008898014, 0.0], [-120.46292072520228, 38.12567990172629, 0.0], [-120.46281126907816, 38.125703698035494, 0.0], [-120.46269705637464, 38.12575604508313, 0.0], [-120.46263994867539, 38.12578459935145, 0.0], [-120.46260187807366, 38.12567990172629, 0.0], [-120.46263994867539, 38.12546575084768, 0.0], [-120.46270181475069, 38.12535629616703, 0.0], [-120.462730367702, 38.125313466275706, 0.0], [-120.46274940300286, 38.12536105417857, 0.0], [-120.46286837677742, 38.12541340288521, 0.0], [-120.46290168900312, 38.125365812896476, 0.0], [-120.46290644827745, 38.125289671252624, 0.0], [-120.46287789442785, 38.1252230448641, 0.0], [-120.4627779568525, 38.12523732316389, 0.0], [-120.46284934057823, 38.125123108700656, 0.0], [-120.46330143930453, 38.12494702898588, 0.0], [-120.4633680637559, 38.12500413531756, 0.0], [-120.46340613525595, 38.125018412246845, 0.0], [-120.46346800133126, 38.12501841295348, 0.0], [-120.46351559138007, 38.125018412246845, 0.0], [-120.46354414343305, 38.124985100349754, 0.0], [-120.46356317873392, 38.12490895689546, 0.0], [-120.46352986830486, 38.124885163153905, 0.0], [-120.46352510723386, 38.12485184978264, 0.0], [-120.4646196603901, 38.12440926973384, 0.0], [-120.46466725043891, 38.124423546779454, 0.0], [-120.46469580428854, 38.124428306265166, 0.0], [-120.46473387489027, 38.124428306265166, 0.0], [-120.46477194459369, 38.1243997528797, 0.0], [-120.46485760524425, 38.12434740415287, 0.0], [-120.46488140071783, 38.12432836830714, 0.0], [-120.46489567764263, 38.12429981488259, 0.0], [-120.46516217814302, 38.124195118661454, 0.0], [-120.46520024874476, 38.124190359867235, 0.0], [-120.46530494469619, 38.124195118661454, 0.0], [-120.4654286768468, 38.12418560107271, 0.0], [-120.465676141148, 38.12408090468778, 0.0], [-120.46601878285185, 38.12464721683163, 0.0], [-120.46601878285185, 38.1247471543532, 0.0], [-120.46600926520142, 38.12477570689611, 0.0], [-120.46595691677655, 38.12481377834932, 0.0], [-120.46541439992197, 38.12503744791265, 0.0], [-120.46538108769629, 38.12506600104872, 0.0], [-120.46532873927143, 38.12508503811543, 0.0], [-120.46526687409444, 38.12511834926024, 0.0], [-120.46523356097045, 38.12514214504585, 0.0], [-120.46522880169606, 38.12520400995337, 0.0], [-120.46527163157218, 38.12541816230639, 0.0], [-120.46527163157218, 38.125480026980014, 0.0], [-120.46515741797033, 38.125579964774865, 0.0], [-120.46510982881983, 38.12559900029426, 0.0], [-120.46508603514289, 38.125656108235944, 0.0], [-120.46509555279334, 38.12568941982691, 0.0], [-120.4651431410455, 38.12570845602439, 0.0], [-120.46519073019601, 38.12572273281594, 0.0], [-120.46526211392175, 38.12573225091098, 0.0], [-120.46533349944411, 38.12573225091098, 0.0], [-120.46543343612116, 38.12571797270794, 0.0], [-120.46581414932508, 38.12555141183982, 0.0], [-120.46591884617482, 38.12554189301458, 0.0], [-120.46606637290068, 38.12550858206297, 0.0], [-120.46620914035213, 38.12546575084768, 0.0], [-120.46628052407789, 38.12544671529355, 0.0], [-120.46634239015317, 38.12544671529355, 0.0], [-120.46648039833029, 38.12565610682264, 0.0], [-120.46652322910472, 38.1258512231075, 0.0], [-120.46659937120653, 38.12643657095322, 0.0], [-120.46656130060475, 38.12713137406217, 0.0], [-120.4664328091798, 38.1275073288513, 0.0], [-120.46640901460457, 38.12765485522504, 0.0], [-120.4663852200293, 38.12765485522504, 0.0], [-120.4663661838301, 38.12760726599082, 0.0], [-120.4663233530557, 38.127583471008776, 0.0], [-120.46629955937874, 38.12757395315509, 0.0], [-120.4662472118522, 38.127602508125676, 0.0], [-120.4662472118522, 38.12765009594973, 0.0], [-120.46628052317958, 38.12772623866489, 0.0], [-120.46629955937874, 38.12776430999274, 0.0], [-120.46634715032586, 38.12780238200734, 0.0], [-120.4663566661797, 38.12786424819376, 0.0], [-120.46636618472844, 38.12794514923538, 0.0], [-120.46635190780363, 38.12814026505539, 0.0], [-120.46631383630356, 38.128173578339336, 0.0], [-120.4662472118522, 38.128206890194825, 0.0], [-120.46619010505127, 38.128206890194825, 0.0], [-120.4661567928256, 38.12819261318244, 0.0], [-120.4660901665776, 38.12820213095546, 0.0], [-120.46603781905107, 38.12826399680309, 0.0], [-120.46591884617482, 38.1283782120055, 0.0], [-120.46584746244909, 38.128416282286665, 0.0], [-120.46577607782503, 38.12844483622111, 0.0], [-120.46573324794893, 38.12847339014437, 0.0], [-120.46573324794893, 38.128501943349875, 0.0], [-120.46573324794893, 38.12856380894342, 0.0], [-120.465676141148, 38.12863043369623, 0.0], [-120.46566186422318, 38.12865422904371, 0.0], [-120.46566186422318, 38.12873513132972, 0.0], [-120.46570469409929, 38.12877320071809, 0.0], [-120.465709454272, 38.12884934508832, 0.0], [-120.46557144429825, 38.12911108492562, 0.0], [-120.46553813297088, 38.129168192239746, 0.0], [-120.46549530219647, 38.12924909395618, 0.0], [-120.46546674924515, 38.12929192365838, 0.0], [-120.46538584607234, 38.129325237123396, 0.0], [-120.46526211482006, 38.129344273079425, 0.0], [-120.46520024784644, 38.129349030831044, 0.0], [-120.46509079441728, 38.12932999487626, 0.0], [-120.46492899076664, 38.12934903224433, 0.0], [-120.46486236631524, 38.129372825944266, 0.0], [-120.46475290929283, 38.12935378999564, 0.0], [-120.46467200881499, 38.129344273079425, 0.0]]]]}}, {"type": "Feature", "properties": {"Symb_class": "V", "Crop2016": "Grapes", "County": "Calaveras", "Acres": 3.14997916, "SUBCLASS2": "**"}, "geometry": {"type": "MultiPolygon", "coordinates": [[[[-120.92200416994156, 38.168519038810004, 0.0], [-120.92206841655238, 38.16851547082289, 0.0], [-120.92201487696146, 38.17017514510995, 0.0], [-120.9219149402844, 38.17033932721751, 0.0], [-120.92167223525757, 38.170546339864835, 0.0], [-120.92153660671768, 38.17057489426136, 0.0], [-120.92136171640993, 38.17057132496244, 0.0], [-120.9212939007925, 38.17054634127727, 0.0], [-120.92126891684782, 38.17047138734552, 0.0], [-120.92133673066863, 38.16894734289703, 0.0], [-120.92138670035462, 38.168847405172244, 0.0], [-120.92143309923735, 38.16880457467685, 0.0], [-120.92157586668884, 38.16875103669872, 0.0], [-120.92169722010057, 38.168686791214355, 0.0], [-120.92181500270902, 38.168611838901626, 0.0], [-120.92189709435297, 38.16856543887061, 0.0], [-120.92200416994156, 38.168519038810004, 0.0]]]]}}, {"type": "Feature", "properties": {"Symb_class": "V", "Crop2016": "Grapes", "County": "Calaveras", "Acres": 2.18942745, "SUBCLASS2": "**"}, "geometry": {"type": "MultiPolygon", "coordinates": [[[[-120.48389038903532, 38.154801100238, 0.0], [-120.4839751648453, 38.154775195672556, 0.0], [-120.48400781591096, 38.154789345986075, 0.0], [-120.48456996275114, 38.15565487416157, 0.0], [-120.48462350234207, 38.15572625776136, 0.0], [-120.48462668327649, 38.15573849714272, 0.0], [-120.4846145766814, 38.15576195024144, 0.0], [-120.48419628964407, 38.155919245872575, 0.0], [-120.48367171573895, 38.156130767274334, 0.0], [-120.4836565252275, 38.15612222087422, 0.0], [-120.48360220679723, 38.15609166672624, 0.0], [-120.48351441893608, 38.15601738382095, 0.0], [-120.4834505666857, 38.15594213098826, 0.0], [-120.48341614593897, 38.155863296756756, 0.0], [-120.48345350417667, 38.15573565609762, 0.0], [-120.4835069728007, 38.15560583321502, 0.0], [-120.4835408455751, 38.15548236397782, 0.0], [-120.48367766438275, 38.155131393942895, 0.0], [-120.48371425186598, 38.155089177005884, 0.0], [-120.48371633056755, 38.1550867781309, 0.0], [-120.48374607378662, 38.15502134306425, 0.0], [-120.48376152480951, 38.15495291993539, 0.0], [-120.48376689493826, 38.154929138814325, 0.0], [-120.48380556112305, 38.15485478126089, 0.0], [-120.48384125298591, 38.15481611516189, 0.0], [-120.48389038903532, 38.154801100238, 0.0]]]]}}, {"type": "Feature", "properties": {"Symb_class": "V", "Crop2016": "Grapes", "County": "Calaveras", "Acres": 7.04597379, "SUBCLASS2": "**"}, "geometry": {"type": "MultiPolygon", "coordinates": [[[[-120.49829573879549, 38.10784738885471, 0.0], [-120.49798878985278, 38.10766179085645, 0.0], [-120.49792097423538, 38.1077367443044, 0.0], [-120.49786386743445, 38.1077117603015, 0.0], [-120.49757833163318, 38.10754400691338, 0.0], [-120.49748910197599, 38.10761182208402, 0.0], [-120.49693944710815, 38.1072763179978, 0.0], [-120.49716073719694, 38.10706573573853, 0.0], [-120.497335625708, 38.1068551542859, 0.0], [-120.49729993474348, 38.10682659968376, 0.0], [-120.49705009080509, 38.1066552789048, 0.0], [-120.49734276461957, 38.10634832805322, 0.0], [-120.49738559629233, 38.1063590361888, 0.0], [-120.49743556328337, 38.10640186730173, 0.0], [-120.49748196396274, 38.1064090036976, 0.0], [-120.49750694790743, 38.10640186588805, 0.0], [-120.49754263977032, 38.10637331322923, 0.0], [-120.49757476442318, 38.10635189766756, 0.0], [-120.49760331557786, 38.106351896960696, 0.0], [-120.49764971625723, 38.10636617400252, 0.0], [-120.49766756308698, 38.106369744322805, 0.0], [-120.49770325405153, 38.1063340510079, 0.0], [-120.49776392985908, 38.10631620575761, 0.0], [-120.49788885227741, 38.10618414469104, 0.0], [-120.4979245441403, 38.1062019906804, 0.0], [-120.49794595907835, 38.106230544819915, 0.0], [-120.49799949687265, 38.106198421765654, 0.0], [-120.49803161883058, 38.106148452699145, 0.0], [-120.49808515842152, 38.106148452699145, 0.0], [-120.49814583422906, 38.10618771572709, 0.0], [-120.49817438718038, 38.10619485285068, 0.0], [-120.49821364804987, 38.106152022323194, 0.0], [-120.4982564788243, 38.10614845411282, 0.0], [-120.49832072363846, 38.10618414469104, 0.0], [-120.49837069242615, 38.10621269813061, 0.0], [-120.49839210736421, 38.106226975906516, 0.0], [-120.49847419810982, 38.106152023030056, 0.0], [-120.50004464366931, 38.10705859799315, 0.0], [-120.50000895180642, 38.107133549939476, 0.0], [-120.49990187621783, 38.10725490270078, 0.0], [-120.49985547643676, 38.107269180273, 0.0], [-120.49976624588128, 38.10723705696863, 0.0], [-120.49972341600517, 38.10721207279482, 0.0], [-120.49965560128605, 38.107283457135566, 0.0], [-120.49961277140993, 38.10726561070353, 0.0], [-120.49953067976602, 38.107215641660105, 0.0], [-120.49950212591641, 38.107265609996674, 0.0], [-120.49938791231453, 38.1072334881044, 0.0], [-120.49933080461531, 38.10727988685994, 0.0], [-120.4992522828763, 38.10726561070353, 0.0], [-120.49920231408863, 38.10724062583264, 0.0], [-120.49905240862392, 38.10737982482466, 0.0], [-120.49886681039801, 38.1072798882736, 0.0], [-120.49885610337815, 38.10728702599736, 0.0], [-120.49829573879549, 38.10784738885471, 0.0]]]]}}, {"type": "Feature", "properties": {"Symb_class": "V", "Crop2016": "Grapes", "County": "Calaveras", "Acres": 0.87894958, "SUBCLASS2": "**"}, "geometry": {"type": "MultiPolygon", "coordinates": [[[[-120.49660037261427, 38.1065946027581, 0.0], [-120.49719642816147, 38.106409005111274, 0.0], [-120.49717501412175, 38.106433988852864, 0.0], [-120.49711433741588, 38.10650180434706, 0.0], [-120.49703938378521, 38.10656604876093, 0.0], [-120.49701082993556, 38.10663029382517, 0.0], [-120.49698941499751, 38.10674094005134, 0.0], [-120.49699655301077, 38.10684444622305, 0.0], [-120.49699298400415, 38.10690512216218, 0.0], [-120.49696086114788, 38.10695152183314, 0.0], [-120.49693944620985, 38.106980075679644, 0.0], [-120.49695015412802, 38.107026475302995, 0.0], [-120.49693587720321, 38.107087151090944, 0.0], [-120.4968930473271, 38.10717638130514, 0.0], [-120.49687163238906, 38.107222780097, 0.0], [-120.49681452558812, 38.10724419611023, 0.0], [-120.49677169481369, 38.107269180273, 0.0], [-120.49667175813663, 38.10728702599736, 0.0], [-120.4966289273622, 38.10727274913549, 0.0], [-120.49659680360763, 38.10724776497394, 0.0], [-120.49655754273816, 38.107215641660105, 0.0], [-120.49654326581333, 38.107158536260606, 0.0], [-120.49650400494386, 38.10710856502341, 0.0], [-120.49645403705449, 38.107069305317815, 0.0], [-120.49641120628006, 38.10696222988036, 0.0], [-120.49639336034862, 38.1068944148135, 0.0], [-120.49639692935524, 38.10679804719095, 0.0], [-120.49642905310981, 38.106758785197876, 0.0], [-120.49650043593725, 38.106676693670686, 0.0], [-120.49660037261427, 38.1065946027581, 0.0]]]]}}, {"type": "Feature", "properties": {"Symb_class": "V", "Crop2016": "Grapes", "County": "Calaveras", "Acres": 3.86809416, "SUBCLASS2": "**"}, "geometry": {"type": "MultiPolygon", "coordinates": [[[[-120.4715647047349, 38.10498277591019, 0.0], [-120.4722081131757, 38.10470485626674, 0.0], [-120.47241750507852, 38.10460967683384, 0.0], [-120.47279821918079, 38.104503077757606, 0.0], [-120.47291243188431, 38.10449546332994, 0.0], [-120.47304948964383, 38.10449546332994, 0.0], [-120.47317893328302, 38.10450688426424, 0.0], [-120.47338832608418, 38.10451450010443, 0.0], [-120.47392513234851, 38.10456018523276, 0.0], [-120.47430203759396, 38.104579221283544, 0.0], [-120.47449620305272, 38.1046134840418, 0.0], [-120.4746066095944, 38.10464774819774, 0.0], [-120.47475508763615, 38.104651556110596, 0.0], [-120.4748883383355, 38.10471246996565, 0.0], [-120.47498732279836, 38.10478099816862, 0.0], [-120.4750825010993, 38.104864755794885, 0.0], [-120.47509773023832, 38.10497135575716, 0.0], [-120.47506727285861, 38.10503227005246, 0.0], [-120.47492260277538, 38.105074146966395, 0.0], [-120.4735558394268, 38.104978970135235, 0.0], [-120.47342258962574, 38.10493709175299, 0.0], [-120.47327791774586, 38.10494470613463, 0.0], [-120.47303806756503, 38.10499800466315, 0.0], [-120.47296192725985, 38.105017041306695, 0.0], [-120.47284009684269, 38.10504749667448, 0.0], [-120.47285913214357, 38.10508937711401, 0.0], [-120.47176648611065, 38.105344455107115, 0.0], [-120.47170557135124, 38.10533303289, 0.0], [-120.4715647047349, 38.10498277591019, 0.0]]]]}}, {"type": "Feature", "properties": {"Symb_class": "C", "Crop2016": "Olives", "County": "Calaveras", "Acres": 0.57885545, "SUBCLASS2": "6"}, "geometry": {"type": "MultiPolygon", "coordinates": [[[[-120.88688733305933, 38.14008228432071, 0.0], [-120.88690226216106, 38.13987870228467, 0.0], [-120.88677533110972, 38.1398835688617, 0.0], [-120.88667514380272, 38.13990322522305, 0.0], [-120.88663358504273, 38.139931087210705, 0.0], [-120.88642024773915, 38.13994870592929, 0.0], [-120.88627480061321, 38.139967544112594, 0.0], [-120.88653763778386, 38.139646830143384, 0.0], [-120.88724840639624, 38.139652469681906, 0.0], [-120.8872346118667, 38.139816731823885, 0.0], [-120.88709410277987, 38.139821356065134, 0.0], [-120.88709574130695, 38.13992152292313, 0.0], [-120.88715663001523, 38.14000845071317, 0.0], [-120.88710612223835, 38.14003257724554, 0.0], [-120.88699163375203, 38.14007700797078, 0.0], [-120.88688733305933, 38.14008228432071, 0.0]]]]}}]}